abstraction,batch_size,calib_combo_accuracy,calib_combo_accuracy_far,calib_combo_accuracy_middle,calib_combo_accuracy_near,calib_combo_brier_skill,calib_combo_brier_skill_far,calib_combo_brier_skill_middle,calib_combo_brier_skill_near,calib_combo_confidence,capacity,causal_normalized,causal_random,causal_source_to_target,causal_target_to_target,causal_valid,compression,config_id,difficulty,elapsed_seconds,embedding_participation_rank,embedding_rank_axis_cosine,embedding_rank_axis_cosine_min,family,held_pair_accuracy,held_pair_accuracy_far,held_pair_accuracy_gap,held_pair_accuracy_middle,held_pair_accuracy_near,held_pair_brier_skill,held_pair_brier_skill_far,held_pair_brier_skill_gap,held_pair_brier_skill_middle,held_pair_brier_skill_near,held_pair_confidence,invariant_weight,latent_weight,layers,learning_rate,loss,loss_binary,loss_invariant,loss_latent,loss_mapping,loss_representation,mapping_weight,mastery_held_pair_accuracy,mastery_held_pair_brier_skill,mastery_held_pair_confidence,mastery_step,mastery_test_both_accuracy,mastery_test_both_brier_skill,mastery_test_both_confidence,mastery_test_combo_accuracy,mastery_test_combo_brier_skill,mastery_test_combo_confidence,paired_hidden_cosine,paired_prediction_disagreement,paired_probability_gap,parameter_count,parameter_l2,parameter_rms,probe_source_r2,probe_source_sign_accuracy,probe_target_r2,probe_target_sign_accuracy,representation_weight,seed,source_accuracy,source_accuracy_far,source_accuracy_middle,source_accuracy_near,source_all_accuracy,source_all_accuracy_far,source_all_accuracy_middle,source_all_accuracy_near,source_all_brier_skill,source_all_brier_skill_far,source_all_brier_skill_middle,source_all_brier_skill_near,source_all_confidence,source_brier_skill,source_brier_skill_far,source_brier_skill_middle,source_brier_skill_near,source_confidence,step,steps,task_name,test_both_accuracy,test_both_accuracy_far,test_both_accuracy_gap,test_both_accuracy_middle,test_both_accuracy_near,test_both_brier_skill,test_both_brier_skill_far,test_both_brier_skill_gap,test_both_brier_skill_middle,test_both_brier_skill_near,test_both_confidence,test_combo_accuracy,test_combo_accuracy_far,test_combo_accuracy_gap,test_combo_accuracy_middle,test_combo_accuracy_near,test_combo_brier_skill,test_combo_brier_skill_far,test_combo_brier_skill_gap,test_combo_brier_skill_middle,test_combo_brier_skill_near,test_combo_confidence,test_combo_minus_calib_accuracy,train_dists,weight_decay,width
concrete,256,0.568,0.5784469096671949,0.5810055865921788,0.5210526315789473,-0.6892558336257935,-0.6416974067687988,-0.6379942297935486,-0.8954936861991882,0.9897805452346802,moderate,nan,0.4462890625,0.5859375,0.578125,0.0,none,v3_t-differences_c-none_d-easy_a-concrete_p-moderate_s-00,easy,76.96441006660461,28.697139739990234,0.05215747308260091,-0.1580294811415946,transformer,0.969,1.0,-0.031000000000000028,0.993920972644377,0.8356164383561644,0.8834261298179626,1.0,-0.11657387018203735,0.9843651652336121,0.37533172965049744,0.9962470531463623,1.0,1.0,2,0.001,6.79675480341757e-08,6.79675480341757e-08,0.0,0.0,0.0,0.0,1.0,0.939,0.7946878671646118,0.984245777130127,400,0.6025,-0.4469474256038666,0.9486370086669922,0.593,-0.44952520728111267,0.9438502192497253,0.40237316489219666,0.333984375,0.33324843645095825,105345.0,72.1966178199227,0.2224384647765329,0.9628866582164057,1.0,0.010299668653166671,0.579,0.1,0,1.0,1.0,,,0.978,1.0,1.0,0.8757062146892656,0.912551999092102,1.0,0.9997331500053406,0.5062452554702759,0.9982760548591614,1.0,1.0,,,0.9999998807907104,10000,10000,differences,0.677,0.7352281226626777,-0.32299999999999995,0.6327160493827161,0.4896755162241888,-0.2583639323711395,-0.02708728425204754,-1.2583639323711395,-0.420087993144989,-1.0159399509429932,0.9891848564147949,0.6725,0.7364813404417365,-0.3275,0.6099706744868035,0.4913294797687861,-0.2768523097038269,-0.02631261758506298,-1.276852309703827,-0.5468804836273193,-0.9614735841751099,0.9878661632537842,0.10450000000000004,"[7, 8, 9, 10, 11, 12, 13, 14, 15, 16, 17]",0.0,64
concrete,256,0.361,0.3153724247226624,0.40782122905027934,0.46842105263157896,-1.478906512260437,-1.6734858751296997,-1.2656790018081665,-1.0335808992385864,0.9710789918899536,moderate,nan,0.595703125,0.30859375,0.296875,0.0,none,v3_t-differences_c-none_d-easy_a-concrete_p-moderate_s-01,easy,83.51578545570374,29.467145919799805,0.05408507272724703,-0.1633412884660374,transformer,0.9555,1.0,-0.044499999999999984,1.0,0.7561643835616438,0.8279247879981995,1.0,-0.17207521200180054,0.9999961256980896,0.05712602660059929,0.9981675744056702,1.0,1.0,2,0.001,5.7360288963081985e-08,5.7360288963081985e-08,0.0,0.0,0.0,0.0,1.0,0.939,0.7826195359230042,0.9820837378501892,400,0.2585,-1.774550199508667,0.9441447854042053,0.257,-1.73708975315094,0.9390386343002319,0.43823716044425964,0.408203125,0.4066334366798401,105345.0,72.86099836822005,0.22448542755198128,0.9686592203428683,1.0,-0.1397909881620787,0.512,0.1,1,1.0,1.0,,,0.959,1.0,0.995,0.7740112994350282,0.8447954058647156,1.0,0.9837219715118408,0.14153124392032623,0.9976335167884827,1.0,1.0,,,0.9999998807907104,10000,10000,differences,0.3345,0.2617801047120419,-0.6655,0.4537037037037037,0.5073746312684366,-1.6045036315917969,-1.902298092842102,-2.604503631591797,-1.1258355379104614,-0.8875051736831665,0.9820287823677063,0.3465,0.27722772277227725,-0.6535,0.4574780058651026,0.5,-1.561034083366394,-1.83537757396698,-2.561034083366394,-1.1261522769927979,-0.9485528469085693,0.9781387448310852,-0.014500000000000013,"[7, 8, 9, 10, 11, 12, 13, 14, 15, 16, 17]",0.0,64
concrete,256,0.235,0.15213946117274169,0.33519553072625696,0.41578947368421054,-1.998670220375061,-2.3349361419677734,-1.596572756767273,-1.2607307434082031,0.981623649597168,moderate,nan,0.7255859375,0.234375,0.234375,0.0,none,v3_t-differences_c-none_d-easy_a-concrete_p-moderate_s-02,easy,94.7860541343689,28.726926803588867,0.07555733613023878,-0.13365068716078748,transformer,0.955,1.0,-0.04500000000000004,0.9665653495440729,0.7835616438356164,0.8306581974029541,1.0,-0.1693418025970459,0.9024577736854553,0.1600215584039688,0.9961881637573242,1.0,1.0,2,0.001,6.7988814578257e-08,6.7988814578257e-08,0.0,0.0,0.0,0.0,1.0,0.931,0.7664936780929565,0.9805755615234375,400,0.453,-1.027349591255188,0.941908597946167,0.421,-1.1352851390838623,0.9421848058700562,0.5504469275474548,0.30078125,0.3066513240337372,105345.0,72.14037414000914,0.22226517746486743,0.9756965516860143,1.0,-0.8250930942740347,0.268,0.1,2,1.0,1.0,,,0.968,1.0,0.99,0.8305084745762712,0.8811705112457275,1.0,0.9600155353546143,0.37382739782333374,0.9968506693840027,1.0,1.0,,,0.9999999403953552,10000,10000,differences,0.4535,0.4472700074794316,-0.5465,0.42592592592592593,0.504424778761062,-1.1508402824401855,-1.1885520219802856,-2.1508402824401855,-1.2348672151565552,-0.921798825263977,0.9842933416366577,0.4275,0.39756283320639757,-0.5725,0.5073313782991202,0.4624277456647399,-1.2308403253555298,-1.361498475074768,-2.23084032535553,-0.8929458856582642,-1.0680311918258667,0.9817420840263367,0.1925,"[7, 8, 9, 10, 11, 12, 13, 14, 15, 16, 17]",0.0,64
concrete,256,0.626,0.6545166402535658,0.6145251396648045,0.5421052631578948,-0.45303693413734436,-0.33298373222351074,-0.48341915011405945,-0.823116660118103,0.973461925983429,moderate,nan,0.375,0.625,0.66015625,0.0,none,v3_t-differences_c-none_d-easy_a-concrete_p-moderate_s-03,easy,91.24528050422668,29.173412322998047,0.09798013696823057,-0.1020047181794948,transformer,0.957,1.0,-0.04300000000000004,0.9848024316109423,0.7780821917808219,0.8369449377059937,1.0,-0.16305506229400635,0.9442001581192017,0.1568441540002823,0.997314453125,1.0,1.0,2,0.001,3.6702491712503615e-08,3.6702491712503615e-08,0.0,0.0,0.0,0.0,1.0,0.9415,0.7912776470184326,0.9870970845222473,400,0.3615,-1.45589017868042,0.9696481227874756,0.3625,-1.4358956813812256,0.9645675420761108,0.5021916627883911,0.376953125,0.37616294622421265,105345.0,72.97443585395858,0.22483492952226367,0.9642571890635244,1.0,-0.2531555567740573,0.525,0.1,3,1.0,1.0,,,0.965,1.0,0.98,0.8248587570621468,0.8637039661407471,1.0,0.919205904006958,0.3212588429450989,0.9979429841041565,1.0,1.0,,,1.0,10000,10000,differences,0.859,0.9409124906507106,-0.14100000000000001,0.7623456790123457,0.6283185840707964,0.4661639928817749,0.7784729599952698,-0.5338360071182251,0.0973556786775589,-0.4130781590938568,0.9874237775802612,0.86,0.9482102056359482,-0.14,0.7653958944281525,0.6184971098265896,0.4661938548088074,0.806292712688446,-0.5338061451911926,0.1285068839788437,-0.4916055500507355,0.9856590628623962,0.23399999999999999,"[7, 8, 9, 10, 11, 12, 13, 14, 15, 16, 17]",0.0,64
concrete,256,0.491,0.45800316957210774,0.5307262569832403,0.5631578947368421,-0.9921955466270447,-1.1329152584075928,-0.810643196105957,-0.6958994269371033,0.983809769153595,moderate,nan,0.5185546875,0.4765625,0.4609375,0.0,none,v3_t-differences_c-none_d-easy_a-concrete_p-moderate_s-04,easy,77.46485376358032,29.603919982910156,0.08334726752478157,-0.16718883301732493,transformer,0.957,1.0,-0.04300000000000004,0.9726443768996961,0.7890410958904109,0.8345798254013062,1.0,-0.16542017459869385,0.8951696157455444,0.1880791187286377,0.9971991181373596,1.0,1.0,2,0.001,8.310051669013774e-08,8.310051669013774e-08,0.0,0.0,0.0,0.0,1.0,0.9385,0.7772377729415894,0.9866248965263367,400,0.2615,-1.711670160293579,0.9386785626411438,0.255,-1.7596278190612793,0.9405063390731812,0.33027973771095276,0.392578125,0.39589354395866394,105345.0,72.64719526351482,0.22382669815701556,0.9688273225948102,1.0,-0.7375468514877352,0.494,0.1,4,1.0,1.0,,,0.97,1.0,0.985,0.847457627118644,0.8856099843978882,1.0,0.9347895979881287,0.42741307616233826,0.9979349374771118,1.0,1.0,,,0.9999998807907104,10000,10000,differences,0.4765,0.47718773373223633,-0.5235000000000001,0.4783950617283951,0.471976401179941,-1.0505850315093994,-1.0474804639816284,-2.0505850315093994,-1.0422638654708862,-1.0707825422286987,0.9816225171089172,0.446,0.4325971058644326,-0.554,0.4310850439882698,0.5115606936416185,-1.1530251502990723,-1.2123596668243408,-2.1530251502990723,-1.1798244714736938,-0.9014508128166199,0.9807525873184204,-0.044999999999999984,"[7, 8, 9, 10, 11, 12, 13, 14, 15, 16, 17]",0.0,64
concrete,256,0.285,0.22979397781299524,0.35195530726256985,0.4052631578947368,-1.8203375339508057,-2.0418076515197754,-1.555229663848877,-1.3345835208892822,0.9850283265113831,moderate,nan,0.7470703125,0.265625,0.25,0.0,none,v3_t-differences_c-none_d-easy_a-concrete_p-moderate_s-05,easy,83.3869149684906,29.03694725036621,0.057281110557503775,-0.14465179839937092,transformer,0.9615,1.0,-0.03849999999999998,0.9817629179331308,0.8054794520547945,0.8578341007232666,1.0,-0.1421658992767334,0.9417707920074463,0.2734948694705963,0.9953302145004272,1.0,1.0,2,0.001,8.262292539029659e-08,8.262292539029659e-08,0.0,0.0,0.0,0.0,1.0,0.936,0.7865105271339417,0.9839239716529846,400,0.1405,-2.298708200454712,0.9594140648841858,0.138,-2.302023410797119,0.9575311541557312,0.3040764033794403,0.431640625,0.43436282873153687,105345.0,71.20093307865218,0.21937075063787256,0.9714207396178567,1.0,-0.91825858147543,0.296,0.1,5,1.0,1.0,,,0.963,1.0,0.995,0.7966101694915254,0.8661312460899353,1.0,0.9902976751327515,0.2546422481536865,0.9952661991119385,1.0,1.0,,,0.9999998807907104,10000,10000,differences,0.331,0.2819745699326851,-0.669,0.404320987654321,0.45427728613569324,-1.5915942192077637,-1.800818920135498,-2.5915942192077637,-1.3014551401138306,-1.043723702430725,0.9736021757125854,0.282,0.22696115765422697,-0.718,0.3519061583577713,0.42196531791907516,-1.7910254001617432,-2.0211822986602783,-2.791025400161743,-1.492162823677063,-1.2121706008911133,0.9742054343223572,-0.0030000000000000027,"[7, 8, 9, 10, 11, 12, 13, 14, 15, 16, 17]",0.0,64
concrete,256,0.148,0.058637083993660855,0.1787709497206704,0.41578947368421054,-2.407999038696289,-2.7645301818847656,-2.2843081951141357,-1.3404706716537476,0.9978964328765869,tight,nan,0.859375,0.17578125,0.17578125,0.0,none,v3_t-differences_c-none_d-easy_a-concrete_p-tight_s-00,easy,86.41024208068848,19.86320686340332,0.015408029408401025,-0.5084196131191904,transformer,0.9585,1.0,-0.04149999999999998,0.9756838905775076,0.7945205479452054,0.8391320109367371,1.0,-0.16086798906326294,0.9038146138191223,0.20523019134998322,0.9980010390281677,1.0,1.0,2,0.001,9.945006951284086e-08,9.945006951284086e-08,0.0,0.0,0.0,0.0,1.0,0.924,0.7263107895851135,0.9824480414390564,400,0.073,-2.6470093727111816,0.9882251024246216,0.0725,-2.6586523056030273,0.9902309775352478,0.6036093235015869,0.2109375,0.2088668942451477,28097.0,51.94308627234399,0.3098830162664179,0.9548595520293715,1.0,-3.087590343543461,0.153,0.1,0,1.0,1.0,,,0.961,1.0,0.975,0.807909604519774,0.8450931310653687,1.0,0.9001765251159668,0.2376149296760559,0.9983159303665161,1.0,1.0,,,0.9999998807907104,10000,10000,differences,0.062,0.0029917726252804786,-0.938,0.09567901234567901,0.26253687315634217,-2.743696928024292,-2.9872331619262695,-3.743696928024292,-2.6009418964385986,-1.919639229774475,0.9973117113113403,0.066,0.005331302361005331,-0.9339999999999999,0.07624633431085044,0.2861271676300578,-2.726984977722168,-2.978581428527832,-3.726984977722168,-2.679994583129883,-1.8185373544692993,0.9972859025001526,-0.08199999999999999,"[7, 8, 9, 10, 11, 12, 13, 14, 15, 16, 17]",0.0,32
concrete,256,0.084,0.009508716323296355,0.1005586592178771,0.3157894736842105,-2.644956111907959,-2.957127094268799,-2.562953472137451,-1.6854755878448486,0.9963219165802002,tight,nan,0.876953125,0.07421875,0.078125,0.0,none,v3_t-differences_c-none_d-easy_a-concrete_p-tight_s-01,easy,91.28791356086731,20.175397872924805,0.013443854783442474,-0.23149255359163648,transformer,0.953,1.0,-0.04700000000000004,0.9665653495440729,0.7726027397260274,0.8232839107513428,1.0,-0.17671608924865723,0.8854925036430359,0.13490618765354156,0.9972535371780396,1.0,1.0,2,0.001,1.707874730527692e-07,1.707874730527692e-07,0.0,0.0,0.0,0.0,1.0,0.8975,0.6502247452735901,0.969227135181427,400,0.115,-2.4174091815948486,0.975744366645813,0.127,-2.377501964569092,0.9744399785995483,0.7506990432739258,0.123046875,0.12732979655265808,28097.0,53.07558659488988,0.31663930745083413,0.9649543483238292,1.0,-2.7851005086349034,0.091,0.1,1,1.0,1.0,,,0.969,1.0,0.98,0.847457627118644,0.8890793323516846,1.0,0.9261277914047241,0.45680099725723267,0.9974493384361267,1.0,1.0,,,0.9999997615814209,10000,10000,differences,0.1215,0.039640987284966345,-0.8785000000000001,0.1728395061728395,0.3952802359882006,-2.507714033126831,-2.8393237590789795,-3.507714033126831,-2.2991833686828613,-1.3991659879684448,0.997416079044342,0.1475,0.06626047220106626,-0.8525,0.19941348973607037,0.4046242774566474,-2.3973278999328613,-2.726907968521118,-3.3973278999328613,-2.1712708473205566,-1.369429111480713,0.9964901208877563,0.06349999999999999,"[7, 8, 9, 10, 11, 12, 13, 14, 15, 16, 17]",0.0,32
concrete,256,0.31,0.22503961965134706,0.39664804469273746,0.5105263157894737,-1.7124857902526855,-2.0678999423980713,-1.324803113937378,-0.8973753452301025,0.9861639142036438,tight,nan,0.6728515625,0.30078125,0.2890625,0.0,none,v3_t-differences_c-none_d-easy_a-concrete_p-tight_s-02,easy,82.96482586860657,19.857242584228516,0.053683688183429466,-0.28496436146259785,transformer,0.9585,1.0,-0.04149999999999998,0.9817629179331308,0.7890410958904109,0.8401556611061096,1.0,-0.15984433889389038,0.9300186634063721,0.1872197389602661,0.99591064453125,1.0,1.0,2,0.001,1.5172501832694252e-07,1.5172501832694252e-07,0.0,0.0,0.0,0.0,1.0,0.903,0.6675294041633606,0.9595435857772827,400,0.2095,-1.9073526859283447,0.936290442943573,0.2165,-1.8427687883377075,0.9325186610221863,0.17248275876045227,0.4609375,0.4615768492221832,28097.0,51.788283935357725,0.3089594936467014,0.9639749155097601,1.0,-0.8592124299878325,0.36,0.1,2,1.0,1.0,,,0.968,1.0,0.985,0.8361581920903954,0.8798500895500183,1.0,0.9398735165596008,0.38912662863731384,0.9961400032043457,1.0,1.0,,,0.9999998807907104,10000,10000,differences,0.262,0.18922961854899029,-0.738,0.3765432098765432,0.43952802359882004,-1.92064368724823,-2.2148549556732178,-2.92064368724823,-1.4741493463516235,-1.1870254278182983,0.9881987571716309,0.293,0.22391469916222392,-0.7070000000000001,0.3841642228739003,0.4653179190751445,-1.8066282272338867,-2.0858211517333984,-2.8066282272338867,-1.4419317245483398,-1.1065733432769775,0.9897634983062744,-0.017000000000000015,"[7, 8, 9, 10, 11, 12, 13, 14, 15, 16, 17]",0.0,32
concrete,256,0.463,0.41679873217115687,0.5027932960893855,0.5789473684210527,-1.0981923341751099,-1.2886544466018677,-0.9483270645141602,-0.6068466901779175,0.9804317951202393,tight,nan,0.537109375,0.46875,0.3984375,0.0,none,v3_t-differences_c-none_d-easy_a-concrete_p-tight_s-03,easy,85.44168972969055,19.769498825073242,0.047289379934310746,-0.2677483224541043,transformer,0.9625,1.0,-0.03749999999999998,0.993920972644377,0.8,0.8614370226860046,1.0,-0.13856297731399536,0.9712337255477905,0.26668021082878113,0.9953577518463135,1.0,1.0,2,0.001,1.381457934712671e-07,1.381457934712671e-07,0.0,0.0,0.0,0.0,1.0,0.8775,0.5866988301277161,0.9541605114936829,400,0.519,-0.7182908058166504,0.9229180812835693,0.5015,-0.766389787197113,0.9209439754486084,0.2841174602508545,0.427734375,0.4302861988544464,28097.0,52.719028756718615,0.31451214816371315,0.9472102766198779,1.0,-0.6423882357956172,0.515,0.1,3,1.0,1.0,,,0.968,1.0,0.98,0.8418079096045198,0.8765100836753845,1.0,0.9152854084968567,0.3980395197868347,0.9961748719215393,1.0,1.0,,,0.9999998807907104,10000,10000,differences,0.395,0.31488406881077036,-0.605,0.6172839506172839,0.49852507374631266,-1.364838719367981,-1.680939793586731,-2.364838719367981,-0.47376883029937744,-0.9697928428649902,0.9800810217857361,0.4135,0.32520944402132523,-0.5865,0.6158357771260997,0.5491329479768786,-1.3098816871643066,-1.6582775115966797,-2.3098816871643066,-0.5074200630187988,-0.7786556482315063,0.9834927320480347,-0.049500000000000044,"[7, 8, 9, 10, 11, 12, 13, 14, 15, 16, 17]",0.0,32
concrete,256,0.17,0.06973058637083994,0.22905027932960895,0.4473684210526316,-2.297855854034424,-2.7084505558013916,-2.0492584705352783,-1.1684566736221313,0.9935511350631714,tight,nan,0.8046875,0.1953125,0.19140625,0.0,none,v3_t-differences_c-none_d-easy_a-concrete_p-tight_s-04,easy,85.8437340259552,19.34543800354004,0.040089720877204374,-0.26608197363896047,transformer,0.959,1.0,-0.041000000000000036,0.9756838905775076,0.7972602739726027,0.8401264548301697,1.0,-0.15987354516983032,0.9178345203399658,0.19804206490516663,0.9970289468765259,1.0,1.0,2,0.001,1.7316379796739056e-07,1.7316379796739056e-07,0.0,0.0,0.0,0.0,1.0,0.9185,0.7227311730384827,0.9760349988937378,400,0.2185,-1.9918529987335205,0.9673217535018921,0.213,-2.0505576133728027,0.9703972935676575,0.6997146606445312,0.177734375,0.17732302844524384,28097.0,51.351535048730284,0.30635392913269655,0.9583032880672985,1.0,-2.329266775926774,0.233,0.1,4,1.0,1.0,,,0.961,1.0,0.99,0.7909604519774012,0.8465845584869385,1.0,0.9581913948059082,0.1804872453212738,0.9984033107757568,1.0,1.0,,,0.9999998807907104,10000,10000,differences,0.1575,0.08302169035153328,-0.8425,0.2222222222222222,0.3893805309734513,-2.3535006046295166,-2.6632156372070312,-3.3535006046295166,-2.0756332874298096,-1.3975725173950195,0.9945744276046753,0.1605,0.07768469154607768,-0.8395,0.24926686217008798,0.3872832369942196,-2.3331542015075684,-2.6765053272247314,-3.3331542015075684,-1.9403355121612549,-1.4173479080200195,0.9915873408317566,-0.009500000000000008,"[7, 8, 9, 10, 11, 12, 13, 14, 15, 16, 17]",0.0,32
concrete,256,0.889,0.9524564183835182,0.888268156424581,0.6789473684210526,0.5872436761856079,0.8373448848724365,0.5661900043487549,-0.22352109849452972,0.9901552200317383,tight,0.9951515151515151,0.1083984375,0.91015625,0.9140625,1.0,none,v3_t-differences_c-none_d-easy_a-concrete_p-tight_s-05,easy,100.46470355987549,19.770994186401367,0.09805319941209492,-0.3523115203646769,transformer,0.962,1.0,-0.038000000000000034,0.9848024316109423,0.8054794520547945,0.8511757850646973,1.0,-0.14882421493530273,0.9461790323257446,0.23303711414337158,0.9964583516120911,1.0,1.0,2,0.001,1.780527441042068e-07,1.780527441042068e-07,0.0,0.0,0.0,0.0,1.0,0.918,0.7295456528663635,0.9648570418357849,400,0.69,-0.05377313494682312,0.9024907350540161,0.6735,-0.08346357941627502,0.9071536660194397,0.6596083045005798,0.158203125,0.1580762267112732,28097.0,49.89898143577067,0.29768825816134603,0.9447290514801484,1.0,0.6953237252034644,0.909,0.1,5,1.0,1.0,,,0.968,1.0,0.985,0.8361581920903954,0.8867672085762024,1.0,0.9382374286651611,0.43005457520484924,0.9961141347885132,1.0,1.0,,,0.9999997615814209,10000,10000,differences,0.9275,0.9932685115931189,-0.07250000000000001,0.9074074074074074,0.6873156342182891,0.714717447757721,0.975151538848877,-0.28528255224227905,0.6287094950675964,-0.23021993041038513,0.9977486729621887,0.927,0.9946686976389947,-0.07299999999999995,0.9208211143695014,0.6763005780346821,0.7155269980430603,0.9798346161842346,-0.2844730019569397,0.6966989636421204,-0.26891136169433594,0.9977388381958008,0.038000000000000034,"[7, 8, 9, 10, 11, 12, 13, 14, 15, 16, 17]",0.0,32
concrete,256,0.259,0.179080824088748,0.3743016759776536,0.41578947368421054,-1.933687686920166,-2.2545888423919678,-1.4615812301635742,-1.3127318620681763,0.9896469116210938,wide,nan,0.7421875,0.25390625,0.25,0.0,none,v3_t-differences_c-none_d-easy_a-concrete_p-wide_s-00,easy,90.53127646446228,37.538658142089844,0.03872846700696929,-0.21964234029707655,transformer,0.975,1.0,-0.025000000000000022,1.0,0.863013698630137,0.9067896604537964,1.0,-0.09321033954620361,0.9974562525749207,0.491551011800766,0.9972415566444397,1.0,1.0,2,0.001,3.0124947869580865e-08,3.0124947869580865e-08,0.0,0.0,0.0,0.0,1.0,0.9545,0.8396528959274292,0.9862922430038452,400,0.273,-1.825082540512085,0.9635753035545349,0.266,-1.8239946365356445,0.9623255133628845,0.3514922857284546,0.3359375,0.3420483469963074,407297.0,102.78713123224529,0.16105831068571333,0.9733258778604378,1.0,-0.7782141968464147,0.447,0.1,0,1.0,1.0,,,0.971,1.0,0.985,0.8531073446327684,0.892392635345459,1.0,0.958268404006958,0.4392032027244568,0.9978489875793457,1.0,1.0,,,1.0,10000,10000,differences,0.2525,0.20418848167539266,-0.7475,0.28703703703703703,0.41002949852507375,-1.972362995147705,-2.1737983226776123,-2.972362995147705,-1.822627305984497,-1.3210227489471436,0.9931878447532654,0.2365,0.17364813404417365,-0.7635000000000001,0.30498533724340177,0.407514450867052,-2.036280632019043,-2.286355972290039,-3.036280632019043,-1.7522733211517334,-1.36719810962677,0.993450403213501,-0.02250000000000002,"[7, 8, 9, 10, 11, 12, 13, 14, 15, 16, 17]",0.0,128
concrete,256,0.408,0.3502377179080824,0.5027932960893855,0.5105263157894737,-1.3259191513061523,-1.5720546245574951,-0.936482846736908,-0.8753812909126282,0.9821144938468933,wide,nan,0.556640625,0.3984375,0.37890625,0.0,none,v3_t-differences_c-none_d-easy_a-concrete_p-wide_s-01,easy,88.27226185798645,37.27668762207031,0.05896491624979753,-0.06676060862298613,transformer,0.97,1.0,-0.030000000000000027,0.993920972644377,0.8410958904109589,0.8910385966300964,1.0,-0.10896140336990356,0.9849881529808044,0.41648250818252563,0.9967125654220581,1.0,1.0,2,0.001,5.8814727310618764e-08,5.8814727310618764e-08,0.0,0.0,0.0,0.0,1.0,0.9485,0.8182117938995361,0.9879787564277649,400,0.6635,-0.18625396490097046,0.9327971339225769,0.7065,-0.03197154030203819,0.9246252179145813,0.414020299911499,0.361328125,0.3594198226928711,407297.0,103.52782622162334,0.162218913985878,0.9649032961672978,1.0,-0.7428318255890662,0.551,0.1,1,1.0,1.0,,,0.967,1.0,0.99,0.8248587570621468,0.876985490322113,1.0,0.9640672206878662,0.34560471773147583,0.9959899187088013,1.0,1.0,,,0.9999998807907104,10000,10000,differences,0.7125,0.7561705310396409,-0.2875,0.6882716049382716,0.5634218289085545,-0.10457897186279297,0.07056818157434464,-1.104578971862793,-0.2017725557088852,-0.7024580836296082,0.9874795079231262,0.714,0.7768469154607769,-0.28600000000000003,0.6363636363636364,0.5520231213872833,-0.10035604983568192,0.1393738090991974,-1.100356049835682,-0.38296982645988464,-0.7315526604652405,0.9865055084228516,0.306,"[7, 8, 9, 10, 11, 12, 13, 14, 15, 16, 17]",0.0,128
concrete,256,0.695,0.7765451664025357,0.5810055865921788,0.531578947368421,-0.18557244539260864,0.13173454999923706,-0.6076712608337402,-0.841704249382019,0.9883584380149841,wide,nan,0.31640625,0.6640625,0.66796875,0.0,none,v3_t-differences_c-none_d-easy_a-concrete_p-wide_s-02,easy,95.84998488426208,37.36480712890625,0.0592068360905894,-0.1353129440316374,transformer,0.9605,1.0,-0.03949999999999998,0.9787234042553191,0.8027397260273973,0.8514573574066162,1.0,-0.1485426425933838,0.9279279708862305,0.2510312795639038,0.9968622326850891,1.0,1.0,2,0.001,3.207636467550401e-08,3.207636467550401e-08,0.0,0.0,0.0,0.0,1.0,0.858,0.5277211666107178,0.9347840547561646,200,0.7015,0.15404318273067474,0.8314211964607239,0.651,-0.02633933536708355,0.8334571123123169,0.34849441051483154,0.376953125,0.37449711561203003,407297.0,102.12711183268154,0.1600241188735754,0.9804889117122794,1.0,-0.5443135647547543,0.618,0.1,2,1.0,1.0,,,0.959,1.0,0.97,0.8022598870056498,0.8463997840881348,1.0,0.8909385800361633,0.2554352879524231,0.996023416519165,1.0,1.0,,,1.0,10000,10000,differences,0.482,0.4719521316379955,-0.518,0.5185185185185185,0.48672566371681414,-1.0272526741027832,-1.0640461444854736,-2.027252674102783,-0.8699257969856262,-1.0325068235397339,0.9879053831100464,0.493,0.48286367098248284,-0.507,0.501466275659824,0.523121387283237,-0.9871751666069031,-1.0265814065933228,-1.987175166606903,-0.9496979713439941,-0.874571681022644,0.9824759364128113,-0.20199999999999996,"[7, 8, 9, 10, 11, 12, 13, 14, 15, 16, 17]",0.0,128
concrete,256,0.729,0.7876386687797148,0.6815642458100558,0.5789473684210527,-0.050740309059619904,0.18530650436878204,-0.2446890026330948,-0.651944100856781,0.9890618324279785,wide,nan,0.28125,0.73828125,0.74609375,0.0,none,v3_t-differences_c-none_d-easy_a-concrete_p-wide_s-03,easy,84.27795433998108,37.65259552001953,0.04709760111565766,-0.14422341814437672,transformer,0.965,1.0,-0.03500000000000003,0.993920972644377,0.8136986301369863,0.8674353957176208,1.0,-0.13256460428237915,0.9775354266166687,0.29386770725250244,0.9971632361412048,1.0,1.0,2,0.001,4.6084451810202154e-08,4.6084451810202154e-08,0.0,0.0,0.0,0.0,1.0,0.9455,0.8112010359764099,0.9830965995788574,400,0.6555,-0.1908373385667801,0.938429594039917,0.6835,-0.07949845492839813,0.9313182234764099,0.2646826505661011,0.375,0.37906068563461304,407297.0,102.6314140946958,0.1608143157534891,0.9712582157519009,1.0,0.26047546532846755,0.736,0.1,3,1.0,1.0,,,0.956,1.0,0.99,0.7627118644067796,0.8381644487380981,1.0,0.9763872027397156,0.11235599964857101,0.9963977932929993,1.0,1.0,,,0.9999999403953552,10000,10000,differences,0.75,0.8242333582647718,-0.25,0.6141975308641975,0.5870206489675516,0.037315525114536285,0.3293589949607849,-0.9626844748854637,-0.4723181128501892,-0.627406656742096,0.9868790507316589,0.73,0.7943640517897944,-0.27,0.6392961876832844,0.5751445086705202,-0.040686432272195816,0.21627159416675568,-1.0406864322721958,-0.4065111577510834,-0.6552519798278809,0.9850575923919678,0.0010000000000000009,"[7, 8, 9, 10, 11, 12, 13, 14, 15, 16, 17]",0.0,128
concrete,256,0.529,0.4960380348652932,0.6312849162011173,0.5421052631578948,-0.8673774003982544,-0.9980425238609314,-0.4599491357803345,-0.8172716498374939,0.9923457503318787,wide,nan,0.525390625,0.5234375,0.5,0.0,none,v3_t-differences_c-none_d-easy_a-concrete_p-wide_s-04,easy,69.39500308036804,37.8454704284668,0.043651624264318005,-0.0484758890486178,transformer,0.9665,1.0,-0.033499999999999974,0.9817629179331308,0.8328767123287671,0.8741519451141357,1.0,-0.12584805488586426,0.9276400208473206,0.37564462423324585,0.9970095157623291,1.0,1.0,2,0.001,3.386743685496185e-08,3.386743685496185e-08,0.0,0.0,0.0,0.0,1.0,0.8565,0.5245157480239868,0.9426943063735962,200,0.709,0.059776946902275085,0.8922064900398254,0.6525,-0.13487771153450012,0.8890412449836731,0.21302126348018646,0.455078125,0.45599228143692017,407297.0,102.54227209460936,0.16067463815209146,0.9776342052147625,1.0,-0.43637726478519334,0.475,0.1,4,1.0,1.0,,,0.98,1.0,1.0,0.8870056497175142,0.9237733483314514,1.0,0.9985828995704651,0.5709425210952759,0.9984878897666931,1.0,1.0,,,1.0,10000,10000,differences,0.669,0.7112939416604338,-0.33099999999999996,0.6203703703703703,0.5486725663716814,-0.2739928066730499,-0.08652367442846298,-1.27399280667305,-0.5015963315963745,-0.7958294749259949,0.9828963279724121,0.6345,0.6587966488956588,-0.36550000000000005,0.6334310850439883,0.5433526011560693,-0.42694756388664246,-0.31977611780166626,-1.4269475638866425,-0.44491416215896606,-0.8159347176551819,0.9892171621322632,0.10549999999999993,"[7, 8, 9, 10, 11, 12, 13, 14, 15, 16, 17]",0.0,128
concrete,256,0.131,0.04120443740095087,0.1452513966480447,0.41578947368421054,-2.445017099380493,-2.825167179107666,-2.3501720428466797,-1.2718724012374878,0.9923182129859924,wide,nan,0.8857421875,0.13671875,0.13671875,0.0,none,v3_t-differences_c-none_d-easy_a-concrete_p-wide_s-05,easy,98.3668270111084,37.93330001831055,0.013999083044785633,-0.12130322513443718,transformer,0.9605,1.0,-0.03949999999999998,0.9908814589665653,0.7917808219178082,0.8450005650520325,1.0,-0.15499943494796753,0.9669928550720215,0.18043933808803558,0.99643874168396,1.0,1.0,2,0.001,3.2611076505872916e-08,3.2611076505872916e-08,0.0,0.0,0.0,0.0,1.0,0.872,0.580912172794342,0.9351126551628113,200,0.1575,-2.122361898422241,0.9422497153282166,0.14,-2.203367233276367,0.946189284324646,0.7498564720153809,0.12109375,0.11998780071735382,407297.0,101.05896448701955,0.15835042679759906,0.9753745188691848,1.0,-2.296575064161827,0.16,0.1,5,1.0,1.0,,,0.962,1.0,0.995,0.7909604519774012,0.8572324514389038,1.0,0.9800002574920654,0.21600238978862762,0.9977229237556458,1.0,1.0,,,0.9999998807907104,10000,10000,differences,0.08,0.02243829468960359,-0.92,0.08950617283950617,0.29793510324483774,-2.6713247299194336,-2.909615993499756,-3.6713247299194336,-2.6253621578216553,-1.7754418849945068,0.9965486526489258,0.0855,0.012185833968012186,-0.9145,0.12609970674486803,0.3236994219653179,-2.6508443355560303,-2.9492647647857666,-3.6508443355560303,-2.478844165802002,-1.6879117488861084,0.9965630173683167,-0.0455,"[7, 8, 9, 10, 11, 12, 13, 14, 15, 16, 17]",0.0,128
invariant,256,0.726,0.8019017432646592,0.6536312849162011,0.5421052631578948,-0.07819635421037674,0.20938529074192047,-0.3659735321998596,-0.762153685092926,0.9886689186096191,moderate,1.0,0.29296875,0.7578125,0.7578125,1.0,none,v3_t-differences_c-none_d-easy_a-invariant_p-moderate_s-00,easy,87.88918900489807,28.61548614501953,0.041058462375215536,-0.15639837285877575,transformer,0.965,1.0,-0.03500000000000003,0.9787234042553191,0.8273972602739726,0.8628509044647217,1.0,-0.13714909553527832,0.9151062369346619,0.3250187933444977,0.997717022895813,1.0,1.0,2,0.001,3.694211514471135e-08,3.694211159199767e-08,3.303856034171898e-15,0.0,0.0,0.0,1.0,0.9445,0.7989163994789124,0.984778642654419,400,0.7335,0.06593779474496841,0.9373108148574829,0.714,0.026084240525960922,0.9348070621490479,0.5132248997688293,0.3046875,0.3056340217590332,105345.0,72.09426694675047,0.22212312076479876,0.9627672541295463,1.0,0.13108067114774424,0.671,0.1,0,1.0,1.0,,,0.971,1.0,0.995,0.8418079096045198,0.8898468017578125,1.0,0.980000376701355,0.4002642333507538,0.998394787311554,1.0,1.0,,,1.0,10000,10000,differences,0.704,0.7486910994764397,-0.29600000000000004,0.6882716049382716,0.5427728613569321,-0.13717089593410492,0.04006659984588623,-1.137170895934105,-0.19481320679187775,-0.7810955047607422,0.9871222972869873,0.7005,0.7402894135567403,-0.2995,0.7008797653958945,0.5491329479768786,-0.1585831642150879,-0.0003175103629473597,-1.158583164215088,-0.1528051495552063,-0.7648638486862183,0.9876500964164734,-0.025499999999999967,"[7, 8, 9, 10, 11, 12, 13, 14, 15, 16, 17]",0.0,64
invariant,256,0.527,0.5340729001584786,0.5865921787709497,0.4473684210526316,-0.8371720910072327,-0.8140302300453186,-0.6126630306243896,-1.1255390644073486,0.9832640290260315,moderate,nan,0.482421875,0.46484375,0.50390625,0.0,none,v3_t-differences_c-none_d-easy_a-invariant_p-moderate_s-01,easy,90.15341711044312,29.489604949951172,0.06772862783778136,-0.156887321376609,transformer,0.9495,1.0,-0.05049999999999999,0.9726443768996961,0.7479452054794521,0.8069036602973938,1.0,-0.1930963397026062,0.8931127786636353,0.038283366709947586,0.9968324303627014,1.0,1.0,2,0.001,7.414038094566422e-08,7.414037384023686e-08,8.226533061532482e-15,0.0,0.0,0.0,1.0,0.927,0.7515465021133423,0.9831503629684448,400,0.3155,-1.5829163789749146,0.9580901861190796,0.3525,-1.4645495414733887,0.9524316191673279,0.3451979160308838,0.423828125,0.42802104353904724,105345.0,72.95479132623902,0.22477440454589845,0.9636947065171974,1.0,-0.11804987819019086,0.59,0.1,1,1.0,1.0,,,0.949,1.0,0.98,0.7344632768361582,0.7978127598762512,1.0,0.9163278341293335,-0.04775608703494072,0.997757613658905,1.0,1.0,,,0.9999998807907104,10000,10000,differences,0.522,0.48915482423335827,-0.478,0.6018518518518519,0.5752212389380531,-0.865240216255188,-0.986117959022522,-1.865240216255188,-0.5693842768669128,-0.671269416809082,0.9790090918540955,0.5515,0.543031226199543,-0.4485,0.5747800586510264,0.5606936416184971,-0.7476950883865356,-0.7740656733512878,-1.7476950883865356,-0.6603277325630188,-0.7337289452552795,0.9834278225898743,0.024499999999999966,"[7, 8, 9, 10, 11, 12, 13, 14, 15, 16, 17]",0.0,64
invariant,256,0.369,0.3328050713153724,0.40782122905027934,0.45263157894736844,-1.4723299741744995,-1.6273674964904785,-1.270866870880127,-1.1472417116165161,0.9732903838157654,moderate,nan,0.6396484375,0.36328125,0.3203125,0.0,none,v3_t-differences_c-none_d-easy_a-invariant_p-moderate_s-02,easy,94.02320265769958,28.689205169677734,0.0749967021454538,-0.1453939832138227,transformer,0.9595,1.0,-0.04049999999999998,0.9756838905775076,0.8,0.8463692665100098,1.0,-0.15363073348999023,0.919786810874939,0.23048986494541168,0.9952859282493591,1.0,1.0,2,0.001,6.431086774227879e-08,6.431086774227879e-08,3.0969008976857284e-15,0.0,0.0,0.0,1.0,0.9305,0.7630612850189209,0.9843930602073669,400,0.5855,-0.5132896304130554,0.9351482391357422,0.5195,-0.7418273687362671,0.9376277327537537,0.2407861053943634,0.498046875,0.5050489902496338,105345.0,72.15837936793868,0.22232065174301974,0.9769182352110447,1.0,-0.669490137223598,0.413,0.1,2,1.0,1.0,,,0.97,1.0,0.98,0.8531073446327684,0.8890387415885925,1.0,0.9330047369003296,0.4488011300563812,0.9952962398529053,1.0,1.0,,,0.9999998807907104,10000,10000,differences,0.437,0.4083769633507853,-0.563,0.4783950617283951,0.5103244837758112,-1.2170500755310059,-1.3433245420455933,-2.217050075531006,-1.0140790939331055,-0.9130198359489441,0.9771711230278015,0.425,0.38385376999238385,-0.575,0.5483870967741935,0.4595375722543353,-1.2551796436309814,-1.4256361722946167,-2.2551796436309814,-0.7567715048789978,-1.0995380878448486,0.9843037724494934,0.055999999999999994,"[7, 8, 9, 10, 11, 12, 13, 14, 15, 16, 17]",0.0,64
invariant,256,0.688,0.7496038034865293,0.6536312849162011,0.5157894736842106,-0.2124396562576294,0.03289022296667099,-0.3520074486732483,-0.89570552110672,0.9895310401916504,moderate,nan,0.3125,0.70703125,0.72265625,0.0,none,v3_t-differences_c-none_d-easy_a-invariant_p-moderate_s-03,easy,93.14286923408508,29.206958770751953,0.10900583317803351,-0.09589617403333729,transformer,0.96,1.0,-0.040000000000000036,0.9969604863221885,0.7835616438356164,0.8536043763160706,1.0,-0.14639562368392944,0.9853153228759766,0.21106834709644318,0.9969013333320618,1.0,1.0,2,0.001,4.836936895458166e-08,4.836936895458166e-08,3.057632106143884e-17,0.0,0.0,0.0,1.0,0.9445,0.8079279661178589,0.9816316366195679,400,0.38,-1.356549859046936,0.9578672647476196,0.402,-1.2505258321762085,0.944852888584137,0.4808156490325928,0.32421875,0.3258037567138672,105345.0,73.00742962877801,0.2249365836556515,0.9621835232435986,1.0,0.13521728950204703,0.645,0.1,3,1.0,1.0,,,0.975,1.0,0.99,0.8700564971751412,0.9012099504470825,1.0,0.9600988030433655,0.4869501292705536,0.998550534248352,1.0,1.0,,,0.9999999403953552,10000,10000,differences,0.769,0.8032909498878086,-0.23099999999999998,0.7654320987654321,0.6371681415929203,0.10823763906955719,0.24700793623924255,-0.8917623609304428,0.08925545960664749,-0.4209235906600952,0.9894533753395081,0.782,0.8453922315308454,-0.21799999999999997,0.718475073313783,0.6040462427745664,0.16121038794517517,0.40936753153800964,-0.8387896120548248,-0.0794200673699379,-0.5433425307273865,0.9899330735206604,0.09400000000000008,"[7, 8, 9, 10, 11, 12, 13, 14, 15, 16, 17]",0.0,64
invariant,256,0.378,0.31695721077654515,0.45251396648044695,0.5105263157894737,-1.440680980682373,-1.681528091430664,-1.1475574970245361,-0.9169690012931824,0.9824245572090149,moderate,nan,0.666015625,0.390625,0.37890625,0.0,none,v3_t-differences_c-none_d-easy_a-invariant_p-moderate_s-04,easy,91.25273275375366,29.598955154418945,0.09560722637072881,-0.1669523837323162,transformer,0.9665,1.0,-0.033499999999999974,0.9848024316109423,0.8301369863013699,0.8723025321960449,1.0,-0.12769746780395508,0.9485668540000916,0.3466481864452362,0.9956320524215698,1.0,1.0,2,0.001,7.982772842751729e-08,7.982772842751729e-08,3.342240179209674e-15,0.0,0.0,0.0,1.0,0.9205,0.7027108073234558,0.9899925589561462,400,0.27,-1.8216384649276733,0.9732617139816284,0.2565,-1.876163363456726,0.97480708360672,0.4263209402561188,0.38671875,0.38135531544685364,105345.0,72.68396425070796,0.22393998375556023,0.9688069444622786,1.0,-0.9658247836586022,0.424,0.1,4,1.0,1.0,,,0.974,1.0,0.99,0.864406779661017,0.8977010250091553,1.0,0.9586738348007202,0.46873587369918823,0.9965652823448181,1.0,1.0,,,0.9999998807907104,10000,10000,differences,0.3745,0.34554973821989526,-0.6255,0.38580246913580246,0.4778761061946903,-1.4583271741867065,-1.589250087738037,-2.4583271741867065,-1.3926173448562622,-1.0047749280929565,0.9866188764572144,0.333,0.2947448591012947,-0.667,0.36656891495601174,0.44508670520231214,-1.634042739868164,-1.7947065830230713,-2.634042739868164,-1.4780269861221313,-1.178117036819458,0.9858378171920776,-0.044999999999999984,"[7, 8, 9, 10, 11, 12, 13, 14, 15, 16, 17]",0.0,64
invariant,256,0.411,0.39461172741679873,0.41899441340782123,0.45789473684210524,-1.326796293258667,-1.396384596824646,-1.2819136381149292,-1.1379742622375488,0.9896009564399719,moderate,nan,0.595703125,0.42578125,0.41796875,0.0,none,v3_t-differences_c-none_d-easy_a-invariant_p-moderate_s-05,easy,72.03134536743164,29.107011795043945,0.053678000813271724,-0.15848881436120782,transformer,0.9615,1.0,-0.03849999999999998,0.9908814589665653,0.7972602739726027,0.8565353155136108,1.0,-0.14346468448638916,0.9666826725006104,0.2439233660697937,0.9968958497047424,1.0,1.0,2,0.001,7.459476591975545e-08,7.459476591975545e-08,1.5884312509862144e-15,0.0,0.0,0.0,1.0,0.925,0.7287081480026245,0.9859393239021301,400,0.2675,-1.786773443222046,0.9606633186340332,0.275,-1.8230394124984741,0.9725924134254456,0.2798108458518982,0.44921875,0.4474368691444397,105345.0,71.22219715137882,0.21943626544777695,0.9724440492580075,1.0,-0.620494813422457,0.394,0.1,5,1.0,1.0,,,0.967,1.0,0.985,0.8305084745762712,0.8710964322090149,1.0,0.9402615427970886,0.33923232555389404,0.9970278739929199,1.0,1.0,,,0.9999998807907104,10000,10000,differences,0.4285,0.40089753178758414,-0.5715,0.4876543209876543,0.4808259587020649,-1.2449731826782227,-1.3532861471176147,-2.2449731826782227,-1.0192930698394775,-1.0334868431091309,0.9866361021995544,0.435,0.4105102817974105,-0.565,0.436950146627566,0.5260115606936416,-1.2260407209396362,-1.321326494216919,-2.2260407209396362,-1.2169198989868164,-0.8734405040740967,0.9872380495071411,0.02400000000000002,"[7, 8, 9, 10, 11, 12, 13, 14, 15, 16, 17]",0.0,64
invariant,256,0.155,0.060221870047543584,0.18435754189944134,0.4421052631578947,-2.3776307106018066,-2.758816957473755,-2.26347279548645,-1.2192391157150269,0.9981845021247864,tight,nan,0.8515625,0.1875,0.18359375,0.0,none,v3_t-differences_c-none_d-easy_a-invariant_p-tight_s-00,easy,81.51566100120544,19.845598220825195,0.024001882665978084,-0.5060871218912045,transformer,0.963,1.0,-0.03700000000000003,0.9696048632218845,0.8246575342465754,0.8532401323318481,1.0,-0.14675986766815186,0.8783724904060364,0.30546748638153076,0.996723473072052,1.0,1.0,2,0.001,1.5014862242423987e-07,1.5014862242423987e-07,3.419045526976668e-15,0.0,0.0,0.0,1.0,0.9265,0.7408962249755859,0.9760517477989197,400,0.076,-2.6122725009918213,0.9859169125556946,0.066,-2.647735595703125,0.9861092567443848,0.6317915916442871,0.193359375,0.1934269666671753,28097.0,52.013574404212626,0.31030353565565694,0.9547465707819388,1.0,-2.9694771593872553,0.155,0.1,0,1.0,1.0,,,0.959,1.0,0.96,0.8135593220338984,0.8450403809547424,1.0,0.8489553928375244,0.2951940894126892,0.9967588186264038,1.0,1.0,,,0.9999998807907104,10000,10000,differences,0.0685,0.0014958863126402393,-0.9315,0.11728395061728394,0.2861356932153392,-2.724531888961792,-2.993513822555542,-3.724531888961792,-2.5309832096099854,-1.8486634492874146,0.9990792274475098,0.066,0.003808073115003808,-0.9339999999999999,0.09090909090909091,0.2774566473988439,-2.734633207321167,-2.9844110012054443,-3.734633207321167,-2.632020950317383,-1.8879057168960571,0.9981415867805481,-0.089,"[7, 8, 9, 10, 11, 12, 13, 14, 15, 16, 17]",0.0,32
invariant,256,0.081,0.012678288431061807,0.10614525139664804,0.28421052631578947,-2.6543242931365967,-2.9484832286834717,-2.53769588470459,-1.7872828245162964,0.9930363893508911,tight,nan,0.896484375,0.05078125,0.046875,0.0,none,v3_t-differences_c-none_d-easy_a-invariant_p-tight_s-01,easy,93.19324684143066,20.13062286376953,0.03314340066023215,-0.21065488526496673,transformer,0.968,1.0,-0.03200000000000003,0.993920972644377,0.8301369863013699,0.8801661729812622,1.0,-0.11983382701873779,0.9766422510147095,0.36443030834198,0.9963863492012024,1.0,1.0,2,0.001,3.4599773357513186e-07,3.4599770515342243e-07,3.321453694222522e-14,0.0,0.0,0.0,1.0,0.9,0.6789849996566772,0.9567503929138184,400,0.1485,-2.1751089096069336,0.9486426115036011,0.175,-2.079836845397949,0.9441294074058533,0.7729983329772949,0.140625,0.14896249771118164,28097.0,53.17142082444291,0.317211037054265,0.9699218236509637,1.0,-2.4606696441787634,0.082,0.1,1,1.0,1.0,,,0.972,1.0,0.99,0.8531073446327684,0.8983686566352844,1.0,0.9751654863357544,0.4538731873035431,0.9969410300254822,1.0,1.0,,,0.9999996423721313,10000,10000,differences,0.064,0.005235602094240838,-0.9359999999999999,0.08024691358024691,0.28023598820059,-2.7197952270507812,-2.9747140407562256,-3.7197952270507812,-2.641176462173462,-1.7895472049713135,0.9939852356910706,0.075,0.007616146230007616,-0.925,0.09970674486803519,0.3063583815028902,-2.678025722503662,-2.966157913208008,-3.678025722503662,-2.5562567710876465,-1.7046321630477905,0.9934757351875305,-0.006000000000000005,"[7, 8, 9, 10, 11, 12, 13, 14, 15, 16, 17]",0.0,32
invariant,256,0.709,0.751188589540412,0.664804469273743,0.6105263157894737,-0.11093101650476456,0.044564660638570786,-0.33576908707618713,-0.4155191481113434,0.9833114147186279,tight,nan,0.31640625,0.72265625,0.73046875,0.0,none,v3_t-differences_c-none_d-easy_a-invariant_p-tight_s-02,easy,109.40228343009949,19.943084716796875,0.09899710327132759,-0.19623758958820595,transformer,0.957,1.0,-0.04300000000000004,0.9908814589665653,0.7726027397260274,0.8354863524436951,1.0,-0.16451364755630493,0.9645896553993225,0.13047288358211517,0.9966036081314087,1.0,1.0,2,0.001,4.095150245575496e-07,4.095149961358402e-07,1.821581622520052e-14,0.0,0.0,0.0,1.0,0.9005,0.6934875845909119,0.9457812309265137,400,0.3265,-1.4085835218429565,0.9212906360626221,0.3345,-1.3667844533920288,0.9177121520042419,0.26859378814697266,0.421875,0.42303818464279175,28097.0,51.95142035015667,0.30993273586060704,0.9611753103064246,1.0,0.1475487954670912,0.682,0.1,2,1.0,1.0,,,0.976,1.0,0.985,0.8813559322033898,0.9202123284339905,1.0,0.9592074751853943,0.5953155159950256,0.9959254264831543,1.0,1.0,,,0.9999995827674866,10000,10000,differences,0.702,0.7471952131637996,-0.29800000000000004,0.6975308641975309,0.528023598820059,-0.15824252367019653,0.01822957955300808,-1.1582425236701965,-0.1690165102481842,-0.8439429998397827,0.9880720376968384,0.7155,0.7646610814927647,-0.2845,0.656891495601173,0.5867052023121387,-0.10244970768690109,0.08573504537343979,-1.102449707686901,-0.32797935605049133,-0.5943021774291992,0.9842162132263184,0.006500000000000061,"[7, 8, 9, 10, 11, 12, 13, 14, 15, 16, 17]",0.0,32
invariant,256,0.895,0.9413629160063391,0.8659217877094972,0.7684210526315789,0.6141015887260437,0.8024032711982727,0.5012242197990417,0.0950837954878807,0.987892210483551,tight,1.0,0.1123046875,0.8984375,0.8984375,1.0,none,v3_t-differences_c-none_d-easy_a-invariant_p-tight_s-03,easy,103.282057762146,19.814395904541016,0.09332777004796619,-0.2262706381095888,transformer,0.963,1.0,-0.03700000000000003,0.9848024316109423,0.810958904109589,0.8610519766807556,1.0,-0.13894802331924438,0.946750819683075,0.28663843870162964,0.9966270327568054,1.0,1.0,2,0.001,1.4377857837644115e-07,1.4377857837644115e-07,1.0128762808542984e-15,0.0,0.0,0.0,1.0,0.87,0.5981560349464417,0.9080430865287781,400,0.4555,-0.8391345143318176,0.8986256122589111,0.445,-0.8955307006835938,0.8981772661209106,0.7070870399475098,0.15625,0.164549320936203,28097.0,52.662564054693746,0.31417529000930333,0.9517727253495671,1.0,0.6497494538430105,0.928,0.1,3,1.0,1.0,,,0.956,1.0,0.99,0.7627118644067796,0.8311939835548401,1.0,0.9556089043617249,0.09645334631204605,0.997326135635376,1.0,1.0,,,0.9999998807907104,10000,10000,differences,0.7405,0.7322363500373972,-0.25949999999999995,0.8364197530864198,0.6814159292035398,0.014780610799789429,-0.017681190744042397,-0.9852193892002106,0.4031728208065033,-0.22839830815792084,0.9826619625091553,0.7335,0.7083015993907082,-0.26649999999999996,0.8651026392961877,0.6994219653179191,-0.0316835418343544,-0.12383661419153214,-1.0316835418343544,0.4719242453575134,-0.17831142246723175,0.9838863611221313,-0.16149999999999998,"[7, 8, 9, 10, 11, 12, 13, 14, 15, 16, 17]",0.0,32
invariant,256,0.267,0.19175911251980982,0.3463687150837989,0.4421052631578947,-1.9085807800292969,-2.2054121494293213,-1.6113768815994263,-1.2027851343154907,0.9895410537719727,tight,nan,0.7548828125,0.33203125,0.32421875,0.0,none,v3_t-differences_c-none_d-easy_a-invariant_p-tight_s-04,easy,56.40171980857849,19.37327766418457,0.04531574967297065,-0.28630217347349296,transformer,0.962,1.0,-0.038000000000000034,0.9878419452887538,0.8027397260273973,0.8563266396522522,1.0,-0.1436733603477478,0.9544812440872192,0.25377821922302246,0.9956213235855103,1.0,1.0,2,0.001,1.765069725934154e-07,1.765069725934154e-07,4.430482063578871e-15,0.0,0.0,0.0,1.0,0.9135,0.6938937306404114,0.9785164594650269,400,0.3045,-1.6770405769348145,0.9682009816169739,0.28,-1.7521531581878662,0.9651215672492981,0.6639675498008728,0.248046875,0.24179814755916595,28097.0,51.28934434257573,0.30598291067788497,0.9560451739458947,0.999,-1.5542325134115909,0.264,0.1,4,1.0,1.0,,,0.96,1.0,0.98,0.7966101694915254,0.8473581671714783,1.0,0.9267088174819946,0.2204318344593048,0.9971091747283936,1.0,1.0,,,0.9999997615814209,10000,10000,differences,0.1965,0.10695587135377711,-0.8035,0.3148148148148148,0.4365781710914454,-2.1498472690582275,-2.5072615146636963,-3.1498472690582275,-1.6583482027053833,-1.2099735736846924,0.9846053719520569,0.183,0.0913937547600914,-0.817,0.3196480938416422,0.3959537572254335,-2.22697377204895,-2.5952794551849365,-3.22697377204895,-1.6772589683532715,-1.3711000680923462,0.9889152646064758,-0.08400000000000002,"[7, 8, 9, 10, 11, 12, 13, 14, 15, 16, 17]",0.0,32
invariant,256,0.933,0.993660855784469,0.9217877094972067,0.7421052631578947,0.7368030548095703,0.9745835661888123,0.6871545910835266,-0.006104504223912954,0.998907208442688,tight,1.0,0.0400390625,0.94140625,0.94140625,1.0,none,v3_t-differences_c-none_d-easy_a-invariant_p-tight_s-05,easy,94.92249751091003,19.739412307739258,0.10861355623874847,-0.284239652983317,transformer,0.961,1.0,-0.039000000000000035,0.9878419452887538,0.7972602739726027,0.847177267074585,1.0,-0.15282273292541504,0.951388955116272,0.20643168687820435,0.9979400634765625,1.0,1.0,2,0.001,1.4299487816060719e-07,1.4299487816060719e-07,5.716562680581176e-15,0.0,0.0,0.0,1.0,0.906,0.6986985206604004,0.9645619988441467,400,0.8945,0.6053227782249451,0.9775136709213257,0.898,0.6216183304786682,0.9758457541465759,0.7280304431915283,0.103515625,0.10385279357433319,28097.0,49.682258023278315,0.2963953256542832,0.9345832520385576,1.0,0.5559677770208074,0.936,0.1,5,1.0,1.0,,,0.978,1.0,0.99,0.8870056497175142,0.9181170463562012,1.0,0.9602059721946716,0.5823493003845215,0.9984859824180603,1.0,1.0,,,0.9999997615814209,10000,10000,differences,0.943,1.0,-0.05700000000000005,0.9660493827160493,0.696165191740413,0.7750962972640991,0.9994089007377625,-0.22490370273590088,0.866218090057373,-0.19667190313339233,0.9988638758659363,0.943,1.0,-0.05700000000000005,0.9736070381231672,0.6965317919075145,0.7744903564453125,0.9999961853027344,-0.2255096435546875,0.8952445387840271,-0.20026792585849762,0.9993947744369507,0.009999999999999898,"[7, 8, 9, 10, 11, 12, 13, 14, 15, 16, 17]",0.0,32
invariant,256,0.86,0.9540412044374009,0.8212290502793296,0.5842105263157895,0.4803354740142822,0.8274270296096802,0.3842613697052002,-0.5818620324134827,0.9863354563713074,wide,0.9613259668508287,0.1875,0.8671875,0.89453125,1.0,none,v3_t-differences_c-none_d-easy_a-invariant_p-wide_s-00,easy,96.94697880744934,37.7308235168457,0.12914537174009758,-0.1198098980028432,transformer,0.97,1.0,-0.030000000000000027,0.9908814589665653,0.8438356164383561,0.8889339566230774,1.0,-0.11106604337692261,0.9645354151725769,0.4233855903148651,0.9969874620437622,1.0,1.0,2,0.001,7.315749712688557e-07,7.31573209122871e-07,1.7617489498494843e-12,0.0,0.0,0.0,1.0,0.9555,0.8316868543624878,0.993468165397644,400,0.743,0.09822480380535126,0.957585871219635,0.716,-0.041797928512096405,0.9592521786689758,0.7802937626838684,0.158203125,0.16222770512104034,407297.0,106.69411901402073,0.167180213733875,0.9627677481074695,1.0,0.05400234259686998,0.68,0.1,0,1.0,1.0,,,0.98,1.0,0.995,0.8926553672316384,0.9237430691719055,1.0,0.9765483140945435,0.5956687927246094,0.9947824478149414,1.0,1.0,,,0.9999991655349731,10000,10000,differences,0.9045,0.981301421091997,-0.09550000000000003,0.8395061728395061,0.6637168141592921,0.6286993622779846,0.9302785992622375,-0.3713006377220154,0.38903573155403137,-0.3316558599472046,0.995954155921936,0.8985,0.9832444782939832,-0.10150000000000003,0.8211143695014663,0.653179190751445,0.6101648807525635,0.9399455189704895,-0.3898351192474365,0.32105591893196106,-0.3563544750213623,0.995673656463623,0.03849999999999998,"[7, 8, 9, 10, 11, 12, 13, 14, 15, 16, 17]",0.0,128
invariant,256,0.305,0.23771790808240886,0.3854748603351955,0.45263157894736844,-1.730666995048523,-1.9894719123840332,-1.4109832048416138,-1.1723370552062988,0.9855754375457764,wide,nan,0.7216796875,0.28125,0.26953125,0.0,none,v3_t-differences_c-none_d-easy_a-invariant_p-wide_s-01,easy,102.76579213142395,37.19334030151367,0.04873605019283229,-0.07111141154165856,transformer,0.9655,1.0,-0.034499999999999975,0.9908814589665653,0.8191780821917808,0.8722700476646423,1.0,-0.12772995233535767,0.966772735118866,0.3300597369670868,0.9976251125335693,1.0,1.0,2,0.001,3.2548200579185504e-08,3.2548200579185504e-08,9.360362047364668e-16,0.0,0.0,0.0,1.0,0.954,0.8379659652709961,0.9877158403396606,400,0.7255,0.04505064710974693,0.9313102960586548,0.7455,0.09370145946741104,0.9343657493591309,0.34596627950668335,0.37890625,0.3792567849159241,407297.0,103.08017205145634,0.1615174796374905,0.9642984157085303,1.0,-1.2847954210616477,0.434,0.1,1,1.0,1.0,,,0.976,1.0,0.985,0.8813559322033898,0.9134014844894409,1.0,0.9428474307060242,0.5753220915794373,0.9970771670341492,1.0,1.0,,,1.0,10000,10000,differences,0.5495,0.5549738219895288,-0.4505,0.5925925925925926,0.48672566371681414,-0.7355661392211914,-0.6976665258407593,-1.7355661392211914,-0.5916843414306641,-1.0225555896759033,0.9719020128250122,0.565,0.584920030464585,-0.43500000000000005,0.5425219941348973,0.5115606936416185,-0.6681317687034607,-0.5659539699554443,-1.6681317687034607,-0.7975229620933533,-0.9283545017242432,0.9657294750213623,0.25999999999999995,"[7, 8, 9, 10, 11, 12, 13, 14, 15, 16, 17]",0.0,128
invariant,256,0.717,0.7939778129952456,0.6536312849162011,0.5210526315789473,-0.11781393736600876,0.1905609369277954,-0.38531631231307983,-0.8899277448654175,0.9935490489006042,wide,nan,0.23046875,0.66796875,0.6796875,0.0,none,v3_t-differences_c-none_d-easy_a-invariant_p-wide_s-02,easy,82.8109381198883,37.38349533081055,0.06388341891541656,-0.12701989490195043,transformer,0.959,1.0,-0.041000000000000036,0.9756838905775076,0.7972602739726027,0.8432343006134033,1.0,-0.15676569938659668,0.9043187499046326,0.22725428640842438,0.9975928664207458,1.0,1.0,2,0.001,3.413359550563655e-08,3.413359550563655e-08,4.5607777669581006e-17,0.0,0.0,0.0,1.0,0.857,0.5552857518196106,0.9253827929496765,200,0.6385,0.06294786185026169,0.8323802351951599,0.6175,0.021409092471003532,0.8257355690002441,0.5742641687393188,0.220703125,0.22265496850013733,407297.0,102.13115800857388,0.1600304588720377,0.9746400715853611,1.0,-0.12541974835080572,0.588,0.1,2,1.0,1.0,,,0.964,1.0,0.995,0.8022598870056498,0.8588716983795166,1.0,0.9799750447273254,0.2252921462059021,0.9989842772483826,1.0,1.0,,,0.9999999403953552,10000,10000,differences,0.74,0.8025430067314884,-0.26,0.691358024691358,0.5398230088495575,-0.022312574088573456,0.2249061018228531,-1.0223125740885735,-0.21408633887767792,-0.8140431642532349,0.9949177503585815,0.7285,0.785986290936786,-0.27149999999999996,0.6598240469208211,0.5780346820809249,-0.06583818048238754,0.17193417251110077,-1.0658381804823875,-0.35595032572746277,-0.682216465473175,0.9927541613578796,0.011500000000000066,"[7, 8, 9, 10, 11, 12, 13, 14, 15, 16, 17]",0.0,128
invariant,256,0.42,0.38827258320126784,0.441340782122905,0.5052631578947369,-1.2613024711608887,-1.4023394584655762,-1.1624116897583008,-0.8860771059989929,0.983166515827179,wide,nan,0.6181640625,0.3984375,0.39453125,0.0,none,v3_t-differences_c-none_d-easy_a-invariant_p-wide_s-03,easy,92.42903327941895,37.720638275146484,0.06267691617720073,-0.10835325149294017,transformer,0.962,1.0,-0.038000000000000034,0.9908814589665653,0.8,0.8590843677520752,1.0,-0.1409156322479248,0.9529210925102234,0.27029484510421753,0.9949943423271179,1.0,1.0,2,0.001,5.598966268394179e-08,5.598966268394179e-08,8.694543328845953e-16,0.0,0.0,0.0,1.0,0.9315,0.7667089104652405,0.983242928981781,400,0.296,-1.6208610534667969,0.9420750141143799,0.3055,-1.5886472463607788,0.9407085180282593,0.33544638752937317,0.35546875,0.35312414169311523,407297.0,102.7020574824638,0.1609250076714231,0.9748107454941587,1.0,-1.2283028171051469,0.293,0.1,3,1.0,1.0,,,0.958,1.0,0.98,0.7853107344632768,0.8543637990951538,1.0,0.9500212669372559,0.23366962373256683,0.9940862059593201,1.0,1.0,,,0.9999999403953552,10000,10000,differences,0.542,0.550486163051608,-0.45799999999999996,0.5401234567901234,0.5103244837758112,-0.784294068813324,-0.7560731172561646,-1.784294068813324,-0.7828630208969116,-0.8969638347625732,0.9759221076965332,0.563,0.5833968012185834,-0.43700000000000006,0.533724340175953,0.5144508670520231,-0.7114736437797546,-0.6363655924797058,-1.7114736437797546,-0.8145492672920227,-0.8949073553085327,0.9835577607154846,0.14299999999999996,"[7, 8, 9, 10, 11, 12, 13, 14, 15, 16, 17]",0.0,128
invariant,256,0.377,0.3201267828843106,0.46368715083798884,0.4842105263157895,-1.4309436082839966,-1.6582202911376953,-1.1064059734344482,-0.9818938374519348,0.9727881550788879,wide,nan,0.6455078125,0.4140625,0.375,0.0,none,v3_t-differences_c-none_d-easy_a-invariant_p-wide_s-04,easy,112.86037755012512,37.923423767089844,0.051840109207073645,-0.046196080357497754,transformer,0.9685,1.0,-0.03149999999999997,0.9817629179331308,0.8438356164383561,0.8836156725883484,1.0,-0.11638432741165161,0.9418431520462036,0.4146983027458191,0.99599289894104,1.0,1.0,2,0.001,5.3100222885404946e-08,5.310021577997759e-08,7.802900544391558e-15,0.0,0.0,0.0,1.0,0.927,0.7486562728881836,0.9824405908584595,400,0.4685,-0.9570355415344238,0.9296641945838928,0.418,-1.099491834640503,0.9332379698753357,0.34307438135147095,0.47265625,0.47057536244392395,407297.0,102.72316230459603,0.16095807705432336,0.9780807705381348,1.0,0.1439514991707762,0.656,0.1,4,1.0,1.0,,,0.962,1.0,0.99,0.7966101694915254,0.8654845356941223,1.0,0.9745086431503296,0.26882946491241455,0.9957147240638733,1.0,1.0,,,0.9999999403953552,10000,10000,differences,0.3035,0.2423335826477188,-0.6965,0.38580246913580246,0.46607669616519176,-1.7096248865127563,-1.9365028142929077,-2.7096248865127563,-1.4155536890029907,-1.0958882570266724,0.9726053476333618,0.3105,0.24752475247524752,-0.6895,0.40175953079178883,0.4595375722543353,-1.6710729598999023,-1.921114444732666,-2.6710729598999023,-1.322327971458435,-1.0659215450286865,0.9739737510681152,-0.0665,"[7, 8, 9, 10, 11, 12, 13, 14, 15, 16, 17]",0.0,128
invariant,256,0.216,0.13153724247226625,0.2737430167597765,0.4421052631578947,-2.079960584640503,-2.434497117996216,-1.8537859916687012,-1.115606665611267,0.9817512035369873,wide,nan,0.767578125,0.203125,0.20703125,0.0,none,v3_t-differences_c-none_d-easy_a-invariant_p-wide_s-05,easy,114.97218465805054,37.97834396362305,0.020757033000869587,-0.11673925531338811,transformer,0.9565,1.0,-0.04349999999999998,0.9908814589665653,0.7698630136986301,0.8399172425270081,0.9999998211860657,-0.16008275747299194,0.9706461429595947,0.14929339289665222,0.9962264895439148,1.0,1.0,2,0.001,4.2492867891041897e-08,4.2492867891041897e-08,8.551980272284766e-16,0.0,0.0,0.0,1.0,0.854,0.5661036372184753,0.9077305793762207,200,0.1435,-2.0797574520111084,0.9298563003540039,0.125,-2.1446964740753174,0.9312456250190735,0.533962607383728,0.265625,0.258203387260437,407297.0,101.2725752619421,0.15868513592062689,0.9718739181594984,1.0,-0.6341708004986351,0.456,0.1,5,1.0,1.0,,,0.95,1.0,0.975,0.7457627118644068,0.8038530349731445,1.0,0.908413827419281,-0.004688176792114973,0.9972295761108398,1.0,1.0,,,0.9999998807907104,10000,10000,differences,0.1735,0.12715033657442035,-0.8265,0.20987654320987653,0.3215339233038348,-2.2670934200286865,-2.461927890777588,-3.2670934200286865,-2.112426996231079,-1.6464987993240356,0.9842707514762878,0.168,0.09520182787509521,-0.832,0.21114369501466276,0.40173410404624277,-2.299543857574463,-2.596963882446289,-3.299543857574463,-2.1078200340270996,-1.359849452972412,0.9897359013557434,-0.04799999999999999,"[7, 8, 9, 10, 11, 12, 13, 14, 15, 16, 17]",0.0,128
latent,256,0.993,1.0,1.0,0.9631578947368421,0.9766752123832703,1.0,0.9999648928642273,0.8772714138031006,0.9901654124259949,moderate,1.0,0.0048828125,0.984375,0.984375,1.0,none,v3_t-differences_c-none_d-easy_a-latent_p-moderate_s-00,easy,119.59409713745117,7.386157989501953,0.9999971772360755,0.9999927071984888,transformer,0.998,1.0,-0.0020000000000000018,1.0,0.989041095890411,0.9890252947807312,1.0,-0.010974705219268799,1.0,0.939864456653595,0.9910438060760498,1.0,1.0,2,0.001,7.035094313323498e-05,4.988295358998585e-07,4.861359253517661e-15,6.235162436496466e-05,1.48786500631104e-06,6.012618541717529e-05,1.0,0.9515,0.8292507529258728,0.9883050322532654,400,0.327,-1.5890638828277588,0.9664586186408997,0.299,-1.6737362146377563,0.9672470688819885,0.9969234466552734,0.015625,0.01827157475054264,105345.0,52.02738123168199,0.1602968554065035,0.9999728410468466,1.0,0.9912037119325481,0.986,0.1,0,1.0,1.0,,,0.997,1.0,1.0,0.9830508474576272,0.9891518354415894,1.0,1.0,0.9387108683586121,0.9924571514129639,1.0,1.0,,,0.9999994039535522,10000,10000,differences,0.9975,1.0,-0.0024999999999999467,1.0,0.9852507374631269,0.9917544722557068,1.0,-0.008245527744293213,0.9999997019767761,0.9513537287712097,0.992903470993042,0.996,1.0,-0.0040000000000000036,1.0,0.976878612716763,0.9866034984588623,1.0,-0.013396501541137695,1.0,0.9225634932518005,0.9907205104827881,0.0030000000000000027,"[7, 8, 9, 10, 11, 12, 13, 14, 15, 16, 17]",0.0,64
latent,256,0.985,1.0,1.0,0.9210526315789473,0.9493970274925232,1.0,0.9999995827674866,0.733668863773346,0.994186520576477,moderate,1.0,0.009765625,0.9921875,0.9921875,1.0,none,v3_t-differences_c-none_d-easy_a-latent_p-moderate_s-01,easy,108.28472590446472,8.043925285339355,0.9999997056488702,0.9999993487611084,transformer,0.9985,1.0,-0.0014999999999999458,1.0,0.9917808219178083,0.9962800145149231,1.0,-0.0037199854850769043,1.0,0.9796168208122253,0.9981585144996643,1.0,1.0,2,0.001,1.3736514119955245e-05,5.155298410386422e-09,8.718669771946736e-19,9.0083631221205e-06,1.228204666858801e-07,4.6001747250556946e-05,1.0,0.9245,0.732688844203949,0.9795687794685364,400,0.403,-1.3251821994781494,0.9763566255569458,0.3655,-1.4736216068267822,0.9747158288955688,0.9952045679092407,0.02734375,0.02836659736931324,105345.0,51.65444900195496,0.15914784766692933,0.9999932131852146,1.0,0.975983983343025,0.981,0.1,1,1.0,1.0,,,1.0,1.0,1.0,1.0,0.9989513158798218,1.0,1.0,0.9940751194953918,0.9985851645469666,1.0,1.0,,,1.0,10000,10000,differences,0.9695,1.0,-0.03049999999999997,1.0,0.8200589970501475,0.8932262063026428,1.0,-0.10677379369735718,0.9975799918174744,0.3723791241645813,0.9920964241027832,0.96,1.0,-0.040000000000000036,0.9970674486803519,0.7716763005780347,0.8606761693954468,0.9999973773956299,-0.13932383060455322,0.9821829199790955,0.21222929656505585,0.991857647895813,-0.025000000000000022,"[7, 8, 9, 10, 11, 12, 13, 14, 15, 16, 17]",0.0,64
latent,256,0.957,1.0,0.994413407821229,0.7789473684210526,0.855639636516571,1.0,0.9740135073661804,0.2646905779838562,0.9911354184150696,moderate,1.0,0.046875,0.95703125,0.95703125,1.0,none,v3_t-differences_c-none_d-easy_a-latent_p-moderate_s-02,easy,115.76953887939453,7.868686199188232,0.9999982085760767,0.9999947464678091,transformer,0.9995,1.0,-0.0004999999999999449,1.0,0.9972602739726028,0.9964982867240906,1.0,-0.003501713275909424,1.0,0.9808127284049988,0.9968450665473938,1.0,1.0,2,0.001,2.9673035896848887e-05,7.337571616972127e-08,7.260682249964729e-16,2.2986982003203593e-05,1.1779449096138705e-06,5.434732884168625e-05,1.0,0.9585,0.8553563356399536,0.9896078109741211,400,0.589,-0.5692181587219238,0.9758631587028503,0.6235,-0.43276724219322205,0.9740428328514099,0.9308373928070068,0.103515625,0.10793451964855194,105345.0,51.64665664953856,0.15912383935517124,0.9999807908169495,1.0,0.978738844071689,0.968,0.1,2,1.0,1.0,,,1.0,1.0,1.0,1.0,0.9979117512702942,1.0,1.0,0.9882020354270935,0.9969048500061035,1.0,1.0,,,0.9999998807907104,10000,10000,differences,0.979,1.0,-0.02100000000000002,0.9938271604938271,0.8820058997050148,0.9343618154525757,1.0,-0.06563818454742432,0.9830987453460693,0.6289075016975403,0.9914622902870178,0.972,1.0,-0.028000000000000025,0.9970674486803519,0.8410404624277457,0.9059613943099976,1.0,-0.09403860569000244,0.9879132509231567,0.4683360159397125,0.9913997650146484,0.015000000000000013,"[7, 8, 9, 10, 11, 12, 13, 14, 15, 16, 17]",0.0,64
latent,256,0.981,1.0,1.0,0.9,0.9487330317497253,1.0,0.9999929070472717,0.7301804423332214,0.9887856245040894,moderate,1.0,0.01953125,0.96484375,0.96484375,1.0,none,v3_t-differences_c-none_d-easy_a-latent_p-moderate_s-03,easy,115.109708070755,7.9580979347229,0.9999980483452315,0.9999945292132448,transformer,0.997,1.0,-0.0030000000000000027,1.0,0.9835616438356164,0.9913328886032104,1.0,-0.00866711139678955,1.0,0.9525086879730225,0.9936158657073975,1.0,1.0,2,0.001,2.1556777937803417e-05,1.4062837294659403e-07,5.18349594187472e-16,1.3313625458977185e-05,1.919379883474903e-06,6.183143705129623e-05,1.0,0.9285,0.7330346703529358,0.9886197447776794,400,0.424,-1.0309165716171265,0.9150164723396301,0.4245,-1.092648983001709,0.9226641654968262,0.9938443899154663,0.01171875,0.011119398288428783,105345.0,50.991609818216794,0.1571056338503181,0.9999842127440312,1.0,0.9680555996511341,0.99,0.1,3,1.0,1.0,,,0.999,1.0,1.0,0.9943502824858758,0.9957196116447449,1.0,1.0,0.9758169651031494,0.9959765672683716,1.0,1.0,,,0.9999998807907104,10000,10000,differences,0.991,1.0,-0.009000000000000008,1.0,0.9469026548672567,0.9770585894584656,1.0,-0.022941410541534424,0.9999785423278809,0.8646726608276367,0.9901712536811829,0.986,1.0,-0.014000000000000012,1.0,0.9190751445086706,0.9640434980392456,1.0,-0.035956501960754395,0.9999923706054688,0.7921665906906128,0.9869267344474792,0.0050000000000000044,"[7, 8, 9, 10, 11, 12, 13, 14, 15, 16, 17]",0.0,64
latent,256,0.995,1.0,1.0,0.9736842105263158,0.9832437038421631,1.0,0.9999988079071045,0.9118099808692932,0.9906803965568542,moderate,1.0,0.001953125,0.99609375,0.99609375,1.0,none,v3_t-differences_c-none_d-easy_a-latent_p-moderate_s-04,easy,115.32488942146301,8.205964088439941,0.9999993151885758,0.9999986314973787,transformer,1.0,1.0,0.0,1.0,1.0,0.9984831809997559,1.0,-0.0015168190002441406,1.0,0.9916884899139404,0.9962277412414551,1.0,1.0,2,0.001,9.893851711240131e-06,2.032593044987152e-07,1.06856594427919e-15,5.48456728211022e-06,2.228514262014869e-07,3.98317351937294e-05,1.0,0.9475,0.8194401860237122,0.9839053750038147,400,0.4795,-0.8426209688186646,0.9333727955818176,0.4475,-0.9845148921012878,0.9282500147819519,0.9949464797973633,0.009765625,0.016698399558663368,105345.0,51.69351548200494,0.15926821186277318,0.9999923383854946,1.0,0.9921913554245418,0.994,0.1,4,1.0,1.0,,,1.0,1.0,1.0,1.0,0.998150646686554,1.0,1.0,0.9895514249801636,0.9962442517280579,1.0,1.0,,,0.9999997615814209,10000,10000,differences,0.9955,1.0,-0.0044999999999999485,1.0,0.9734513274336283,0.987930417060852,1.0,-0.01206958293914795,0.9999992251396179,0.9287940263748169,0.9918979406356812,0.993,1.0,-0.007000000000000006,1.0,0.9595375722543352,0.9802396297454834,1.0,-0.0197603702545166,0.999998927116394,0.8857792615890503,0.9894285798072815,-0.0020000000000000018,"[7, 8, 9, 10, 11, 12, 13, 14, 15, 16, 17]",0.0,64
latent,256,0.953,1.0,0.994413407821229,0.7578947368421053,0.8396151065826416,1.0,0.9785701632499695,0.1760581135749817,0.993411660194397,moderate,1.0,0.0693359375,0.96875,0.96875,1.0,none,v3_t-differences_c-none_d-easy_a-latent_p-moderate_s-05,easy,115.89192152023315,7.56040620803833,0.9999986473400962,0.9999974810581356,transformer,0.991,1.0,-0.009000000000000008,1.0,0.9506849315068493,0.9712924361228943,1.0,-0.028707563877105713,1.0,0.8426980972290039,0.9956439137458801,1.0,1.0,2,0.001,9.323342237621546e-05,1.7986513611845112e-08,1.1602330409711325e-16,8.551398059353232e-05,6.170207029754238e-07,7.084431126713753e-05,1.0,0.94,0.7841952443122864,0.9907647967338562,400,0.134,-2.3786160945892334,0.9789673089981079,0.147,-2.320692777633667,0.9765287041664124,0.9916653633117676,0.025390625,0.023471031337976456,105345.0,50.317813914092376,0.15502966227419818,0.999980308314114,1.0,0.9504320709248562,0.962,0.1,5,1.0,1.0,,,0.994,1.0,1.0,0.9661016949152542,0.9840387105941772,1.0,1.0,0.9098228812217712,0.9949711561203003,1.0,1.0,,,1.0,10000,10000,differences,0.96,1.0,-0.040000000000000036,1.0,0.7640117994100295,0.8631966710090637,1.0,-0.13680332899093628,0.9995043873786926,0.19337406754493713,0.9922012686729431,0.9645,1.0,-0.035499999999999976,1.0,0.7947976878612717,0.8726807236671448,1.0,-0.12731927633285522,0.9985750913619995,0.26545464992523193,0.9934483766555786,0.011500000000000066,"[7, 8, 9, 10, 11, 12, 13, 14, 15, 16, 17]",0.0,64
latent,256,0.917,0.9889064976228209,0.8938547486033519,0.7,0.688751220703125,0.9577397108078003,0.6203487515449524,-0.1401316225528717,0.9952637553215027,tight,1.0,0.1220703125,0.91015625,0.91015625,1.0,none,v3_t-differences_c-none_d-easy_a-latent_p-tight_s-00,easy,140.29171752929688,6.696043014526367,0.9999983341830122,0.9999961842765195,transformer,0.9955,1.0,-0.0044999999999999485,1.0,0.9753424657534246,0.9847074151039124,1.0,-0.015292584896087646,1.0,0.9162049293518066,0.9982474446296692,1.0,1.0,2,0.001,8.99441001820378e-05,1.5337458592057374e-07,1.1317789543415944e-16,7.978630310390145e-05,1.2236339443916222e-06,8.780788630247116e-05,1.0,0.9205,0.7324656844139099,0.9625502824783325,400,0.1595,-2.114736318588257,0.9463345408439636,0.158,-2.160957098007202,0.9548065066337585,0.9047509431838989,0.099609375,0.10017310082912445,28097.0,35.20712293609884,0.21003929940354238,0.9999757212361743,1.0,0.8443961152781175,0.896,0.1,0,1.0,1.0,,,0.996,1.0,1.0,0.9774011299435028,0.991180419921875,1.0,1.0,0.9501720070838928,0.9979900121688843,1.0,1.0,,,0.9999998807907104,10000,10000,differences,0.91,0.9887808526551982,-0.08999999999999997,0.8703703703703703,0.6371681415929203,0.6489432454109192,0.9552016854286194,-0.3510567545890808,0.5103499889373779,-0.42646506428718567,0.9971380233764648,0.9115,0.9885757806549885,-0.08850000000000002,0.8621700879765396,0.6676300578034682,0.6528934240341187,0.954371452331543,-0.34710657596588135,0.4470391273498535,-0.28827494382858276,0.9961836934089661,-0.00550000000000006,"[7, 8, 9, 10, 11, 12, 13, 14, 15, 16, 17]",0.0,32
latent,256,0.941,0.9920760697305864,0.9385474860335196,0.7736842105263158,0.7840971946716309,0.972247302532196,0.7777715921401978,0.16520020365715027,0.9932640194892883,tight,1.0,0.0595703125,0.9296875,0.9296875,1.0,none,v3_t-differences_c-none_d-easy_a-latent_p-tight_s-01,easy,61.11222720146179,6.888991355895996,0.9999936495028936,0.9999888302206327,transformer,0.9995,1.0,-0.0004999999999999449,1.0,0.9972602739726028,0.9986357688903809,1.0,-0.0013642311096191406,1.0,0.9925245046615601,0.9992338418960571,1.0,1.0,2,0.001,0.0008708056411705911,1.2938738791490323e-07,3.9633804508595665e-16,0.0008537720423191786,2.4645612484164303e-06,0.00014439644291996956,1.0,0.9135,0.6965503692626953,0.9739100933074951,400,0.243,-1.8966987133026123,0.9669146537780762,0.251,-1.851196527481079,0.9657021760940552,0.9314663410186768,0.087890625,0.08650686591863632,28097.0,38.511544812043496,0.2297528800053108,0.999942044300982,1.0,0.9286593670840795,0.942,0.1,1,1.0,1.0,,,0.999,1.0,1.0,0.9943502824858758,0.9986165761947632,1.0,1.0,0.9921842217445374,0.9991874098777771,1.0,1.0,,,0.9999998807907104,10000,10000,differences,0.9615,0.9992520568436799,-0.03849999999999998,0.9722222222222222,0.8023598820058997,0.8683742880821228,0.9987248778343201,-0.1316257119178772,0.8948513269424438,0.32897210121154785,0.9925236105918884,0.967,0.9984767707539984,-0.03300000000000003,0.9794721407624634,0.8352601156069365,0.8805217146873474,0.9950515627861023,-0.11947828531265259,0.9197183847427368,0.407274067401886,0.9944495558738708,0.026000000000000023,"[7, 8, 9, 10, 11, 12, 13, 14, 15, 16, 17]",0.0,32
latent,256,0.933,1.0,0.9273743016759777,0.7157894736842105,0.7590688467025757,0.9998863339424133,0.7494085431098938,-0.031597740948200226,0.9901431202888489,tight,1.0,0.091796875,0.9765625,0.9765625,1.0,none,v3_t-differences_c-none_d-easy_a-latent_p-tight_s-02,easy,115.30387139320374,7.124380111694336,0.9999963554707703,0.999986554100366,transformer,0.9995,1.0,-0.0004999999999999449,1.0,0.9972602739726028,0.9983041882514954,1.0,-0.0016958117485046387,1.0,0.9907081127166748,0.9985581040382385,1.0,1.0,2,0.001,7.807565270923078e-05,2.5659744551376207e-07,6.116971248374282e-16,6.950183887965977e-05,1.3236883660283638e-06,6.993534043431282e-05,1.0,0.9315,0.7578059434890747,0.9798930883407593,400,0.3545,-1.4061970710754395,0.9485910534858704,0.338,-1.477627158164978,0.9535832405090332,0.9782461524009705,0.0546875,0.052924301475286484,28097.0,36.42229342582103,0.2172887857867484,0.9999493665917307,1.0,0.8739515642598199,0.946,0.1,2,1.0,1.0,,,1.0,1.0,1.0,1.0,0.998794674873352,1.0,1.0,0.9931901097297668,0.9986997246742249,1.0,1.0,,,0.9999997019767761,10000,10000,differences,0.9485,1.0,-0.05149999999999999,0.9722222222222222,0.7227138643067846,0.8145765066146851,0.9999915957450867,-0.18542349338531494,0.9006586074829102,0.001034570625051856,0.9935089349746704,0.9545,0.9992383853769993,-0.045499999999999985,0.9736070381231672,0.7658959537572254,0.8285083174705505,0.9989259243011475,-0.17149168252944946,0.9104150533676147,0.10108478367328644,0.9937963485717773,0.021499999999999964,"[7, 8, 9, 10, 11, 12, 13, 14, 15, 16, 17]",0.0,32
latent,256,0.958,1.0,1.0,0.7789473684210526,0.8557788133621216,1.0,0.9987621903419495,0.2421073317527771,0.9930329918861389,tight,1.0,0.02734375,0.984375,0.984375,1.0,none,v3_t-differences_c-none_d-easy_a-latent_p-tight_s-03,easy,110.95668244361877,7.151124477386475,0.9999932150314097,0.9999823750534282,transformer,0.999,1.0,-0.0010000000000000009,1.0,0.9945205479452055,0.9979038238525391,1.0,-0.0020961761474609375,1.0,0.9885139465332031,0.9990150928497314,1.0,1.0,2,0.001,0.00023321679327636957,2.3381943492495338e-07,3.698621244953922e-16,0.00021992527763359249,2.8021656817145413e-06,0.00010255537927150726,1.0,0.8955,0.6563507318496704,0.9631358981132507,400,0.1425,-2.2442870140075684,0.9599893689155579,0.1525,-2.2046642303466797,0.9606128931045532,0.9868518114089966,0.041015625,0.038224589079618454,28097.0,37.67435994059929,0.22475838715258495,0.9999409642622633,1.0,0.872366797959821,0.962,0.1,3,1.0,1.0,,,1.0,1.0,1.0,1.0,0.9999486804008484,1.0,1.0,0.9997098445892334,0.9996790885925293,1.0,1.0,,,0.9999997615814209,10000,10000,differences,0.9305,0.9992520568436799,-0.0695,0.904320987654321,0.6843657817109144,0.7640067338943481,0.9975332021713257,-0.23599326610565186,0.69757080078125,-0.0935143530368805,0.9891146421432495,0.9325,0.9992383853769993,-0.0675,0.9472140762463344,0.6647398843930635,0.7456082105636597,0.995224118232727,-0.25439178943634033,0.8060739636421204,-0.2612256109714508,0.9905705451965332,-0.025499999999999967,"[7, 8, 9, 10, 11, 12, 13, 14, 15, 16, 17]",0.0,32
latent,256,0.803,0.8938193343898574,0.6871508379888268,0.6105263157894737,0.23852063715457916,0.5932161808013916,-0.21880613267421722,-0.5085920691490173,0.9901725649833679,tight,1.0,0.201171875,0.77734375,0.77734375,1.0,none,v3_t-differences_c-none_d-easy_a-latent_p-tight_s-04,easy,114.10486912727356,6.545456409454346,0.9999981812128167,0.9999962568165673,transformer,0.9975,1.0,-0.0024999999999999467,1.0,0.9863013698630136,0.9935723543167114,1.0,-0.006427645683288574,1.0,0.9647799730300903,0.9971854090690613,1.0,1.0,2,0.001,2.4093717001960613e-05,2.1046891163223336e-07,6.839944573800165e-16,1.596133370185271e-05,7.674015591874195e-07,7.154513150453568e-05,1.0,0.92,0.717709481716156,0.9784663319587708,400,0.374,-1.3565541505813599,0.9579310417175293,0.369,-1.38603675365448,0.9581215977668762,0.7004000544548035,0.271484375,0.27280545234680176,28097.0,36.47698532829402,0.2176150677410939,0.9999784640337991,1.0,0.6534925968532959,0.811,0.1,4,1.0,1.0,,,1.0,1.0,1.0,1.0,0.9984980225563049,1.0,1.0,0.9915146231651306,0.9984715580940247,1.0,1.0,,,0.9999997615814209,10000,10000,differences,0.8095,0.8668661181750187,-0.1905,0.7469135802469136,0.6430678466076696,0.2533280551433563,0.4801619350910187,-0.7466719448566437,-0.014120819978415966,-0.3856792151927948,0.9903098344802856,0.808,0.8613861386138614,-0.19199999999999995,0.718475073313783,0.6936416184971098,0.2568247318267822,0.47073566913604736,-0.7431752681732178,-0.12118217349052429,-0.18237954378128052,0.9903035759925842,0.0050000000000000044,"[7, 8, 9, 10, 11, 12, 13, 14, 15, 16, 17]",0.0,32
latent,256,0.964,1.0,0.994413407821229,0.8157894736842105,0.862881600856781,1.0,0.9796491861343384,0.29749682545661926,0.9960873126983643,tight,1.0,0.0224609375,0.953125,0.953125,1.0,none,v3_t-differences_c-none_d-easy_a-latent_p-tight_s-05,easy,117.4783787727356,6.8729352951049805,0.9999980772261933,0.9999965763806713,transformer,0.9995,1.0,-0.0004999999999999449,1.0,0.9972602739726028,0.9993909597396851,1.0,-0.0006090402603149414,1.0,0.9966626167297363,0.9994093179702759,1.0,1.0,2,0.001,7.676493260078132e-05,1.1330575233614582e-07,4.153603073512548e-17,6.804477015975863e-05,1.160284682555357e-06,7.446575909852982e-05,1.0,0.924,0.7484991550445557,0.9756566286087036,400,0.399,-1.319305658340454,0.9740191698074341,0.426,-1.229944109916687,0.9767093062400818,0.9409114122390747,0.0625,0.06000956892967224,28097.0,35.6616211385708,0.21275075311138,0.9999498138775403,1.0,0.9550626952855272,0.974,0.1,5,1.0,1.0,,,1.0,1.0,1.0,1.0,0.9992524981498718,1.0,1.0,0.9957768321037292,0.999251127243042,1.0,1.0,,,0.9999998807907104,10000,10000,differences,0.8975,0.9379207180254301,-0.10250000000000004,0.8425925925925926,0.7905604719764012,0.6220731139183044,0.7848837971687317,-0.37792688608169556,0.39670783281326294,0.1953485608100891,0.9882839322090149,0.8925,0.955064737242955,-0.10750000000000004,0.7917888563049853,0.7543352601156069,0.5871776342391968,0.8299732804298401,-0.4128223657608032,0.19002665579319,0.057228781282901764,0.9904564023017883,-0.07150000000000001,"[7, 8, 9, 10, 11, 12, 13, 14, 15, 16, 17]",0.0,32
latent,256,0.992,1.0,1.0,0.9578947368421052,0.9750182032585144,1.0,0.9999960660934448,0.8685204982757568,0.9928013682365417,wide,0.996031746031746,0.01171875,0.9921875,0.99609375,1.0,none,v3_t-differences_c-none_d-easy_a-latent_p-wide_s-00,easy,104.41835713386536,8.42002010345459,0.9999899202380117,0.9999715336679693,transformer,0.998,1.0,-0.0020000000000000018,1.0,0.989041095890411,0.9922225475311279,1.0,-0.00777745246887207,0.9999998211860657,0.957383930683136,0.9929887056350708,1.0,1.0,2,0.001,9.213227895088494e-05,2.3810730453988072e-07,1.6552653480739546e-14,8.2650403783191e-05,2.228295215900289e-06,7.015466690063477e-05,1.0,0.9545,0.8442396521568298,0.9835531115531921,400,0.756,0.21186670660972595,0.9078576564788818,0.733,0.17348386347293854,0.9103716015815735,0.9977773427963257,0.013671875,0.011657070368528366,407297.0,73.4605925386063,0.11510622773882628,0.9999682446535011,1.0,0.995513076224398,0.994,0.1,0,1.0,1.0,,,0.998,1.0,1.0,0.9887005649717514,0.9946147203445435,1.0,1.0,0.9695748090744019,0.9942088723182678,1.0,1.0,,,0.9999998211860657,10000,10000,differences,0.983,1.0,-0.017000000000000015,1.0,0.8997050147492626,0.9500470757484436,1.0,-0.049952924251556396,0.9991612434387207,0.7060941457748413,0.9896606802940369,0.989,1.0,-0.01100000000000001,1.0,0.9364161849710982,0.9613931775093079,1.0,-0.03860682249069214,0.9999810457229614,0.7768580913543701,0.9890864491462708,-0.0030000000000000027,"[7, 8, 9, 10, 11, 12, 13, 14, 15, 16, 17]",0.0,128
latent,256,0.962,1.0,0.9720670391061452,0.8263157894736842,0.8711191415786743,0.9999960064888,0.9155037999153137,0.40129727125167847,0.9880290627479553,wide,0.9957805907172996,0.04296875,0.96484375,0.96875,1.0,none,v3_t-differences_c-none_d-easy_a-latent_p-wide_s-01,easy,127.53018736839294,8.343550682067871,0.9999826298802964,0.9999650644117101,transformer,0.991,1.0,-0.009000000000000008,1.0,0.9506849315068493,0.9689582586288452,1.0,-0.031041741371154785,0.9999988675117493,0.829909086227417,0.990667462348938,1.0,1.0,2,0.001,0.00011121878196718171,7.447079042322002e-07,1.55513969757326e-12,8.752249414101243e-05,5.813478310301434e-06,0.00017138104885816574,1.0,0.9725,0.9152040481567383,0.9860382080078125,400,0.073,-2.6233251094818115,0.9797930717468262,0.0845,-2.591855525970459,0.9812561869621277,0.9827136397361755,0.044921875,0.043852005153894424,407297.0,73.63421288564847,0.11537827541113749,0.9999217871315953,1.0,0.8262269668752907,0.951,0.1,1,1.0,1.0,,,0.997,1.0,1.0,0.9830508474576272,0.9856109023094177,1.0,0.9999991059303284,0.9187065362930298,0.9927126169204712,1.0,1.0,,,0.9999996423721313,10000,10000,differences,0.963,1.0,-0.03700000000000003,0.9814814814814815,0.799410029498525,0.8862934708595276,1.0,-0.11370652914047241,0.9470425844192505,0.37977927923202515,0.9868674278259277,0.969,1.0,-0.031000000000000028,0.9882697947214076,0.8323699421965318,0.9056475758552551,1.0,-0.09435242414474487,0.9578860998153687,0.49611544609069824,0.9897921681404114,0.007000000000000006,"[7, 8, 9, 10, 11, 12, 13, 14, 15, 16, 17]",0.0,128
latent,256,0.967,1.0,1.0,0.8263157894736842,0.871562123298645,1.0,0.9999948740005493,0.32401618361473083,0.9971705675125122,wide,1.0,0.02734375,0.9765625,0.9765625,1.0,none,v3_t-differences_c-none_d-easy_a-latent_p-wide_s-02,easy,98.50403118133545,8.33255672454834,0.9999958419276997,0.9999881994112432,transformer,0.9805,1.0,-0.019499999999999962,1.0,0.8931506849315068,0.930063009262085,1.0,-0.06993699073791504,1.0,0.616783618927002,0.9966479539871216,1.0,1.0,2,0.001,0.0001143187764682807,4.786855924976408e-07,3.048113112824949e-14,9.76571609498933e-05,2.195355591538828e-06,0.00013987580314278603,1.0,0.958,0.8687165975570679,0.9845138788223267,400,0.4885,-0.7993237376213074,0.9304390549659729,0.4805,-0.8782342672348022,0.932545006275177,0.9976077079772949,0.005859375,0.006207119673490524,407297.0,74.53267973950686,0.11678609321823809,0.9999674104417199,1.0,0.9861609280337749,0.962,0.1,2,1.0,1.0,,,0.99,1.0,1.0,0.943502824858757,0.9633795619010925,1.0,1.0,0.7931050658226013,0.9969106316566467,1.0,1.0,,,0.9999993443489075,10000,10000,differences,0.972,1.0,-0.028000000000000025,0.9969135802469136,0.8377581120943953,0.8941735625267029,1.0,-0.10582643747329712,0.9877735376358032,0.3873407542705536,0.9978298544883728,0.9645,1.0,-0.035499999999999976,0.9970674486803519,0.7976878612716763,0.8605828285217285,1.0,-0.13941717147827148,0.9882205128669739,0.20572997629642487,0.9983710646629333,-0.0024999999999999467,"[7, 8, 9, 10, 11, 12, 13, 14, 15, 16, 17]",0.0,128
latent,256,0.961,1.0,0.9776536312849162,0.8157894736842105,0.8678650856018066,1.0,0.9142592549324036,0.38532981276512146,0.9906357526779175,wide,1.0,0.0478515625,0.94921875,0.94921875,1.0,none,v3_t-differences_c-none_d-easy_a-latent_p-wide_s-03,easy,116.35367918014526,8.096295356750488,0.9999861667614776,0.9999632676632724,transformer,0.987,1.0,-0.013000000000000012,1.0,0.9287671232876712,0.9621626138687134,1.0,-0.03783738613128662,0.9998495578765869,0.7928075790405273,0.9917842745780945,1.0,1.0,2,0.001,0.00014125938469078392,1.0368809171268367e-06,2.414187285412067e-13,0.00011847160203615203,5.688149030902423e-06,0.00016062753275036812,1.0,0.955,0.8508738875389099,0.9826890826225281,400,0.65,-0.24597309529781342,0.9426780939102173,0.6675,-0.19729192554950714,0.9394317269325256,0.9988124370574951,0.005859375,0.007034588139504194,407297.0,73.29054715084946,0.11483978171038199,0.9999483325981142,1.0,0.9852946974991437,0.964,0.1,3,1.0,1.0,,,0.99,1.0,1.0,0.943502824858757,0.9725654125213623,1.0,0.9996110796928406,0.8454415798187256,0.9935709834098816,1.0,1.0,,,0.9999989867210388,10000,10000,differences,0.965,1.0,-0.03500000000000003,0.9938271604938271,0.799410029498525,0.8765554428100586,1.0,-0.1234445571899414,0.9809508323669434,0.2899196147918701,0.9933926463127136,0.9665,1.0,-0.033499999999999974,0.9912023460410557,0.815028901734104,0.8822789788246155,1.0,-0.11772102117538452,0.9665775299072266,0.3524712920188904,0.9921496510505676,0.00550000000000006,"[7, 8, 9, 10, 11, 12, 13, 14, 15, 16, 17]",0.0,128
latent,256,0.988,1.0,1.0,0.9368421052631579,0.9659536480903625,1.0,0.9999894499778748,0.8208187818527222,0.9907210469245911,wide,1.0,0.0009765625,0.9765625,0.9765625,1.0,none,v3_t-differences_c-none_d-easy_a-latent_p-wide_s-04,easy,119.45936155319214,8.319427490234375,0.9999896672031594,0.9999792805113938,transformer,0.99,1.0,-0.010000000000000009,1.0,0.9452054794520548,0.9713571667671204,1.0,-0.02864283323287964,0.9999998211860657,0.843052864074707,0.9906361699104309,1.0,1.0,2,0.001,0.00011056979565182701,5.5221784123205e-07,1.1548318453857148e-14,9.758690430317074e-05,4.009654730907641e-06,8.421018719673157e-05,1.0,0.9395,0.7888128757476807,0.987486720085144,400,0.517,-0.6516727209091187,0.9212355613708496,0.5475,-0.5443717241287231,0.9178670644760132,0.9987108707427979,0.009765625,0.012229816988110542,407297.0,73.46381188113793,0.11511127216280666,0.999979461159143,1.0,0.9947451584665735,0.985,0.1,4,1.0,1.0,,,0.99,1.0,1.0,0.943502824858757,0.9723402261734009,1.0,0.9999984502792358,0.8437318801879883,0.9933705925941467,1.0,1.0,,,0.9999992847442627,10000,10000,differences,0.99,1.0,-0.010000000000000009,1.0,0.9410029498525073,0.9690150022506714,1.0,-0.030984997749328613,0.9999960660934448,0.8172014951705933,0.9897674918174744,0.9895,1.0,-0.010499999999999954,1.0,0.9393063583815029,0.9715836644172668,1.0,-0.028416335582733154,0.9999973177909851,0.8357464671134949,0.9892986416816711,0.0015000000000000568,"[7, 8, 9, 10, 11, 12, 13, 14, 15, 16, 17]",0.0,128
latent,256,0.981,1.0,1.0,0.9,0.9461784958839417,1.0,0.9998123049736023,0.7169057726860046,0.9865888953208923,wide,1.0,0.017578125,0.984375,0.984375,1.0,none,v3_t-differences_c-none_d-easy_a-latent_p-wide_s-05,easy,110.3616201877594,8.662118911743164,0.9999207733378028,0.9998267744450573,transformer,0.9845,1.0,-0.015499999999999958,1.0,0.915068493150685,0.9567707777023315,1.0,-0.04322922229766846,0.9999240040779114,0.7631959915161133,0.9898011684417725,1.0,1.0,2,0.001,0.0012256011832505465,2.081239927065326e-06,4.3430557761237054e-11,0.0009634441812522709,2.174330256821122e-05,0.0023833229206502438,1.0,0.9555,0.8467930555343628,0.9864410161972046,400,0.144,-2.2933669090270996,0.964993417263031,0.151,-2.2356009483337402,0.959054172039032,0.998573362827301,0.01171875,0.010184120386838913,407297.0,72.10941961155561,0.11298905969973243,0.9996729314171307,1.0,0.9865133278177349,0.983,0.1,5,1.0,1.0,,,0.989,1.0,1.0,0.9378531073446328,0.9671857953071594,1.0,0.9999833703041077,0.8146280646324158,0.9877012968063354,1.0,1.0,,,0.9999973177909851,10000,10000,differences,0.982,1.0,-0.018000000000000016,1.0,0.8938053097345132,0.9466441869735718,1.0,-0.05335581302642822,0.9999720454216003,0.6852429509162903,0.9892736673355103,0.9825,1.0,-0.01749999999999996,1.0,0.8988439306358381,0.9458255767822266,1.0,-0.05417442321777344,0.9999595284461975,0.6868929266929626,0.9877936840057373,0.0015000000000000568,"[7, 8, 9, 10, 11, 12, 13, 14, 15, 16, 17]",0.0,128
concrete,256,0.47,0.35657686212361334,0.6424581005586593,0.6842105263157895,-1.0577101707458496,-1.5258649587631226,-0.3587362766265869,-0.16145043075084686,0.979659914970398,moderate,nan,0.5205078125,0.4140625,0.36328125,0.0,none,v3_t-differences_c-none_d-hard_a-concrete_p-moderate_s-00,hard,54.802335262298584,28.379657745361328,0.18200996184702872,-0.03750577592347504,transformer,1.0,1.0,0.0,1.0,1.0,0.9999999403953552,1.0,-5.960464477539063e-08,0.9999998807907104,0.9999998211860657,0.9999861121177673,1.0,1.0,2,0.001,5.125441020936705e-05,5.125441020936705e-05,0.0,0.0,0.0,0.0,1.0,0.9975,0.9914766550064087,0.9982537627220154,2000,0.214,-2.052849054336548,0.9714304208755493,0.225,-2.030674457550049,0.9760638475418091,0.5082058906555176,0.357421875,0.35149064660072327,105345.0,75.67303787993045,0.23314934797878,0.955441963371431,1.0,-0.11279803478999262,0.471,0.1,0,1.0,,,1.0,1.0,1.0,1.0,1.0,1.0,1.0,1.0,1.0,0.999987781047821,1.0,,,1.0,0.9999768137931824,10000,10000,differences,0.46,0.38219895287958117,-0.54,0.6049382716049383,0.6283185840707964,-1.1004635095596313,-1.4208861589431763,-2.1004635095596313,-0.49657681584358215,-0.413897842168808,0.9740302562713623,0.459,0.39223153084539225,-0.5409999999999999,0.5689149560117303,0.6040462427745664,-1.0909966230392456,-1.3816437721252441,-2.0909966230392456,-0.5971997380256653,-0.4747104048728943,0.9751101136207581,-0.010999999999999954,"[1, 2, 3]",0.0,64
concrete,256,0.224,0.05071315372424723,0.4692737430167598,0.5684210526315789,-2.0837182998657227,-2.79526424407959,-1.0927057266235352,-0.6542739272117615,0.9929240942001343,moderate,nan,0.7197265625,0.203125,0.203125,0.0,none,v3_t-differences_c-none_d-hard_a-concrete_p-moderate_s-01,hard,85.8373761177063,29.3931941986084,0.14854991348071325,-0.06406350944436491,transformer,0.99,0.9846860643185299,-0.010000000000000009,1.0,1.0,0.9631474614143372,0.9435643553733826,-0.03685253858566284,1.0,1.0,0.9992877244949341,1.0,1.0,2,0.001,2.0593355998244078e-07,2.0593355998244078e-07,0.0,0.0,0.0,0.0,1.0,0.9995,0.998695433139801,0.9988256096839905,2000,0.32,-1.6317651271820068,0.9679530262947083,0.299,-1.7301950454711914,0.9738212823867798,0.7070415616035461,0.169921875,0.16964629292488098,105345.0,73.65206381394457,0.22692270769886602,0.9498904812762532,1.0,-0.5330545552111785,0.226,0.1,1,1.0,,,1.0,0.983,0.9727126805778491,1.0,1.0,0.9350859522819519,0.8958040475845337,1.0,1.0,0.998823881149292,1.0,,,1.0,0.9999997615814209,10000,10000,differences,0.2375,0.09798055347793568,-0.7625,0.4783950617283951,0.5575221238938053,-2.031205415725708,-2.593459367752075,-3.031205415725708,-1.0647343397140503,-0.7374094128608704,0.9947386384010315,0.23,0.07996953541507996,-0.77,0.4868035190615836,0.546242774566474,-2.063340425491333,-2.6702146530151367,-3.063340425491333,-1.0198336839675903,-0.7888019680976868,0.9946171641349792,0.006000000000000005,"[1, 2, 3]",0.0,64
concrete,256,0.899,0.9793977812995246,0.8324022346368715,0.6947368421052632,0.6191035509109497,0.9221764206886292,0.36305323243141174,-0.14619113504886627,0.9938997626304626,moderate,0.995260663507109,0.0703125,0.890625,0.89453125,1.0,none,v3_t-differences_c-none_d-hard_a-concrete_p-moderate_s-02,hard,70.88731980323792,28.84069061279297,0.19651309404256329,0.005775571019672368,transformer,1.0,1.0,0.0,1.0,1.0,1.0,1.0,0.0,1.0,1.0,0.9999994039535522,1.0,1.0,2,0.001,3.862998880777013e-07,3.862998880777013e-07,0.0,0.0,0.0,0.0,1.0,0.999,0.9985387921333313,0.9992125034332275,2000,0.664,-0.29256296157836914,0.9843928217887878,0.658,-0.3304763734340668,0.9854891300201416,0.7101886868476868,0.146484375,0.14736074209213257,105345.0,73.39453806578726,0.22612926842441944,0.9666595379036679,1.0,0.29307821740620743,0.893,0.1,2,1.0,,,1.0,1.0,1.0,1.0,1.0,1.0,1.0,1.0,1.0,0.9999994039535522,1.0,,,1.0,0.9999996423721313,10000,10000,differences,0.7595,0.7913238593866866,-0.24050000000000005,0.7469135802469136,0.6460176991150443,0.045835066586732864,0.16935113072395325,-0.9541649334132671,-0.007378001231700182,-0.3904479146003723,0.997679591178894,0.765,0.8004569687738005,-0.235,0.7565982404692082,0.638728323699422,0.06724172830581665,0.2078588753938675,-0.9327582716941833,0.04074791818857193,-0.4402608275413513,0.9956550002098083,-0.134,"[1, 2, 3]",0.0,64
concrete,256,0.288,0.0491283676703645,0.5865921787709497,0.8,-1.8351186513900757,-2.7850098609924316,-0.6494616866111755,0.20250621438026428,0.9936143755912781,moderate,nan,0.70703125,0.34375,0.3359375,0.0,none,v3_t-differences_c-none_d-hard_a-concrete_p-moderate_s-03,hard,92.99603033065796,29.166149139404297,0.2327128360920797,0.07122604602701646,transformer,0.8545,0.7787136294027565,-0.14549999999999996,0.993920972644377,1.0,0.42568153142929077,0.12395676970481873,-0.5743184685707092,0.986247718334198,1.0,0.9982141256332397,1.0,1.0,2,0.001,2.0693389046755328e-07,2.0693389046755328e-07,0.0,0.0,0.0,0.0,1.0,0.9465,0.8107062578201294,0.9735967516899109,1000,0.306,-1.543119192123413,0.936674952507019,0.3055,-1.5338647365570068,0.9272391200065613,0.8021167516708374,0.107421875,0.11089383810758591,105345.0,73.57899846070153,0.22669759265200506,0.9462536991093113,1.0,-0.6790264391588556,0.263,0.1,3,1.0,,,1.0,0.863,0.7817014446227929,0.995,1.0,0.4622574746608734,0.14157333970069885,0.9852864146232605,1.0,0.9978047013282776,1.0,,,1.0,0.9999997615814209,10000,10000,differences,0.323,0.09424083769633508,-0.677,0.7438271604938271,0.8230088495575221,-1.6945880651474,-2.6114888191223145,-2.6945880651474,-0.00040233577601611614,0.30240336060523987,0.9948291182518005,0.345,0.11348057882711349,-0.655,0.7859237536656891,0.7890173410404624,-1.6016664505004883,-2.5224404335021973,-2.6016664505004883,0.15656016767024994,0.1596655249595642,0.9936349987983704,0.056999999999999995,"[1, 2, 3]",0.0,64
concrete,256,0.272,0.03645007923930269,0.5642458100558659,0.7789473684210526,-1.9072133302688599,-2.846498727798462,-0.7527491450309753,0.12457507103681564,0.9923648238182068,moderate,nan,0.740234375,0.296875,0.28125,0.0,none,v3_t-differences_c-none_d-hard_a-concrete_p-moderate_s-04,hard,73.00860834121704,29.574106216430664,0.24735551285652452,0.08987945256453542,transformer,0.876,0.8147013782542113,-0.124,0.9817629179331308,1.0,0.5077924132347107,0.26210859417915344,-0.4922075867652893,0.9369940161705017,1.0,0.9980806708335876,1.0,1.0,2,0.001,2.3612432187292143e-07,2.3612432187292143e-07,0.0,0.0,0.0,0.0,1.0,0.8645,0.47547703981399536,0.9939631223678589,2000,0.278,-1.8542492389678955,0.9855320453643799,0.2845,-1.8163363933563232,0.9832424521446228,0.8679842948913574,0.09765625,0.09488716721534729,105345.0,73.2375587730278,0.22564561373341693,0.9448740086322746,0.999,-0.4143143937037448,0.261,0.1,4,1.0,,,1.0,0.879,0.812199036918138,0.98,1.0,0.5241644382476807,0.2524227499961853,0.9495252966880798,1.0,0.9981656074523926,1.0,,,1.0,0.9999997615814209,10000,10000,differences,0.2735,0.04637247569184742,-0.7264999999999999,0.6574074074074074,0.8023598820058997,-1.8925954103469849,-2.8105621337890625,-2.892595410346985,-0.32122310996055603,0.225979745388031,0.9957966208457947,0.275,0.03808073115003808,-0.725,0.6656891495601173,0.7890173410404624,-1.8805646896362305,-2.8357529640197754,-2.8805646896362305,-0.2851998507976532,0.17187178134918213,0.9948487877845764,0.0030000000000000027,"[1, 2, 3]",0.0,64
concrete,256,0.958,1.0,0.9720670391061452,0.8052631578947368,0.8385804295539856,1.0,0.8911207914352417,0.25299882888793945,0.9977244138717651,moderate,1.0042872454448017,0.0576171875,0.97265625,0.96875,1.0,none,v3_t-differences_c-none_d-hard_a-concrete_p-moderate_s-05,hard,69.9359827041626,29.29953956604004,0.13179681891998962,-0.05050333903601244,transformer,1.0,1.0,0.0,1.0,1.0,1.0,1.0,0.0,1.0,1.0,0.9999997615814209,1.0,1.0,2,0.001,1.857298173035815e-07,1.857298173035815e-07,0.0,0.0,0.0,0.0,1.0,0.993,0.9781086444854736,0.9844179749488831,1000,0.2635,-1.804160475730896,0.9611140489578247,0.273,-1.7673580646514893,0.961912214756012,0.9066482782363892,0.05078125,0.05140978842973709,105345.0,71.88105756118775,0.22146622062414661,0.9752157607411515,1.0,0.5004612544013295,0.963,0.1,5,1.0,,,1.0,1.0,1.0,1.0,1.0,1.0,1.0,1.0,1.0,0.9999997615814209,1.0,,,1.0,0.9999997615814209,10000,10000,differences,0.9395,0.9603590127150337,-0.0605,0.9814814814814815,0.8171091445427728,0.7645878791809082,0.8437404036521912,-0.2354121208190918,0.9246308207511902,0.29945260286331177,0.9976115822792053,0.952,0.9664889565879665,-0.04800000000000004,0.9882697947214076,0.861271676300578,0.8138108849525452,0.8688033223152161,-0.18618911504745483,0.9509275555610657,0.4699903726577759,0.9975202679634094,-0.006000000000000005,"[1, 2, 3]",0.0,64
concrete,256,0.484,0.3201267828843106,0.6759776536312849,0.8473684210526315,-0.990139901638031,-1.6385778188705444,-0.22981564700603485,0.44705167412757874,0.9723320603370667,tight,nan,0.474609375,0.5,0.38671875,0.0,none,v3_t-differences_c-none_d-hard_a-concrete_p-tight_s-00,hard,105.77035284042358,19.965591430664062,0.25407907963975573,-0.23279086023227102,transformer,0.915,0.8721286370597243,-0.08499999999999996,0.9908814589665653,1.0,0.6902690529823303,0.5333353281021118,-0.3097309470176697,0.9696115255355835,1.0,0.9878309965133667,1.0,1.0,2,0.001,1.1864168300235178e-05,1.1864168300235178e-05,0.0,0.0,0.0,0.0,1.0,0.943,0.7819527983665466,0.9926521182060242,2000,0.4175,-1.1896065473556519,0.9527126550674438,0.4445,-1.1405067443847656,0.956953227519989,0.894690990447998,0.12109375,0.11933737248182297,28097.0,52.91177970645818,0.31566206531303964,0.9382656588709576,1.0,-0.25172820085814496,0.404,0.1,0,1.0,,,1.0,0.909,0.8619582664526485,0.975,1.0,0.6663183569908142,0.4883301258087158,0.9254433512687683,1.0,0.9899181127548218,1.0,,,1.0,0.9999899864196777,10000,10000,differences,0.4925,0.41660433807030667,-0.5075000000000001,0.5432098765432098,0.7433628318584071,-0.9638401865959167,-1.2493877410888672,-1.9638401865959167,-0.7978689074516296,0.0037184071261435747,0.978360116481781,0.482,0.4006092916984006,-0.518,0.5542521994134897,0.7196531791907514,-1.0047646760940552,-1.308645248413086,-2.004764676094055,-0.7597628235816956,-0.09306059777736664,0.9832688570022583,-0.0020000000000000018,"[1, 2, 3]",0.0,32
concrete,256,0.289,0.24088748019017434,0.39106145251396646,0.3526315789473684,-1.831838607788086,-2.0314157009124756,-1.4171960353851318,-1.5596702098846436,0.9972002506256104,tight,nan,0.70703125,0.2734375,0.25390625,0.0,none,v3_t-differences_c-none_d-hard_a-concrete_p-tight_s-01,hard,90.62784171104431,20.414913177490234,0.1479923551841735,-0.28183995414792234,transformer,1.0,1.0,0.0010000000000000009,1.0,1.0,0.9995362758636475,1.0,0.0009344816207885742,0.9999926686286926,0.9974654316902161,0.9996928572654724,1.0,1.0,2,0.001,0.0007819051388651133,0.0007819051388651133,0.0,0.0,0.0,0.0,1.0,0.9965,0.9889402985572815,0.9965953230857849,2000,0.12,-2.4872794151306152,0.9923001527786255,0.1295,-2.4504740238189697,0.9901045560836792,0.21134816110134125,0.421875,0.42002516984939575,28097.0,54.66017271894872,0.3260926603972244,0.9594336330806122,1.0,-0.6432399335175756,0.294,0.1,1,0.999,,,0.999,1.0,1.0,1.0,1.0,0.9992260932922363,1.0,1.0,0.9956275224685669,0.999510645866394,0.9986017942428589,,,0.9986017942428589,0.9993849396705627,10000,10000,differences,0.211,0.1323859386686612,-0.788,0.35802469135802467,0.3805309734513274,-2.13761830329895,-2.4473252296447754,-3.136220097541809,-1.558763861656189,-1.469390869140625,0.9938740134239197,0.2255,0.1447067783701447,-0.7735,0.3343108504398827,0.42485549132947975,-2.0764546394348145,-2.409512996673584,-3.0750564336776733,-1.6189322471618652,-1.2634773254394531,0.99371337890625,-0.06349999999999997,"[1, 2, 3]",0.0,32
concrete,256,0.219,0.044374009508716325,0.4245810055865922,0.6052631578947368,-2.090812921524048,-2.8030755519866943,-1.237226128578186,-0.5295206308364868,0.9890806674957275,tight,nan,0.7666015625,0.1796875,0.17578125,0.0,none,v3_t-differences_c-none_d-hard_a-concrete_p-tight_s-02,hard,76.3050889968872,19.93170928955078,0.26207898851330813,0.006971695376568887,transformer,0.905,0.8560490045941807,-0.09499999999999997,0.993920972644377,1.0,0.625572144985199,0.4312211275100708,-0.374427855014801,0.9816703200340271,1.0,0.9976679682731628,1.0,1.0,2,0.001,3.5711827877094038e-06,3.5711827877094038e-06,0.0,0.0,0.0,0.0,1.0,0.996,0.9862954616546631,0.9941183924674988,2000,0.5115,-0.8895726203918457,0.9757828116416931,0.5215,-0.8395407795906067,0.9726199507713318,0.6540558338165283,0.197265625,0.19344936311244965,28097.0,52.51957750047972,0.3133222582030478,0.9570278862831878,1.0,-0.5634309379820877,0.189,0.1,2,1.0,,,1.0,0.908,0.8523274478330658,1.0,1.0,0.6402708888053894,0.422585666179657,0.9999998211860657,1.0,0.9960499405860901,1.0,,,1.0,0.9999971985816956,10000,10000,differences,0.169,0.03664921465968586,-0.831,0.3333333333333333,0.5339233038348082,-2.3045928478240967,-2.844545841217041,-3.3045928478240967,-1.6340328454971313,-0.8159320950508118,0.9933418035507202,0.174,0.02817974105102818,-0.8260000000000001,0.375366568914956,0.5289017341040463,-2.294520616531372,-2.886756658554077,-3.294520616531372,-1.4925018548965454,-0.8375321626663208,0.9952584505081177,-0.04500000000000001,"[1, 2, 3]",0.0,32
concrete,256,0.002,0.0,0.0,0.010526315789473684,-2.991476535797119,-2.9999725818634033,-2.9999890327453613,-2.9552412033081055,0.9998976588249207,tight,nan,0.9990234375,0.0,0.0,0.0,none,v3_t-differences_c-none_d-hard_a-concrete_p-tight_s-03,hard,89.84993410110474,19.757658004760742,0.04924175581134922,-0.379297964192834,transformer,0.907,0.8598774885145483,-0.09299999999999997,0.9908814589665653,1.0,0.6468808054924011,0.46576693654060364,-0.3531191945075989,0.9740727543830872,1.0,0.9924498200416565,1.0,1.0,2,0.001,2.485935283402796e-06,2.485935283402796e-06,0.0,0.0,0.0,0.0,1.0,0.8655,0.5007389783859253,0.9726820588111877,2000,0.0185,-2.8985493183135986,0.993272066116333,0.024,-2.88448166847229,0.9940488338470459,0.9871768951416016,0.0,1.5890804206719622e-05,28097.0,53.64436000490082,0.3200325062866178,0.9207155106889363,0.999,-1.0100481450265755,0.007,0.1,3,1.0,,,1.0,0.907,0.8507223113964687,1.0,1.0,0.6549334526062012,0.44617679715156555,0.9998267889022827,1.0,0.9894367456436157,1.0,,,1.0,0.9999979734420776,10000,10000,differences,0.001,0.0,-0.999,0.0,0.0058997050147492625,-2.9947001934051514,-2.999967575073242,-3.9947001934051514,-2.9999887943267822,-2.968870162963867,0.9998070597648621,0.0015,0.0,-0.9985,0.0,0.008670520231213872,-2.9939980506896973,-2.9999685287475586,-3.9939980506896973,-2.9999887943267822,-2.965437173843384,0.9996991157531738,-0.0005,"[1, 2, 3]",0.0,32
concrete,256,0.178,0.02694136291600634,0.25139664804469275,0.6105263157894737,-2.2762951850891113,-2.8872268199920654,-1.9613747596740723,-0.5440472364425659,0.9950821399688721,tight,nan,0.798828125,0.18359375,0.18359375,0.0,none,v3_t-differences_c-none_d-hard_a-concrete_p-tight_s-04,hard,64.47514343261719,19.219552993774414,0.25174389209724435,-0.029248991531714036,transformer,0.8565,0.7848392036753445,-0.14349999999999996,0.9817629179331308,1.0,0.4296698272228241,0.14447176456451416,-0.5703301727771759,0.9290563464164734,1.0,0.9982866048812866,1.0,1.0,2,0.001,9.978193702409044e-07,9.978193702409044e-07,0.0,0.0,0.0,0.0,1.0,0.843,0.38573262095451355,0.9964046478271484,2000,0.152,-2.346046209335327,0.9860743880271912,0.161,-2.3074915409088135,0.986453115940094,0.7530794143676758,0.142578125,0.14095838367938995,28097.0,51.666667613921355,0.3082339527668944,0.9347119254648478,0.998,-0.5938594236696308,0.18,0.1,4,1.0,,,1.0,0.861,0.7849117174959872,0.975,1.0,0.4494672119617462,0.14534977078437805,0.9095717072486877,1.0,0.9988267421722412,1.0,,,1.0,0.999998927116394,10000,10000,differences,0.1595,0.016454749439042633,-0.8405,0.29012345679012347,0.5988200589970502,-2.349174976348877,-2.931896448135376,-3.349174976348877,-1.8076914548873901,-0.5684738755226135,0.9960203170776367,0.154,0.006092916984006093,-0.846,0.2991202346041056,0.5722543352601156,-2.3745150566101074,-2.9742517471313477,-3.3745150566101074,-1.7640712261199951,-0.7002583742141724,0.9954587817192078,-0.023999999999999994,"[1, 2, 3]",0.0,32
concrete,256,0.255,0.011093502377179081,0.39664804469273746,0.9315789473684211,-1.9626253843307495,-2.9460766315460205,-1.3500858545303345,0.7263914346694946,0.9921707510948181,tight,nan,0.7470703125,0.25,0.2265625,0.0,none,v3_t-differences_c-none_d-hard_a-concrete_p-tight_s-05,hard,95.76203870773315,19.925962448120117,0.27108668046046625,-0.0024822948563809066,transformer,0.8395,0.7618683001531393,-0.16049999999999998,0.9696048632218845,1.0,0.36156517267227173,0.0492401123046875,-0.6384348273277283,0.8930782675743103,1.0,0.9982052445411682,1.0,1.0,2,0.001,8.80405366388004e-07,8.80405366388004e-07,0.0,0.0,0.0,0.0,1.0,0.87,0.5051696300506592,0.9913268089294434,2000,0.2135,-2.0908401012420654,0.9814444780349731,0.2085,-2.074723243713379,0.9785141348838806,0.7459854483604431,0.12109375,0.12104097008705139,28097.0,50.12487378750281,0.29903589089420385,0.9131736436371515,1.0,-0.5027881900315543,0.335,0.1,5,1.0,,,1.0,0.845,0.7608346709470305,0.97,1.0,0.38530564308166504,0.04350977763533592,0.9059953093528748,1.0,0.9982165098190308,1.0,,,1.0,0.9999991059303284,10000,10000,differences,0.204,0.0014958863126402393,-0.796,0.27469135802469136,0.9351032448377581,-2.1646509170532227,-2.991549253463745,-3.1646509170532227,-1.808556318283081,0.7562598586082458,0.9923530220985413,0.213,0.002284843869002285,-0.787,0.2991202346041056,0.9277456647398844,-2.1343507766723633,-2.990122079849243,-3.1343507766723633,-1.73660409450531,0.7211299538612366,0.9938153624534607,-0.04200000000000001,"[1, 2, 3]",0.0,32
concrete,256,0.821,0.7702060221870047,0.9608938547486033,0.8578947368421053,0.347682386636734,0.14311856031417847,0.8575766682624817,0.5466755032539368,0.9750635027885437,wide,1.2055045871559633,0.2490234375,0.890625,0.78125,1.0,none,v3_t-differences_c-none_d-hard_a-concrete_p-wide_s-00,hard,89.94894194602966,37.4859733581543,0.1976480208728668,-0.013022970402198832,transformer,0.9885,0.9846860643185299,-0.009499999999999953,1.0,0.9917808219178083,0.959099531173706,0.944352924823761,-0.03416365385055542,0.9999998211860657,0.9749975800514221,0.9971827268600464,1.0,1.0,2,0.001,0.033090636134147644,0.033090636134147644,0.0,0.0,0.0,0.0,1.0,0.9775,0.9293915033340454,0.993893563747406,2000,0.9235,0.7223619222640991,0.9884264469146729,0.9125,0.6748049259185791,0.9873732924461365,0.6172719597816467,0.3046875,0.3051794171333313,407297.0,110.43641992170907,0.17304406706886152,0.9697613739205031,0.999,0.1356800714961337,0.782,0.1,0,0.998,,,0.998,0.986,0.9791332263242376,1.0,0.9943502824858758,0.955534040927887,0.931947648525238,1.0,0.9883086681365967,0.9962244033813477,0.9932631850242615,,,0.9932631850242615,0.9974770545959473,10000,10000,differences,0.8685,0.8691099476439791,-0.12949999999999995,0.9691358024691358,0.7699115044247787,0.4891704320907593,0.48170918226242065,-0.5040927529335022,0.8860539793968201,0.13927513360977173,0.9909279942512512,0.8845,0.9047981721249048,-0.11350000000000005,0.9501466275659824,0.7427745664739884,0.5680624842643738,0.6388517022132874,-0.4252007007598877,0.8321443796157837,0.039166200906038284,0.9877765774726868,0.0635,"[1, 2, 3]",0.0,128
concrete,256,0.262,0.1949286846275753,0.3016759776536313,0.4473684210526316,-1.9184597730636597,-2.1850051879882812,-1.7642426490783691,-1.1785365343093872,0.988860547542572,wide,nan,0.74609375,0.2890625,0.27734375,0.0,none,v3_t-differences_c-none_d-hard_a-concrete_p-wide_s-01,hard,99.8658275604248,37.016693115234375,0.17260609374779257,0.02216181220841576,transformer,0.9995,1.0,0.000500000000000056,1.0,0.9972602739726028,0.9988076090812683,1.0,0.0013099312782287598,0.9999998807907104,0.9934663772583008,0.9993175864219666,1.0,1.0,2,0.001,0.0013269898481667042,0.0013269898481667042,0.0,0.0,0.0,0.0,1.0,0.999,0.9964122772216797,0.9978930950164795,2000,0.2715,-1.8667285442352295,0.9797479510307312,0.2855,-1.7946759462356567,0.9807888269424438,0.7012726068496704,0.21875,0.21709942817687988,407297.0,110.07902683895931,0.17248406383238263,0.9540282375937392,1.0,-0.37550340104378055,0.281,0.1,1,0.999,,,0.999,1.0,1.0,1.0,1.0,0.9999763369560242,1.0,1.0,0.9998661875724792,0.999856173992157,0.9974976778030396,,,0.9974976778030396,0.9970535635948181,10000,10000,differences,0.4185,0.3956619296933433,-0.5805,0.42901234567901236,0.49852507374631266,-1.2707759141921997,-1.371158242225647,-2.2682735919952393,-1.2160426378250122,-0.9271841645240784,0.9855473637580872,0.4395,0.4242193450114242,-0.5595,0.436950146627566,0.5,-1.2110347747802734,-1.2751224040985107,-2.208532452583313,-1.2093360424041748,-0.9695097804069519,0.9884520769119263,0.1775,"[1, 2, 3]",0.0,128
concrete,256,0.099,0.030110935023771792,0.18994413407821228,0.24210526315789474,-2.6000912189483643,-2.8794260025024414,-2.2241153717041016,-2.0266144275665283,0.9993568062782288,wide,nan,0.90625,0.06640625,0.06640625,0.0,none,v3_t-differences_c-none_d-hard_a-concrete_p-wide_s-02,hard,83.77355360984802,37.55281066894531,0.09922330477830528,-0.04042986783281202,transformer,1.0,1.0,0.0,1.0,1.0,1.0,1.0,0.0,1.0,1.0,0.9999998807907104,1.0,1.0,2,0.001,1.2277698147045157e-07,1.2277698147045157e-07,0.0,0.0,0.0,0.0,1.0,0.999,0.9966455101966858,0.9971681833267212,1000,0.1065,-2.5480849742889404,0.9910563826560974,0.11,-2.5361649990081787,0.990748405456543,0.6280236840248108,0.181640625,0.1808302104473114,407297.0,103.56397889943474,0.1622755620228965,0.9875152725495083,1.0,-1.07177601423669,0.099,0.1,2,1.0,,,1.0,1.0,1.0,1.0,1.0,1.0,1.0,1.0,1.0,0.9999998807907104,1.0,,,1.0,0.9999998807907104,10000,10000,differences,0.168,0.1219147344801795,-0.832,0.17592592592592593,0.3421828908554572,-2.3233931064605713,-2.509272336959839,-3.3233931064605713,-2.2814478874206543,-1.6303848028182983,0.9985853433609009,0.1575,0.09824828636709824,-0.8425,0.21700879765395895,0.3236994219653179,-2.3684422969818115,-2.606241464614868,-3.3684422969818115,-2.12680721282959,-1.7041876316070557,0.9988366961479187,0.058499999999999996,"[1, 2, 3]",0.0,128
concrete,256,0.974,0.993660855784469,1.0,0.8842105263157894,0.8986002802848816,0.9782821536064148,1.0,0.5384435653686523,0.9986003041267395,wide,1.0,0.015625,0.984375,0.984375,1.0,none,v3_t-differences_c-none_d-hard_a-concrete_p-wide_s-03,hard,77.32999229431152,37.650352478027344,0.1922130550555134,0.07169625198419526,transformer,1.0,1.0,0.0,1.0,1.0,1.0,1.0,0.0,1.0,1.0,0.9999977946281433,1.0,1.0,2,0.001,3.5559770594773e-07,3.5559770594773e-07,0.0,0.0,0.0,0.0,1.0,0.9755,0.9293665885925293,0.9645422101020813,1000,0.504,-0.6597527861595154,0.8800287842750549,0.4815,-0.7449455857276917,0.8835355639457703,0.8954343795776367,0.048828125,0.04939722269773483,407297.0,105.17665944607202,0.16480248928901745,0.9660597038838985,1.0,0.43221662211115863,0.968,0.1,3,1.0,,,1.0,1.0,1.0,1.0,1.0,0.9999998807907104,0.9999998211860657,1.0,1.0,0.999992311000824,1.0,,,1.0,0.9999996423721313,10000,10000,differences,0.8475,0.8548990276738968,-0.15249999999999997,0.8672839506172839,0.799410029498525,0.3974084258079529,0.421389639377594,-0.6025915741920471,0.48762333393096924,0.2166042923927307,0.9946135878562927,0.854,0.865955826351866,-0.14600000000000002,0.8797653958944281,0.7832369942196532,0.4295521080493927,0.4753626585006714,-0.5704478919506073,0.5427480340003967,0.1441500186920166,0.9923913478851318,-0.12,"[1, 2, 3]",0.0,128
concrete,256,0.716,0.6513470681458003,0.8603351955307262,0.7947368421052632,-0.10478472709655762,-0.37232616543769836,0.4881877303123474,0.22509199380874634,0.9912155270576477,wide,nan,0.326171875,0.7421875,0.74609375,0.0,none,v3_t-differences_c-none_d-hard_a-concrete_p-wide_s-04,hard,99.44701290130615,37.85845184326172,0.18141385543546334,0.0751880011736111,transformer,0.959,0.9372128637059725,-0.041000000000000036,1.0,1.0,0.8397401571273804,0.7545791268348694,-0.16025984287261963,1.0,1.0,0.9982984662055969,1.0,1.0,2,0.001,9.091527317650616e-07,9.091527317650616e-07,0.0,0.0,0.0,0.0,1.0,0.9625,0.8700648546218872,0.9933646321296692,2000,0.6385,-0.337900847196579,0.958966076374054,0.636,-0.3681752681732178,0.9585285782814026,0.7937337160110474,0.13671875,0.13447041809558868,407297.0,106.74099118140572,0.16725365825953403,0.9544055149260322,1.0,0.054362134021793795,0.737,0.1,4,1.0,,,1.0,0.961,0.9373996789727127,1.0,1.0,0.8467825651168823,0.7540676593780518,0.9999923706054688,1.0,0.9990556836128235,1.0,,,1.0,0.9999992251396179,10000,10000,differences,0.7605,0.712789827973074,-0.23950000000000005,0.9104938271604939,0.8053097345132744,0.07988249510526657,-0.09663040935993195,-0.9201175048947334,0.6588493585586548,0.22269216179847717,0.988635241985321,0.738,0.6770753998476771,-0.262,0.9266862170087976,0.7832369942196532,-0.00881434790790081,-0.24515892565250397,-1.0088143479079008,0.7370970845222473,0.1529330611228943,0.9881786108016968,0.02200000000000002,"[1, 2, 3]",0.0,128
concrete,256,0.707,0.606973058637084,0.9497206703910615,0.8105263157894737,-0.152886301279068,-0.5474551916122437,0.8051928877830505,0.2548863887786865,0.9931224584579468,wide,nan,0.25,0.68359375,0.3671875,0.0,none,v3_t-differences_c-none_d-hard_a-concrete_p-wide_s-05,hard,104.08536386489868,37.92136001586914,0.1632361846542378,0.015967579663708813,transformer,1.0,1.0,0.0,1.0,1.0,1.0,1.0,0.0,1.0,1.0,0.9999988079071045,1.0,1.0,2,0.001,6.55815199479548e-07,6.55815199479548e-07,0.0,0.0,0.0,0.0,1.0,0.996,0.99226975440979,0.9972455501556396,2000,0.4095,-1.272882342338562,0.9618664979934692,0.3835,-1.382112979888916,0.9634447693824768,0.6883354187011719,0.224609375,0.220228910446167,407297.0,104.579697532956,0.16386710296081128,0.956447699670936,1.0,0.10603154046124097,0.765,0.1,5,1.0,,,1.0,1.0,1.0,1.0,1.0,1.0,1.0,1.0,1.0,0.9999990463256836,1.0,,,1.0,0.9999994039535522,10000,10000,differences,0.6705,0.5527299925205684,-0.3295,0.9012345679012346,0.9144542772861357,-0.24078483879566193,-0.6900798082351685,-1.240784838795662,0.6545339226722717,0.6755104660987854,0.9749506115913391,0.652,0.5338918507235338,-0.348,0.9237536656891495,0.8323699421965318,-0.2984901964664459,-0.7316715121269226,-1.298490196466446,0.7131772041320801,0.3482973575592041,0.9715601801872253,-0.05499999999999994,"[1, 2, 3]",0.0,128
invariant,256,0.437,0.4294770206022187,0.3743016759776536,0.5210526315789473,-1.1405138969421387,-1.187071442604065,-1.3500442504882812,-0.7884935736656189,0.9608812928199768,moderate,nan,0.59765625,0.42578125,0.47265625,0.0,none,v3_t-differences_c-none_d-hard_a-invariant_p-moderate_s-00,hard,99.64155125617981,28.500167846679688,0.18833916209555962,0.001072039299082993,transformer,0.9905,0.9862174578866769,-0.009499999999999953,1.0,0.9972602739726028,0.9660090208053589,0.9501451849937439,-0.03395599126815796,1.0,0.9921324849128723,0.9989972114562988,1.0,1.0,2,0.001,0.002360240090638399,0.001758130849339068,0.0006021092412993312,0.0,0.0,0.0,1.0,0.9955,0.9856765866279602,0.9958100318908691,2000,0.3405,-1.5201497077941895,0.9599708318710327,0.3515,-1.4610910415649414,0.9545593857765198,0.6138359308242798,0.4765625,0.4651271402835846,105345.0,75.39744552806842,0.23230024532683521,0.9420146820625037,0.999,-0.05412784165922924,0.464,0.1,0,1.0,,,1.0,0.983,0.9727126805778491,1.0,1.0,0.9352588057518005,0.8960862159729004,1.0,0.9999831914901733,0.9988805055618286,0.9999650120735168,,,0.9999650120735168,0.9997231364250183,10000,10000,differences,0.3635,0.3036649214659686,-0.6365000000000001,0.42592592592592593,0.5398230088495575,-1.3807880878448486,-1.585792899131775,-2.3807530999183655,-1.204357385635376,-0.7408829927444458,0.9411143064498901,0.387,0.345011424219345,-0.613,0.44574780058651026,0.4884393063583815,-1.292395830154419,-1.4418280124664307,-2.292360842227936,-1.1074655055999756,-0.9075887799263,0.9475857019424438,-0.04999999999999999,"[1, 2, 3]",0.0,64
invariant,256,0.246,0.07131537242472266,0.49162011173184356,0.5947368421052631,-1.9839718341827393,-2.6961727142333984,-0.9459663033485413,-0.5966258645057678,0.9889705777168274,moderate,nan,0.734375,0.2421875,0.2421875,0.0,none,v3_t-differences_c-none_d-hard_a-invariant_p-moderate_s-01,hard,94.21507000923157,29.39276123046875,0.16325574443806654,-0.03974776093969368,transformer,1.0,1.0,0.0,1.0,1.0,1.0,1.0,0.0,1.0,1.0,0.9999955892562866,1.0,1.0,2,0.001,3.462903634954273e-07,3.462903634954273e-07,9.48674868045743e-15,0.0,0.0,0.0,1.0,0.9985,0.9955552816390991,0.9983617067337036,2000,0.291,-1.731228232383728,0.9638485908508301,0.2795,-1.770511269569397,0.9657662510871887,0.6182557344436646,0.23046875,0.23139092326164246,105345.0,73.85014592693472,0.2275330005691376,0.9591089992304996,1.0,-0.3839837332627434,0.21,0.1,1,1.0,,,1.0,1.0,1.0,1.0,1.0,1.0,1.0,1.0,1.0,0.9999958276748657,1.0,,,1.0,0.9999996423721313,10000,10000,differences,0.233,0.059087509349289455,-0.767,0.5154320987654321,0.6489675516224189,-2.019089937210083,-2.7348597049713135,-3.019089937210083,-0.795300304889679,-0.3657676577568054,0.9876035451889038,0.2335,0.04722010662604722,-0.7665,0.5571847507331378,0.6213872832369942,-2.0366902351379395,-2.7905592918395996,-3.0366902351379395,-0.7074075937271118,-0.48598167300224304,0.987930178642273,-0.012499999999999983,"[1, 2, 3]",0.0,64
invariant,256,0.554,0.5293185419968305,0.6256983240223464,0.5684210526315789,-0.7507332563400269,-0.8375012278556824,-0.4681845009326935,-0.7287627458572388,0.9897792935371399,moderate,nan,0.4658203125,0.546875,0.44140625,0.0,none,v3_t-differences_c-none_d-hard_a-invariant_p-moderate_s-02,hard,80.67045879364014,28.703018188476562,0.21223322496354377,0.014277118971104428,transformer,1.0,1.0,0.0,1.0,1.0,1.0,1.0,0.0,1.0,1.0,0.9999991655349731,1.0,1.0,2,0.001,8.542530736121989e-07,8.542529030819423e-07,1.6047859113625662e-13,0.0,0.0,0.0,1.0,0.9985,0.9938385486602783,0.9990885853767395,2000,0.4705,-1.0765916109085083,0.9837597608566284,0.454,-1.127866506576538,0.9839925169944763,0.2846256494522095,0.37109375,0.3730626702308655,105345.0,73.4568675566662,0.22632130617743432,0.9651374044450904,1.0,-0.01343956276319691,0.587,0.1,2,1.0,,,1.0,1.0,1.0,1.0,1.0,1.0,1.0,1.0,1.0,0.9999992251396179,1.0,,,1.0,0.9999992847442627,10000,10000,differences,0.6405,0.6477187733732236,-0.35950000000000004,0.691358024691358,0.5634218289085545,-0.4235217869281769,-0.3931652903556824,-1.4235217869281769,-0.233296737074852,-0.7250543832778931,0.9939166307449341,0.6515,0.6374714394516374,-0.34850000000000003,0.7360703812316716,0.6213872832369942,-0.3587653636932373,-0.3994748592376709,-1.3587653636932373,-0.057974543422460556,-0.5007252097129822,0.988417387008667,0.09749999999999992,"[1, 2, 3]",0.0,64
invariant,256,0.371,0.08399366085578447,0.7653631284916201,0.9526315789473684,-1.482327938079834,-2.638211727142334,0.15717999637126923,0.8118348717689514,0.9869218468666077,moderate,nan,0.6015625,0.42578125,0.3671875,0.0,none,v3_t-differences_c-none_d-hard_a-invariant_p-moderate_s-03,hard,102.35030508041382,28.840295791625977,0.2906139923325588,0.13374171385663558,transformer,0.889,0.830781010719755,-0.11099999999999999,0.9969604863221885,1.0,0.5778488516807556,0.3544705808162689,-0.4221511483192444,0.9962284564971924,1.0,0.9928213357925415,1.0,1.0,2,0.001,3.0856431294523645e-06,3.085629032284487e-06,1.4012808274843636e-11,0.0,0.0,0.0,1.0,0.8635,0.46706146001815796,0.9945131540298462,2000,0.3025,-1.761501431465149,0.9886462688446045,0.2885,-1.8087427616119385,0.9879752993583679,0.8745895028114319,0.09765625,0.09479183703660965,105345.0,74.98197152799975,0.23102016598904193,0.9575586279202271,1.0,-0.21104768024391518,0.47,0.1,3,1.0,,,1.0,0.905,0.8475120385232745,1.0,1.0,0.634374737739563,0.4131220281124115,0.9999986290931702,1.0,0.9947549104690552,1.0,,,1.0,0.999997079372406,10000,10000,differences,0.4395,0.2094240837696335,-0.5605,0.8981481481481481,0.9085545722713865,-1.17337167263031,-2.0809264183044434,-2.17337167263031,0.6700900197029114,0.6440879106521606,0.9808269143104553,0.4335,0.19268849961919268,-0.5665,0.9296187683284457,0.8583815028901735,-1.1872891187667847,-2.1310007572174072,-2.1872891187667847,0.7690590620040894,0.4658283293247223,0.9779016375541687,0.0625,"[1, 2, 3]",0.0,64
invariant,256,0.293,0.02377179080824089,0.5754189944134078,0.9210526315789473,-1.8150287866592407,-2.89827823638916,-0.6455482244491577,0.6807253360748291,0.992061197757721,moderate,nan,0.69921875,0.29296875,0.265625,0.0,none,v3_t-differences_c-none_d-hard_a-invariant_p-moderate_s-04,hard,95.56412363052368,29.443675994873047,0.27221827139843563,0.10368437295157364,transformer,0.8515,0.7787136294027565,-0.14849999999999997,0.9756838905775076,1.0,0.41263672709465027,0.1199575662612915,-0.5873632729053497,0.9228230714797974,1.0,0.9971417188644409,1.0,1.0,2,0.001,9.84666371550702e-07,9.846660304901889e-07,2.9766526700100715e-13,0.0,0.0,0.0,1.0,0.9085,0.6351384520530701,0.9966252446174622,2000,0.3765,-1.4181268215179443,0.9715712666511536,0.391,-1.324525237083435,0.9654274582862854,0.8780592083930969,0.095703125,0.09440798312425613,105345.0,74.06173091321358,0.22818489592017785,0.953144561873566,0.999,-0.9015945322305252,0.241,0.1,4,1.0,,,1.0,0.864,0.7929373996789727,0.965,1.0,0.4683959186077118,0.18382343649864197,0.8843696117401123,1.0,0.9954571723937988,1.0,,,1.0,0.9999989867210388,10000,10000,differences,0.274,0.02019446522064323,-0.726,0.6018518518518519,0.9616519174041298,-1.8763235807418823,-2.908891439437866,-2.8763235807418823,-0.4730539321899414,0.8548966646194458,0.990768551826477,0.28,0.012185833968012186,-0.72,0.6187683284457478,0.9624277456647399,-1.8540326356887817,-2.9437289237976074,-2.8540326356887817,-0.4282034635543823,0.8759195804595947,0.9919954538345337,-0.012999999999999956,"[1, 2, 3]",0.0,64
invariant,256,0.2,0.13312202852614896,0.2569832402234637,0.3684210526315789,-2.1806273460388184,-2.458343744277954,-1.9445372819900513,-1.4807382822036743,0.995474636554718,moderate,nan,0.8076171875,0.19140625,0.19140625,0.0,none,v3_t-differences_c-none_d-hard_a-invariant_p-moderate_s-05,hard,95.5974509716034,29.228784561157227,0.19300638337350304,0.01306753316297365,transformer,1.0,1.0,0.0,1.0,1.0,1.0,1.0,0.0,1.0,1.0,0.9999985098838806,1.0,1.0,2,0.001,1.2902629578093183e-06,1.2902623893751297e-06,6.164120863044742e-13,0.0,0.0,0.0,1.0,0.9995,0.9990354180335999,0.9992361068725586,2000,0.255,-1.949800729751587,0.9889850616455078,0.28,-1.8480119705200195,0.9869331121444702,0.5462935566902161,0.240234375,0.2416589856147766,105345.0,72.94163903364712,0.22473388220758433,0.9793526971838372,1.0,-0.38962781920815304,0.212,0.1,5,1.0,,,1.0,1.0,1.0,1.0,1.0,1.0,1.0,1.0,1.0,0.9999986886978149,1.0,,,1.0,0.9999985098838806,10000,10000,differences,0.5035,0.5108451757666418,-0.49650000000000005,0.5308641975308642,0.44837758112094395,-0.9745151400566101,-0.9523071050643921,-1.97451514005661,-0.8573830723762512,-1.1740514039993286,0.9957534074783325,0.5115,0.5293221629855294,-0.48850000000000005,0.44868035190615835,0.5057803468208093,-0.9435876607894897,-0.8733821511268616,-1.9435876607894897,-1.2054578065872192,-0.9519177079200745,0.9956616759300232,0.31149999999999994,"[1, 2, 3]",0.0,64
invariant,256,0.126,0.003169572107765452,0.15083798882681565,0.5105263157894737,-2.460317373275757,-2.9757227897644043,-2.2990448474884033,-0.9005650281906128,0.9911643266677856,tight,nan,0.8505859375,0.16015625,0.1171875,0.0,none,v3_t-differences_c-none_d-hard_a-invariant_p-tight_s-00,hard,78.2029619216919,19.93484878540039,0.25477228539361474,-0.20733153488150544,transformer,0.932,0.8966309341500766,-0.06799999999999995,0.9969604863221885,1.0,0.7345936298370361,0.5951730608940125,-0.26540637016296387,0.9935901761054993,1.0,0.997117280960083,1.0,1.0,2,0.001,1.1920111319341231e-05,1.1918837117264047e-05,1.2740088983775877e-09,0.0,0.0,0.0,1.0,0.9185,0.7463067770004272,0.9664103388786316,2000,0.131,-2.290541887283325,0.9644265174865723,0.144,-2.2675669193267822,0.9646945595741272,0.8471570014953613,0.115234375,0.1192619651556015,28097.0,53.1745535220434,0.31722972615903633,0.8981367122337214,0.998,-0.6163760718866937,0.163,0.1,0,1.0,,,1.0,0.928,0.8892455858747994,0.985,1.0,0.7251131534576416,0.5749243497848511,0.9496764540672302,1.0,0.9952126741409302,1.0,,,1.0,0.9999926686286926,10000,10000,differences,0.1005,0.0,-0.8995,0.13271604938271606,0.46607669616519176,-2.565779685974121,-2.991600513458252,-3.565779685974121,-2.411613941192627,-1.0337058305740356,0.989903450012207,0.102,0.0,-0.898,0.1466275659824047,0.44508670520231214,-2.5583720207214355,-2.993666410446167,-3.5583720207214355,-2.3528409004211426,-1.1090785264968872,0.9893859624862671,-0.024000000000000007,"[1, 2, 3]",0.0,32
invariant,256,0.105,0.03803486529318542,0.1452513966480447,0.2894736842105263,-2.5678277015686035,-2.842616319656372,-2.3773326873779297,-1.8347063064575195,0.9966660737991333,tight,nan,0.875,0.12109375,0.12109375,0.0,none,v3_t-differences_c-none_d-hard_a-invariant_p-tight_s-01,hard,88.70205497741699,20.393226623535156,0.18241939549816066,-0.15345126847414953,transformer,1.0,1.0,0.0,1.0,1.0,0.9998940229415894,1.0,-0.0001049041748046875,1.0,0.9994192719459534,0.9998059272766113,1.0,1.0,2,0.001,0.00019309011986479163,0.00018992350669577718,3.166620444972068e-06,0.0,0.0,0.0,1.0,0.9915,0.9591156244277954,0.975417971611023,2000,0.167,-2.2717368602752686,0.9834174513816833,0.178,-2.224368095397949,0.9821450114250183,0.7872775793075562,0.123046875,0.1224246621131897,28097.0,54.563358602947744,0.32551508496925985,0.976188279846003,1.0,-1.025369563017327,0.104,0.1,1,1.0,,,1.0,1.0,1.0,1.0,1.0,0.9999996423721313,1.0,1.0,0.9999979138374329,0.9999812841415405,0.999998927116394,,,0.999998927116394,0.9999369978904724,10000,10000,differences,0.3455,0.28646222887060585,-0.6545000000000001,0.4722222222222222,0.45722713864306785,-1.5985510349273682,-1.8302030563354492,-2.598549962043762,-1.1069855690002441,-1.1547400951385498,0.9941486716270447,0.381,0.3457730388423458,-0.619,0.4252199413489736,0.47109826589595377,-1.455703854560852,-1.596890926361084,-2.455702781677246,-1.2768558263778687,-1.0961920022964478,0.9926608800888062,0.276,"[1, 2, 3]",0.0,32
invariant,256,0.151,0.006339144215530904,0.24022346368715083,0.5473684210526316,-2.375800609588623,-2.9721531867980957,-2.004326105117798,-0.7452493906021118,0.9944095611572266,tight,nan,0.8408203125,0.12109375,0.11328125,0.0,none,v3_t-differences_c-none_d-hard_a-invariant_p-tight_s-02,hard,87.69113779067993,19.84236717224121,0.269740488044481,0.027307855288782226,transformer,0.921,0.8805513016845329,-0.07899999999999996,0.993920972644377,1.0,0.6865038275718689,0.5259309411048889,-0.3134961724281311,0.9761154055595398,1.0,0.9964260458946228,1.0,1.0,2,0.001,3.5273733374197036e-06,3.5273405956104398e-06,3.272516979624385e-11,0.0,0.0,0.0,1.0,0.9995,0.9975099563598633,0.9955615401268005,2000,0.314,-1.6088850498199463,0.9617692828178406,0.3315,-1.552886724472046,0.9651495814323425,0.7802877426147461,0.134765625,0.13399100303649902,28097.0,52.624937717560236,0.3139508181174936,0.9382399006849201,1.0,-0.60309214108153,0.141,0.1,2,1.0,,,1.0,0.923,0.8780096308186196,0.995,1.0,0.7014693021774292,0.5276923179626465,0.9785850048065186,1.0,0.9971321821212769,1.0,,,1.0,0.9999968409538269,10000,10000,differences,0.1485,0.014958863126402393,-0.8515,0.23148148148148148,0.5958702064896755,-2.389190912246704,-2.936373472213745,-3.389190912246704,-2.0105855464935303,-0.5929814577102661,0.9942577481269836,0.157,0.013709063214013708,-0.843,0.2903225806451613,0.569364161849711,-2.3514044284820557,-2.941845178604126,-3.3514044284820557,-1.8035616874694824,-0.6507264971733093,0.9936767816543579,0.006000000000000005,"[1, 2, 3]",0.0,32
invariant,256,0.0,0.0,0.0,0.0,-2.999941825866699,-2.9999423027038574,-2.9999794960021973,-2.999906301498413,0.9999927878379822,tight,nan,1.0,0.0,0.0,0.0,none,v3_t-differences_c-none_d-hard_a-invariant_p-tight_s-03,hard,91.1203441619873,19.586889266967773,0.06984933085004946,-0.42784232137281797,transformer,0.8745,0.8078101071975498,-0.12549999999999994,1.0,1.0,0.5417649149894714,0.29842787981033325,-0.45823508501052856,0.9993401169776917,1.0,0.9893110990524292,1.0,1.0,2,0.001,3.4577903988974867e-06,3.4577594760776265e-06,3.0989141808213105e-11,0.0,0.0,0.0,1.0,0.998,0.9882528185844421,0.9860019683837891,2000,0.0225,-2.8659818172454834,0.9915516972541809,0.024,-2.857682466506958,0.9923436045646667,0.989861249923706,0.0,0.0010814007837325335,28097.0,53.668509324868005,0.32017657674236577,0.8990321522577897,0.994,-0.6837964730120614,0.0,0.1,3,1.0,,,1.0,0.873,0.7961476725521669,1.0,1.0,0.5277114510536194,0.2425951212644577,0.9978735446929932,1.0,0.9883742332458496,1.0,,,1.0,0.9999966621398926,10000,10000,differences,0.0,0.0,-1.0,0.0,0.0,-2.999638557434082,-2.9999372959136963,-3.999638557434082,-2.9999780654907227,-2.998135805130005,0.9999535083770752,0.0005,0.0,-0.9995,0.0,0.002890173410404624,-2.9981982707977295,-2.9999337196350098,-3.9981982707977295,-2.9999783039093018,-2.989858388900757,0.9997842907905579,0.0005,"[1, 2, 3]",0.0,32
invariant,256,0.169,0.009508716323296355,0.3128491620111732,0.5631578947368421,-2.316913604736328,-2.955522298812866,-1.7475491762161255,-0.7324603199958801,0.996807336807251,tight,nan,0.8291015625,0.171875,0.16796875,0.0,none,v3_t-differences_c-none_d-hard_a-invariant_p-tight_s-04,hard,94.48379874229431,19.159486770629883,0.2548344004975486,-0.07637677124930044,transformer,0.825,0.7542113323124043,-0.17500000000000004,0.9118541033434651,1.0,0.30187109112739563,0.018384261056780815,-0.6981289088726044,0.6526819467544556,1.0,0.9993974566459656,1.0,1.0,2,0.001,9.058036312126205e-07,9.058033469955262e-07,2.7847873746572605e-13,0.0,0.0,0.0,1.0,0.8385,0.3597038686275482,0.9957442283630371,2000,0.149,-2.362431049346924,0.9878037571907043,0.166,-2.297666549682617,0.9873224496841431,0.7569410800933838,0.140625,0.13986456394195557,28097.0,51.607898831378655,0.3078833488866946,0.9412215932181331,1.0,-0.622709704432673,0.185,0.1,4,1.0,,,1.0,0.819,0.7495987158908507,0.875,1.0,0.2789413630962372,-0.0015973952831700444,0.5146828293800354,1.0,0.9994814991950989,1.0,,,1.0,0.9999990463256836,10000,10000,differences,0.1485,0.002243829468960359,-0.8515,0.22839506172839505,0.6489675516224189,-2.3879637718200684,-2.9893362522125244,-3.3879637718200684,-2.0287156105041504,-0.3595331311225891,0.9954548478126526,0.1555,0.0007616146230007616,-0.8445,0.24926686217008798,0.6502890173410405,-2.3705058097839355,-2.9969379901885986,-3.3705058097839355,-1.9999438524246216,-0.35853004455566406,0.9959596991539001,-0.013500000000000012,"[1, 2, 3]",0.0,32
invariant,256,0.442,0.1410459587955626,0.9217877094972067,0.9894736842105263,-1.1842505931854248,-2.3763442039489746,0.7267271280288696,0.9744123220443726,0.9798011183738708,tight,nan,0.5283203125,0.40234375,0.2578125,0.0,none,v3_t-differences_c-none_d-hard_a-invariant_p-tight_s-05,hard,88.3813009262085,19.677217483520508,0.30528293202408974,0.06659960922298847,transformer,0.8755,0.8093415007656968,-0.12450000000000006,1.0,1.0,0.5286452770233154,0.2792297899723053,-0.47135472297668457,0.9957948923110962,1.0,0.9925071597099304,1.0,1.0,2,0.001,1.8921529090221156e-06,1.892150294224848e-06,2.6318522014512347e-12,0.0,0.0,0.0,1.0,0.8715,0.5215027928352356,0.9893816113471985,2000,0.295,-1.6842607259750366,0.9626218676567078,0.316,-1.609289526939392,0.9599752426147461,0.8550072908401489,0.162109375,0.1561601161956787,28097.0,50.360535641884915,0.3004418067050583,0.9129469615240308,1.0,-0.2496762034342146,0.415,0.1,5,1.0,,,1.0,0.881,0.8089887640449438,1.0,1.0,0.5583798885345459,0.2911476492881775,0.9999746680259705,1.0,0.9928897619247437,1.0,,,1.0,0.9999980926513672,10000,10000,differences,0.356,0.08302169035153328,-0.644,0.8179012345679012,0.9911504424778761,-1.516079306602478,-2.6007275581359863,-2.516079306602478,0.36145004630088806,0.9672696590423584,0.9841171503067017,0.3645,0.06930693069306931,-0.6355,0.8768328445747801,0.9797687861271677,-1.5004414319992065,-2.672484874725342,-2.5004414319992065,0.5467935800552368,0.9295759201049805,0.9866370558738708,-0.07750000000000001,"[1, 2, 3]",0.0,32
invariant,256,0.663,0.6053882725832013,0.7653631284916201,0.7578947368421053,-0.3146870732307434,-0.5280175805091858,0.0688023641705513,0.03250737115740776,0.9788536429405212,wide,nan,0.3076171875,0.7109375,0.3671875,0.0,none,v3_t-differences_c-none_d-hard_a-invariant_p-wide_s-00,hard,97.73513913154602,36.624595642089844,0.27308694802516364,0.08633787446108583,transformer,0.9895,0.9846860643185299,-0.010499999999999954,0.9969604863221885,1.0,0.9669606685638428,0.9524703621864319,-0.033039093017578125,0.9878418445587158,0.9999867081642151,0.9953166246414185,1.0,1.0,2,0.001,3.548805761965923e-05,3.542780541465618e-05,6.025135235177004e-08,0.0,0.0,0.0,1.0,0.9995,0.9973688721656799,0.9984765648841858,2000,0.975,0.9095557928085327,0.9936807751655579,0.9655,0.8898170590400696,0.9887204766273499,0.3948707580566406,0.4140625,0.4261762499809265,407297.0,109.63826285035191,0.1717934257868883,0.9648603702056645,1.0,-0.18838112693121123,0.645,0.1,0,1.0,,,1.0,0.994,0.9903691813804173,1.0,1.0,0.9762559533119202,0.9618875980377197,1.0,1.0,0.9966714382171631,0.9999997615814209,,,0.9999997615814209,0.9999577403068542,10000,10000,differences,0.6455,0.5826477187733732,-0.35450000000000004,0.7376543209876543,0.8053097345132744,-0.39884915947914124,-0.6569324135780334,-1.3988489210605621,-0.027416428551077843,0.2640215754508972,0.995262086391449,0.6595,0.5955826351865956,-0.3405,0.7360703812316716,0.8265895953757225,-0.34704747796058655,-0.6043058037757874,-1.3470472395420074,-0.044768325984478,0.3312848210334778,0.9952449798583984,-0.0035000000000000586,"[1, 2, 3]",0.0,128
invariant,256,0.775,0.8795562599049128,0.6480446927374302,0.5473684210526316,0.16237585246562958,0.5858532786369324,-0.3641459345817566,-0.7479759454727173,0.971296489238739,wide,0.9310344827586207,0.265625,0.79296875,0.83203125,1.0,none,v3_t-differences_c-none_d-hard_a-invariant_p-wide_s-01,hard,98.78929710388184,36.92628860473633,0.18325698837903745,0.007822942651889389,transformer,0.9995,1.0,-0.0004999999999999449,1.0,0.9972602739726028,0.9992801547050476,1.0,0.0007794499397277832,1.0,0.9960557818412781,0.9994981288909912,1.0,1.0,2,0.001,0.0017201525624841452,0.001648767152801156,7.138539513107389e-05,0.0,0.0,0.0,1.0,0.998,0.9938970804214478,0.9977093935012817,2000,0.7555,0.1256505399942398,0.9500823020935059,0.7485,0.11119228601455688,0.9493622779846191,0.7308834195137024,0.22265625,0.21919453144073486,407297.0,110.38819557679857,0.17296850380104675,0.9596934641427918,1.0,0.19241882128720855,0.771,0.1,1,1.0,,,1.0,1.0,1.0,1.0,1.0,0.9999973773956299,1.0,1.0,0.9999852776527405,0.9999420046806335,0.9985007047653198,,,0.9985007047653198,0.9978310465812683,10000,10000,differences,0.809,0.8863126402393419,-0.19099999999999995,0.6604938271604939,0.6460176991150443,0.2813214063644409,0.5666986107826233,-0.7171792984008789,-0.25729867815971375,-0.3294053375720978,0.9759281873703003,0.7925,0.8773800456968773,-0.20750000000000002,0.6832844574780058,0.5780346820809249,0.2297925353050232,0.5593657493591309,-0.7687081694602966,-0.19091929495334625,-0.606238842010498,0.9792094826698303,0.01749999999999996,"[1, 2, 3]",0.0,128
invariant,256,0.227,0.1648177496038035,0.31843575418994413,0.3473684210526316,-2.0853633880615234,-2.3311665058135986,-1.7249011993408203,-1.6086313724517822,0.9978088140487671,wide,nan,0.78125,0.203125,0.203125,0.0,none,v3_t-differences_c-none_d-hard_a-invariant_p-wide_s-02,hard,70.65970993041992,37.53395080566406,0.10779315452510564,-0.04215852657321273,transformer,1.0,1.0,0.0,1.0,1.0,1.0,1.0,0.0,1.0,1.0,0.9999997615814209,1.0,1.0,2,0.001,1.4555747895883542e-07,1.455574647479807e-07,1.2677598025729632e-14,0.0,0.0,0.0,1.0,1.0,0.9989014863967896,0.9983296990394592,1000,0.078,-2.6681811809539795,0.99494868516922,0.0715,-2.693236827850342,0.9940881133079529,0.280892014503479,0.34375,0.34142327308654785,407297.0,104.06926927711706,0.16306730719235144,0.9910936599816801,1.0,-0.5819339281558595,0.225,0.1,2,1.0,,,1.0,1.0,1.0,1.0,1.0,1.0,1.0,1.0,1.0,0.9999997615814209,1.0,,,1.0,0.9999998807907104,10000,10000,differences,0.2355,0.17427075542258788,-0.7645,0.33641975308641975,0.3805309734513274,-2.0487749576568604,-2.298159599304199,-3.0487749576568604,-1.629784107208252,-1.4656641483306885,0.9972364902496338,0.2425,0.16603198781416603,-0.7575000000000001,0.3284457478005865,0.4479768786127168,-2.0218942165374756,-2.3320579528808594,-3.0218942165374756,-1.6712188720703125,-1.1904932260513306,0.9975611567497253,0.015499999999999986,"[1, 2, 3]",0.0,128
invariant,256,1.0,1.0,1.0,1.0,0.9952692985534668,0.9933739900588989,1.0,0.9971069097518921,0.9943013191223145,wide,1.0,0.0,1.0,1.0,1.0,none,v3_t-differences_c-none_d-hard_a-invariant_p-wide_s-03,hard,79.08599257469177,37.394920349121094,0.21573511953631558,0.014207439743151869,transformer,0.9845,0.9762633996937213,-0.015499999999999958,1.0,1.0,0.954374372959137,0.9301297664642334,-0.045228540897369385,1.0,0.9999980926513672,0.9839283227920532,1.0,1.0,2,0.001,8.995560347102582e-05,8.93657052074559e-05,5.899003667764191e-07,0.0,0.0,0.0,1.0,0.9915,0.9764975905418396,0.9845552444458008,1000,0.8545,0.5002730488777161,0.9499234557151794,0.8465,0.4718621075153351,0.9467432498931885,0.9379621148109436,0.001953125,0.01328991912305355,407297.0,108.17434531740908,0.1694995969581973,0.9635294975159445,0.999,0.35969701172302393,0.984,0.1,3,1.0,,,1.0,0.985,0.9759229534510433,1.0,1.0,0.9523014426231384,0.9234374165534973,0.9999999403953552,0.999999463558197,0.9861148595809937,0.9996029138565063,,,0.9996029138565063,0.9990950226783752,10000,10000,differences,0.963,0.9663425579655947,-0.03700000000000003,0.9814814814814815,0.9321533923303835,0.8659515380859375,0.8792544603347778,-0.13365137577056885,0.9359760284423828,0.7465593218803406,0.9920889139175415,0.959,0.9588728103579589,-0.041000000000000036,0.9824046920821115,0.9364161849710982,0.8472059369087219,0.8488020300865173,-0.15239697694778442,0.9269754886627197,0.762532651424408,0.9920547008514404,-0.041000000000000036,"[1, 2, 3]",0.0,128
invariant,256,0.731,0.6212361331220285,0.9553072625698324,0.8842105263157894,-0.045545436441898346,-0.4779772460460663,0.8294684290885925,0.5662281513214111,0.9841851592063904,wide,nan,0.34765625,0.7890625,0.5390625,0.0,none,v3_t-differences_c-none_d-hard_a-invariant_p-wide_s-04,hard,101.11509299278259,37.61642074584961,0.20155761259773944,0.120164499673803,transformer,0.936,0.9019908116385911,-0.06399999999999995,1.0,1.0,0.7667526006698608,0.6428079009056091,-0.2332361936569214,0.9999945163726807,0.9999998211860657,0.9922125339508057,1.0,1.0,2,0.001,1.3559995750256348e-05,1.3556799785874318e-05,3.195916198350801e-09,0.0,0.0,0.0,1.0,0.917,0.6781413555145264,0.9832992553710938,2000,0.5885,-0.6259544491767883,0.9641355276107788,0.562,-0.7303136587142944,0.9636148810386658,0.8786808848381042,0.078125,0.07747897505760193,407297.0,109.88724052121923,0.1721835516965,0.9615030508313878,1.0,0.14407529542991948,0.836,0.1,4,1.0,,,1.0,0.935,0.8972712680577849,0.995,1.0,0.765085756778717,0.629277765750885,0.9802300930023193,0.9999983906745911,0.9933525919914246,0.9999887943267822,,,0.9999887943267822,0.9998983144760132,10000,10000,differences,0.662,0.5953627524308153,-0.33799999999999997,0.8703703703703703,0.7256637168141593,-0.29978469014167786,-0.5658928751945496,-1.29977348446846,0.5327367782592773,-0.04595091938972473,0.9830687642097473,0.64,0.5514089870525514,-0.36,0.8709677419354839,0.7485549132947977,-0.3883582651615143,-0.7429683804512024,-1.3883470594882965,0.552871584892273,0.02968679554760456,0.9826850295066833,-0.09099999999999997,"[1, 2, 3]",0.0,128
invariant,256,0.92,0.9524564183835182,0.9664804469273743,0.7684210526315789,0.6788567304611206,0.8031556010246277,0.856290876865387,0.09889214485883713,0.9890086650848389,wide,1.0341463414634147,0.08203125,0.91015625,0.8828125,1.0,none,v3_t-differences_c-none_d-hard_a-invariant_p-wide_s-05,hard,104.17585706710815,37.62508010864258,0.20785192050371182,0.0598674865546726,transformer,1.0,1.0,0.0,1.0,1.0,0.9998564720153809,1.0,-6.73532485961914e-05,1.0,0.9992133378982544,0.9998079538345337,1.0,1.0,2,0.001,0.0018847619649022818,0.0014490492176264524,0.00043571271817199886,0.0,0.0,0.0,1.0,0.9515,0.8329436779022217,0.9788138270378113,1000,0.3775,-1.2123799324035645,0.9176049828529358,0.3645,-1.2854325771331787,0.9268813729286194,0.8261807560920715,0.11328125,0.10162876546382904,407297.0,107.31344708600766,0.16815064584768774,0.9641005952861191,1.0,0.22041479874327363,0.905,0.1,5,1.0,,,1.0,0.999,1.0,1.0,0.9943502824858758,0.9960348010063171,1.0,1.0,0.977597713470459,0.9999265670776367,0.999923825263977,,,0.999923825263977,0.9995782971382141,10000,10000,differences,0.9375,0.994016454749439,-0.0625,0.9074074074074074,0.7433628318584071,0.7775551676750183,0.9790181517601013,-0.22236865758895874,0.6939798593521118,0.06287197768688202,0.9895963668823242,0.9285,0.9946686976389947,-0.07150000000000001,0.9002932551319648,0.7052023121387283,0.7283094525337219,0.9806916117668152,-0.2716143727302551,0.6378474831581116,-0.14027495682239532,0.9897652268409729,0.008499999999999952,"[1, 2, 3]",0.0,128
latent,256,0.531,0.4041204437400951,0.7541899441340782,0.7421052631578947,-0.8227814435958862,-1.3360828161239624,0.09659791737794876,0.015767117962241173,0.9849411249160767,moderate,nan,0.482421875,0.50390625,0.5,0.0,none,v3_t-differences_c-none_d-hard_a-latent_p-moderate_s-00,hard,127.33954095840454,7.578603744506836,0.9999360869730793,0.9996929949685784,transformer,1.0,1.0,0.0,1.0,1.0,1.0,1.0,0.0,1.0,1.0,0.9999991655349731,1.0,1.0,2,0.001,6.441952427849174e-05,1.5510393041040516e-06,3.0124269371307674e-14,3.587952960515395e-05,1.3924410268373322e-05,0.00013064546510577202,1.0,0.9995,0.9991158246994019,0.9996140003204346,2000,0.2855,-1.8057142496109009,0.9846426844596863,0.2825,-1.7983249425888062,0.9789842367172241,0.8891410231590271,0.1484375,0.14154279232025146,105345.0,53.19500254874649,0.1638943077671667,0.9991284349355,1.0,-0.07253110718167499,0.536,0.1,0,1.0,,,1.0,1.0,1.0,1.0,1.0,1.0,1.0,1.0,1.0,0.9999991655349731,1.0,,,1.0,0.9999984502792358,10000,10000,differences,0.863,0.8706058339566193,-0.137,0.9259259259259259,0.7728613569321534,0.45621100068092346,0.48320358991622925,-0.5437889993190765,0.6978904604911804,0.11876757442951202,0.9969906210899353,0.835,0.8301599390708302,-0.16500000000000004,0.9384164222873901,0.7514450867052023,0.3482508361339569,0.3217383027076721,-0.6517491638660431,0.76680988073349,0.03634997084736824,0.9965437054634094,0.30399999999999994,"[1, 2, 3]",0.0,64
latent,256,0.992,1.0,1.0,0.9578947368421052,0.9731099605560303,1.0,1.0,0.858473539352417,0.9990125894546509,moderate,1.0,0.00390625,0.99609375,0.99609375,1.0,none,v3_t-differences_c-none_d-hard_a-latent_p-moderate_s-01,hard,97.35489535331726,7.9666571617126465,0.9999971341005324,0.9999899354675914,transformer,1.0,1.0,0.0,1.0,1.0,1.0,1.0,0.0,1.0,1.0,0.9999997019767761,1.0,1.0,2,0.001,0.00030810749740339816,6.904889460201957e-07,1.0468247362699357e-12,0.00023224676260724664,4.646150841836061e-07,0.0007470562122762203,1.0,0.9995,0.9985224604606628,0.9997590780258179,2000,0.9485,0.7975000739097595,0.9973914623260498,0.946,0.7915431261062622,0.9965723752975464,0.9962128400802612,0.00390625,0.004240631591528654,105345.0,51.48546719615432,0.15862721311932193,0.9995017648063669,1.0,0.1530292701640752,0.994,0.1,1,1.0,,,1.0,1.0,1.0,1.0,1.0,1.0,1.0,1.0,1.0,0.9999997019767761,1.0,,,1.0,0.9999994039535522,10000,10000,differences,0.9785,1.0,-0.021499999999999964,0.9969135802469136,0.8761061946902655,0.9155166745185852,1.0,-0.0844833254814148,0.9876031875610352,0.5134215354919434,0.9995511770248413,0.979,1.0,-0.02100000000000002,0.9941348973607038,0.884393063583815,0.9190213084220886,1.0,-0.08097869157791138,0.9772740602493286,0.5543126463890076,0.99932861328125,-0.013000000000000012,"[1, 2, 3]",0.0,64
latent,256,1.0,1.0,1.0,1.0,1.0,1.0,1.0,1.0,0.9999992251396179,moderate,1.0,0.0,1.0,1.0,1.0,none,v3_t-differences_c-none_d-hard_a-latent_p-moderate_s-02,hard,124.43844079971313,7.9378342628479,0.9999998646071064,0.9999995926609229,transformer,1.0,1.0,0.0,1.0,1.0,1.0,1.0,0.0,1.0,1.0,0.9999998807907104,1.0,1.0,2,0.001,2.129824315488804e-05,1.5976144140950055e-07,1.027074776511767e-15,1.4794687558605801e-05,1.4141849646875926e-07,6.202375516295433e-05,1.0,0.9955,0.9865396618843079,0.9989846348762512,2000,0.985,0.943992555141449,0.9909605979919434,0.988,0.9502031207084656,0.9916756749153137,0.999312162399292,0.0,5.519339651982591e-07,105345.0,52.02655351459326,0.16029430520229662,0.9998795259023414,1.0,0.05601953016915295,0.702,0.1,2,1.0,,,1.0,1.0,1.0,1.0,1.0,1.0,1.0,1.0,1.0,0.9999998807907104,1.0,,,1.0,0.9999998807907104,10000,10000,differences,1.0,1.0,0.0,1.0,1.0,0.9999971389770508,1.0,-2.86102294921875e-06,1.0,0.999983012676239,0.9999754428863525,1.0,1.0,0.0,1.0,1.0,0.9999959468841553,1.0,-4.0531158447265625e-06,1.0,0.9999766945838928,0.9999671578407288,0.0,"[1, 2, 3]",0.0,64
latent,256,0.963,0.9413629160063391,1.0,1.0,0.8838251233100891,0.8158876895904541,1.0,1.0,0.9948374032974243,moderate,1.0042194092827004,0.04296875,0.97265625,0.96875,1.0,none,v3_t-differences_c-none_d-hard_a-latent_p-moderate_s-03,hard,110.85391497612,7.970262050628662,0.9999842412518133,0.9999558444425062,transformer,1.0,1.0,0.0,1.0,1.0,0.9996540546417236,0.9994702339172363,-0.0003459453582763672,1.0,1.0,0.9993541240692139,1.0,1.0,2,0.001,2.828455217240844e-05,1.7908266158883634e-07,3.393057285605485e-16,9.274644980905578e-06,1.3046892490820028e-05,5.7839322835206985e-05,1.0,0.936,0.7477691173553467,0.9979831576347351,2000,0.7265,-0.07032535970211029,0.9894216656684875,0.6965,-0.18203018605709076,0.9888326525688171,0.9498413801193237,0.046875,0.04682024568319321,105345.0,51.2835233150457,0.15800502210482234,0.9996422566126256,1.0,0.521703533717505,1.0,0.1,3,1.0,,,1.0,0.996,0.9935794542536116,1.0,1.0,0.9877193570137024,0.9802879095077515,1.0,1.0,0.9994335770606995,1.0,,,1.0,0.9999997615814209,10000,10000,differences,0.9685,0.9528795811518325,-0.03149999999999997,1.0,1.0,0.8752304315567017,0.8135771751403809,-0.12476956844329834,1.0,0.9991391897201538,0.9976863265037537,0.961,0.9413556740289414,-0.039000000000000035,1.0,0.9971098265895953,0.8490518927574158,0.7731115221977234,-0.15094810724258423,1.0,0.9884632229804993,0.9984820485115051,-0.0020000000000000018,"[1, 2, 3]",0.0,64
latent,256,0.989,1.0,1.0,0.9421052631578948,0.9562703371047974,1.0,1.0,0.7698437571525574,0.9994553327560425,moderate,1.0,0.009765625,0.98046875,0.98046875,1.0,none,v3_t-differences_c-none_d-hard_a-latent_p-moderate_s-04,hard,114.11120080947876,8.290411949157715,0.9999997062361456,0.9999991730106605,transformer,1.0,1.0,0.0,1.0,1.0,1.0,1.0,0.0,1.0,1.0,0.9999997615814209,1.0,1.0,2,0.001,3.321309486636892e-05,1.9297083042602026e-07,4.571715278412869e-16,2.6852034352486953e-05,5.87978547628154e-07,5.580112338066101e-05,1.0,0.9995,0.9986740946769714,0.9995310306549072,2000,0.94,0.8073036074638367,0.9837425947189331,0.9335,0.7682806849479675,0.9793906211853027,0.9922777414321899,0.005859375,0.005795576609671116,105345.0,52.39694648676666,0.16143548946524602,0.9995872690718277,1.0,0.5386770752445976,0.987,0.1,4,1.0,,,1.0,1.0,1.0,1.0,1.0,1.0,1.0,1.0,1.0,0.9999997615814209,1.0,,,1.0,0.9999997615814209,10000,10000,differences,0.9935,1.0,-0.00649999999999995,1.0,0.9616519174041298,0.9764494299888611,1.0,-0.023550570011138916,1.0,0.8610587120056152,0.999589741230011,0.99,1.0,-0.010000000000000009,0.9970674486803519,0.9450867052023122,0.9600138068199158,1.0,-0.03998619318008423,0.9883807897567749,0.7803170084953308,0.9997496008872986,0.0010000000000000009,"[1, 2, 3]",0.0,64
latent,256,0.745,0.595879556259905,1.0,1.0,-0.014845378696918488,-0.6083128452301025,1.0,1.0,0.9963180422782898,moderate,nan,0.240234375,0.7421875,0.73046875,0.0,none,v3_t-differences_c-none_d-hard_a-latent_p-moderate_s-05,hard,108.74608874320984,7.652231216430664,0.999989477048137,0.9999784505666616,transformer,0.8775,0.8124042879019908,-0.12250000000000005,1.0,1.0,0.5377867221832275,0.29216963052749634,-0.46221327781677246,1.0,1.0,0.9895071983337402,1.0,1.0,2,0.001,3.285911589046009e-05,1.717720010674384e-07,5.471685137892603e-16,2.023610613832716e-05,6.494218723673839e-06,5.957018584012985e-05,1.0,0.703,-0.024556295946240425,0.9504612684249878,1000,0.6085,-0.4755250811576843,0.9591448903083801,0.6205,-0.41611185669898987,0.9605427384376526,0.9939654469490051,0.0078125,0.0067978510633111,105345.0,50.447342544134294,0.1554287412128127,0.9996223198075369,1.0,0.33246683854724757,0.797,0.1,5,1.0,,,1.0,0.881,0.8089887640449438,1.0,1.0,0.5454345941543579,0.27036041021347046,1.0,1.0,0.9936004281044006,1.0,,,1.0,0.9999997615814209,10000,10000,differences,0.736,0.6050860134629769,-0.264,1.0,1.0,-0.04442501813173294,-0.5623410940170288,-1.044425018131733,1.0,1.0,0.9968554973602295,0.7575,0.6306169078446306,-0.24250000000000005,1.0,1.0,0.036983899772167206,-0.4668942987918854,-0.9630161002278328,1.0,1.0,0.9971219301223755,0.012499999999999956,"[1, 2, 3]",0.0,64
latent,256,0.921,0.8763866877971473,1.0,0.9947368421052631,0.7024118304252625,0.534725546836853,1.0,0.9789474606513977,0.9953742623329163,tight,0.9951573849878934,0.107421875,0.91015625,0.9140625,1.0,none,v3_t-differences_c-none_d-hard_a-latent_p-tight_s-00,hard,111.86129808425903,6.771030902862549,0.9999795457997507,0.9999581799072683,transformer,0.975,0.9617151607963247,-0.025000000000000022,1.0,1.0,0.9160007834434509,0.871364176273346,-0.08399921655654907,1.0,1.0,0.9967954158782959,1.0,1.0,2,0.001,0.00010127724817721173,6.812745709794399e-07,1.8241468618008117e-16,6.970678805373609e-05,1.816373878682498e-05,0.00012725451961159706,1.0,0.8835,0.6394352316856384,0.9539000988006592,2000,0.6535,-0.34121185541152954,0.9850043654441833,0.643,-0.38451555371284485,0.9864696860313416,0.9253743886947632,0.064453125,0.06286881119012833,28097.0,36.41960588807719,0.2172727524248102,0.9985259906335251,1.0,0.5024542628531181,0.986,0.1,0,1.0,,,1.0,0.981,0.9695024077046549,1.0,1.0,0.926440417766571,0.8819268345832825,1.0,1.0,0.9979509115219116,1.0,,,1.0,0.9999996423721313,10000,10000,differences,0.858,0.7905759162303665,-0.14200000000000002,1.0,0.9882005899705014,0.4340640604496002,0.16538791358470917,-0.5659359395503998,1.0,0.9528157114982605,0.9990711212158203,0.854,0.7776085300837776,-0.14600000000000002,1.0,1.0,0.41810932755470276,0.11364708840847015,-0.5818906724452972,1.0,1.0,0.9976660013198853,-0.06700000000000006,"[1, 2, 3]",0.0,32
latent,256,0.963,1.0,0.9888268156424581,0.8157894736842105,0.860322892665863,1.0,0.9692174196243286,0.2938579022884369,0.998185932636261,tight,1.0,0.04296875,0.984375,0.984375,1.0,none,v3_t-differences_c-none_d-hard_a-latent_p-tight_s-01,hard,117.66517114639282,6.924530506134033,0.9999973906818526,0.9999916474400674,transformer,1.0,1.0,0.0,1.0,1.0,1.0,1.0,0.0,1.0,1.0,0.9999991655349731,1.0,1.0,2,0.001,4.5614557166118175e-05,7.697231012571137e-07,1.2231985850640406e-14,2.0322362615843304e-05,3.616884214352467e-06,0.0002090558409690857,1.0,0.998,0.9943124055862427,0.9985469579696655,2000,0.908,0.6860136985778809,0.9835016131401062,0.9175,0.7111745476722717,0.9849375486373901,0.9869376420974731,0.03125,0.031273722648620605,28097.0,38.9754405669394,0.23252039780366826,0.9993890630992985,1.0,0.5777941551643018,0.968,0.1,1,1.0,,,1.0,1.0,1.0,1.0,1.0,1.0,1.0,1.0,1.0,0.9999991655349731,1.0,,,1.0,0.9999994039535522,10000,10000,differences,0.9625,1.0,-0.03749999999999998,0.9660493827160493,0.8112094395280236,0.8532633185386658,1.0,-0.14673668146133423,0.865276575088501,0.26305925846099854,0.9994623064994812,0.964,1.0,-0.03600000000000003,0.9618768328445748,0.8294797687861272,0.8599138855934143,1.0,-0.1400861144065857,0.8509982228279114,0.3371020555496216,0.9989368915557861,0.0010000000000000009,"[1, 2, 3]",0.0,32
latent,256,0.527,0.44532488114104596,0.7541899441340782,0.5842105263157895,-0.8793625235557556,-1.2078019380569458,0.0417511872947216,-0.6563842296600342,0.9976056814193726,tight,nan,0.4775390625,0.55859375,0.55859375,0.0,none,v3_t-differences_c-none_d-hard_a-latent_p-tight_s-02,hard,115.67511320114136,7.373885154724121,0.9999840578110302,0.9999230322014239,transformer,1.0,1.0,0.0,1.0,1.0,1.0,1.0,0.0,1.0,1.0,0.9999996423721313,1.0,1.0,2,0.001,3.771398405660875e-05,3.127569812022557e-07,8.102252364104831e-16,2.0543626305880025e-05,1.0160973943129648e-05,6.696628406643867e-05,1.0,0.9975,0.9924949407577515,0.9988125562667847,2000,0.321,-1.6410471200942993,0.9746347665786743,0.335,-1.6136410236358643,0.9803522825241089,0.3833980858325958,0.3671875,0.3679232895374298,28097.0,37.22763954083844,0.2220933344027383,0.9990557196804902,1.0,-0.12193909699503891,0.542,0.1,2,1.0,,,1.0,1.0,1.0,1.0,1.0,1.0,1.0,1.0,1.0,0.9999996423721313,1.0,,,1.0,0.9999995827674866,10000,10000,differences,0.4015,0.24981301421091998,-0.5985,0.8024691358024691,0.616519174041298,-1.3859291076660156,-1.9912160634994507,-2.3859291076660156,0.21889665722846985,-0.5325215458869934,0.9975721836090088,0.4075,0.24143183549124142,-0.5925,0.8328445747800587,0.6184971098265896,-1.362625002861023,-2.025306463241577,-2.362625002861023,0.339183509349823,-0.5250981450080872,0.9973100423812866,-0.11950000000000005,"[1, 2, 3]",0.0,32
latent,256,0.728,0.572107765451664,1.0,0.9894736842105263,-0.08455468714237213,-0.7061086297035217,0.9999991655349731,0.9578947424888611,0.9993903040885925,tight,nan,0.2890625,0.71484375,0.70703125,0.0,none,v3_t-differences_c-none_d-hard_a-latent_p-tight_s-03,hard,115.57479906082153,7.198641300201416,0.9999615017763192,0.9998839036555012,transformer,0.939,0.9065849923430321,-0.061000000000000054,1.0,1.0,0.7590475678443909,0.6310068964958191,-0.24095243215560913,1.0,1.0,0.9992231130599976,1.0,1.0,2,0.001,6.070724339224398e-05,3.1011992973617453e-07,7.909755656511819e-16,2.248931923531927e-05,2.9471420930349268e-05,8.436385542154312e-05,1.0,0.7895,0.2428945153951645,0.965557873249054,2000,0.6305,-0.4517481327056885,0.9923370480537415,0.6515,-0.37573516368865967,0.9925751686096191,0.9974642992019653,0.001953125,0.0031658022198826075,28097.0,38.06596624424444,0.22709463921751308,0.9989436030098378,1.0,0.2853500906162104,0.999,0.1,3,1.0,,,1.0,0.953,0.9245585874799358,1.0,1.0,0.812002420425415,0.6982382535934448,1.0,1.0,0.999995231628418,1.0,,,1.0,0.9999995231628418,10000,10000,differences,0.7385,0.6095736724008975,-0.26149999999999995,1.0,0.9970501474926253,-0.04484398663043976,-0.5599834322929382,-1.0448439866304398,1.0,0.9882295727729797,0.998335599899292,0.7475,0.6161462300076161,-0.25249999999999995,1.0,0.9971098265895953,-0.00847621913999319,-0.533094048500061,-1.0084762191399932,1.0,0.988439679145813,0.9992972016334534,0.019500000000000073,"[1, 2, 3]",0.0,32
latent,256,0.948,1.0,0.9608938547486033,0.7631578947368421,0.7934942841529846,1.0,0.8453448414802551,0.05882904306054115,0.9995043873786926,tight,1.0,0.048828125,0.94140625,0.94140625,1.0,none,v3_t-differences_c-none_d-hard_a-latent_p-tight_s-04,hard,115.22494864463806,6.715550899505615,0.9999977132652677,0.9999898630114795,transformer,1.0,1.0,0.0,1.0,1.0,1.0,1.0,0.0,1.0,1.0,0.9999994039535522,1.0,1.0,2,0.001,4.08969572163187e-05,6.902131985953019e-07,2.4902053965227184e-16,2.8187416319269687e-05,4.05531000069459e-06,7.964018732309341e-05,1.0,0.999,0.9973731637001038,0.9993152022361755,2000,0.7605,0.07023181766271591,0.9907651543617249,0.761,0.07373175024986267,0.9890445470809937,0.9855486750602722,0.03125,0.030266718938946724,28097.0,37.22365645442457,0.2220695720327954,0.9995045575366281,1.0,0.6980774539110921,0.945,0.1,4,1.0,,,1.0,1.0,1.0,1.0,1.0,1.0,1.0,1.0,1.0,0.9999994039535522,1.0,,,1.0,0.9999994039535522,10000,10000,differences,0.921,0.9955123410620793,-0.07899999999999996,0.8827160493827161,0.6637168141592921,0.6881493330001831,0.9820493459701538,-0.3118506669998169,0.5385756492614746,-0.32802271842956543,0.9993432760238647,0.933,0.996953541507997,-0.06699999999999995,0.9266862170087976,0.6965317919075145,0.734054684638977,0.9878150820732117,-0.26594531536102295,0.7147000432014465,-0.20983970165252686,0.9988976716995239,-0.014999999999999902,"[1, 2, 3]",0.0,32
latent,256,0.546,0.5340729001584786,0.5698324022346368,0.5631578947368421,-0.8162170648574829,-0.8640561103820801,-0.7206684350967407,-0.7473578453063965,0.9993927478790283,tight,nan,0.4091796875,0.515625,0.515625,0.0,none,v3_t-differences_c-none_d-hard_a-latent_p-tight_s-05,hard,100.50554943084717,6.778465747833252,0.9999936924949349,0.9999777645886505,transformer,1.0,1.0,0.0,1.0,1.0,1.0,1.0,0.0,1.0,1.0,0.9999995231628418,1.0,1.0,2,0.001,4.626876761903986e-05,2.7955897508036287e-07,2.0999015479785524e-17,3.002811354235746e-05,9.161600246443413e-06,6.799492985010147e-05,1.0,0.999,0.9955509305000305,0.9992543458938599,2000,0.464,-1.0685821771621704,0.9762018918991089,0.4905,-0.9782174229621887,0.9804974794387817,0.8425757884979248,0.083984375,0.08472716808319092,28097.0,36.056768136919096,0.2151081283176736,0.9991397370256516,1.0,0.09474081091780784,0.525,0.1,5,1.0,,,1.0,1.0,1.0,1.0,1.0,1.0,1.0,1.0,1.0,0.9999995231628418,1.0,,,1.0,0.9999997615814209,10000,10000,differences,0.5885,0.5220643231114436,-0.4115,0.8179012345679012,0.6312684365781711,-0.6416398286819458,-0.908460795879364,-1.6416398286819458,0.2824516296386719,-0.4725133776664734,0.9987599849700928,0.617,0.5453160700685453,-0.383,0.8211143695014663,0.6878612716763006,-0.5283951759338379,-0.8174213171005249,-1.528395175933838,0.29664722084999084,-0.2447194904088974,0.9986642003059387,0.07099999999999995,"[1, 2, 3]",0.0,32
latent,256,0.51,0.34548335974643424,0.7597765363128491,0.8210526315789474,-0.7069272994995117,-1.2390689849853516,0.0728120431303978,0.3257468044757843,0.9182075262069702,wide,nan,0.4365234375,0.4609375,0.2734375,0.0,none,v3_t-differences_c-none_d-hard_a-latent_p-wide_s-00,hard,111.46415090560913,8.511931419372559,0.997993012960629,0.9970224443259325,transformer,0.912,0.8690658499234303,-0.08499999999999996,0.993920972644377,0.9917808219178083,0.7260714173316956,0.591746985912323,-0.26692378520965576,0.9753469824790955,0.9820060133934021,0.9753016829490662,1.0,1.0,2,0.001,0.013768579810857773,0.008141452446579933,0.001330510014668107,0.0018148358212783933,0.0004868218384217471,0.019949596375226974,1.0,0.8815,0.5387513637542725,0.995477557182312,2000,0.5035,-0.9277914762496948,0.9822494983673096,0.49,-0.9749885201454163,0.981388509273529,0.9274536967277527,0.203125,0.19479642808437347,407297.0,76.08935137046517,0.11922525948515171,0.9816252029334086,0.999,0.020335224887329417,0.698,0.1,0,0.997,,,0.997,0.919,0.8747993579454254,0.99,0.9943502824858758,0.7445790767669678,0.6051914095878601,0.9672496318817139,0.9835869073867798,0.9777643084526062,0.9929952025413513,,,0.9929952025413513,0.9961327910423279,10000,10000,differences,0.3475,0.22887060583395663,-0.6495,0.5401234567901234,0.6312684365781711,-1.3609824180603027,-1.739725112915039,-2.353977620601654,-0.8267359733581543,-0.37784653902053833,0.9292617440223694,0.3535,0.22391469916222392,-0.6435,0.5542521994134897,0.6473988439306358,-1.370797872543335,-1.7898207902908325,-2.3637930750846863,-0.753334641456604,-0.38923150300979614,0.9381313323974609,-0.15650000000000003,"[1, 2, 3]",0.0,128
latent,256,0.812,0.757527733755943,0.9162011173184358,0.8947368421052632,0.2505341172218323,0.03105420246720314,0.672559916973114,0.581845760345459,0.998397707939148,wide,1.0,0.16015625,0.76171875,0.76171875,1.0,none,v3_t-differences_c-none_d-hard_a-latent_p-wide_s-01,hard,98.34899711608887,8.384127616882324,0.999982099775123,0.9999556030677137,transformer,0.976,0.9632465543644717,-0.02400000000000002,1.0,1.0,0.9056649208068848,0.8555358648300171,-0.09433507919311523,1.0,1.0,0.9987841844558716,1.0,1.0,2,0.001,4.169772728346288e-05,1.2949240613124857e-07,2.4650278715611764e-16,2.803841562126763e-05,8.88508111529518e-06,4.644738510251045e-05,1.0,0.9995,0.9980006814002991,0.9999011158943176,2000,0.489,-1.0146832466125488,0.9920130372047424,0.472,-1.0854947566986084,0.9924184679985046,0.4612208604812622,0.3828125,0.38427799940109253,407297.0,72.45273921376487,0.11352701104144443,0.9996850965085502,1.0,0.3599803580532789,0.818,0.1,1,1.0,,,1.0,0.977,0.9630818619582665,1.0,1.0,0.906815767288208,0.8504267334938049,1.0,1.0,0.998466432094574,1.0,,,1.0,0.9999998807907104,10000,10000,differences,0.567,0.5258040388930442,-0.43300000000000005,0.691358024691358,0.6106194690265486,-0.6943996548652649,-0.8855024576187134,-1.694399654865265,-0.15361270308494568,-0.457557737827301,0.9880306720733643,0.574,0.5582635186595583,-0.42600000000000005,0.6539589442815249,0.5549132947976878,-0.678740918636322,-0.7574703693389893,-1.678740918636322,-0.33831343054771423,-0.7154864072799683,0.991209864616394,-0.2380000000000001,"[1, 2, 3]",0.0,128
latent,256,0.999,1.0,1.0,0.9947368421052631,0.9986216425895691,1.0,1.0,0.9927453994750977,0.9995495676994324,wide,0.99609375,0.0,0.99609375,1.0,1.0,none,v3_t-differences_c-none_d-hard_a-latent_p-wide_s-02,hard,109.52426767349243,8.155221939086914,0.9984067435190112,0.9975503091907522,transformer,1.0,1.0,0.0,1.0,1.0,1.0,1.0,4.172325134277344e-06,1.0,0.9999999403953552,0.9999867081642151,1.0,1.0,2,0.001,0.00150661903899163,0.00015899122809059918,7.86679379416455e-07,0.0003700212109833956,0.0003455368569120765,0.006312830373644829,1.0,0.894,0.5885997414588928,0.9959993362426758,2000,0.4975,-0.9677445292472839,0.9892295002937317,0.4855,-1.0112448930740356,0.9872739911079407,0.9960799217224121,0.001953125,0.00174893403891474,407297.0,76.99397013396451,0.12064271678858211,0.990227948904027,1.0,0.5632010525364293,0.994,0.1,2,1.0,,,1.0,0.999,1.0,0.995,1.0,0.9962815046310425,1.0,0.981407642364502,0.9999999403953552,0.9999510645866394,0.9999958276748657,,,0.9999958276748657,0.9998722076416016,10000,10000,differences,0.999,0.9992520568436799,-0.0010000000000000009,1.0,0.9970501474926253,0.9966525435447693,0.9970162510871887,-0.0033432841300964355,1.0,0.9920186400413513,0.9997323155403137,0.999,1.0,-0.0010000000000000009,0.9970674486803519,0.9971098265895953,0.9971011281013489,1.0,-0.0028946995735168457,0.9876630902290344,0.9954019784927368,0.9995045065879822,0.0,"[1, 2, 3]",0.0,128
latent,256,0.775,0.7432646592709984,0.8268156424581006,0.8315789473684211,0.10459718108177185,-0.027092359960079193,0.3090269863605499,0.3493506610393524,0.9977713823318481,wide,1.0,0.2001953125,0.828125,0.828125,1.0,none,v3_t-differences_c-none_d-hard_a-latent_p-wide_s-03,hard,133.0913007259369,8.372445106506348,0.9999875236882144,0.9999722119703569,transformer,1.0,1.0,0.0,1.0,1.0,1.0,1.0,0.0,1.0,1.0,0.9999998807907104,1.0,1.0,2,0.001,8.830194565234706e-05,1.3074125604362052e-07,3.301736413630733e-17,6.948418740648776e-05,9.499327461526264e-06,9.187683463096619e-05,1.0,0.937,0.8396811485290527,0.9565147757530212,1000,0.7745,0.26672840118408203,0.9446364045143127,0.803,0.35929763317108154,0.945132315158844,0.688154935836792,0.2109375,0.2069796919822693,407297.0,73.0667297909203,0.11448907977464183,0.9994183920726128,1.0,0.3361450167310771,0.78,0.1,3,1.0,,,1.0,1.0,1.0,1.0,1.0,1.0,1.0,1.0,1.0,0.9999998807907104,1.0,,,1.0,0.9999998807907104,10000,10000,differences,0.6005,0.5617053103964099,-0.39949999999999997,0.6296296296296297,0.7256637168141593,-0.5888206958770752,-0.7480525374412537,-1.5888206958770752,-0.47050705552101135,-0.07389634847640991,0.9974636435508728,0.644,0.6176694592536177,-0.356,0.6774193548387096,0.7109826589595376,-0.4234524071216583,-0.5304739475250244,-1.4234524071216583,-0.29001495242118835,-0.14883635938167572,0.9980220198631287,-0.131,"[1, 2, 3]",0.0,128
latent,256,0.97,0.9524564183835182,1.0,1.0,0.8840124607086182,0.8161846399307251,1.0,1.0,0.9962635636329651,wide,1.0,0.0234375,0.97265625,0.97265625,1.0,none,v3_t-differences_c-none_d-hard_a-latent_p-wide_s-04,hard,99.50563025474548,8.478442192077637,0.9999933729339152,0.9999829552852537,transformer,0.9885,0.9823889739663093,-0.011499999999999955,1.0,1.0,0.9533554911613464,0.9285688400268555,-0.046644508838653564,1.0,1.0,0.9993866682052612,1.0,1.0,2,0.001,1.749920738802757e-05,8.706962972837573e-08,8.374788457431904e-18,8.180937584256753e-06,5.398761004471453e-06,3.832438960671425e-05,1.0,0.9375,0.7536259889602661,0.9960747361183167,2000,0.759,0.09031077474355698,0.9872502684593201,0.734,-0.01835642196238041,0.9862489700317383,0.9892727732658386,0.021484375,0.02035677433013916,407297.0,73.16517285923695,0.11464333132434189,0.9997343054353424,1.0,0.4866115347343333,0.976,0.1,4,1.0,,,1.0,0.987,0.9791332263242376,1.0,1.0,0.9511070847511292,0.9215201735496521,1.0,1.0,0.9994491338729858,1.0,,,1.0,0.9999999403953552,10000,10000,differences,0.948,0.9229618548990277,-0.052000000000000046,1.0,0.9970501474926253,0.7974565029144287,0.7000234127044678,-0.2025434970855713,1.0,0.9881466031074524,0.9992097020149231,0.965,0.9482102056359482,-0.03500000000000003,1.0,0.9942196531791907,0.8690706491470337,0.8066579103469849,-0.1309293508529663,1.0,0.9768772721290588,0.9940445423126221,-0.0050000000000000044,"[1, 2, 3]",0.0,128
latent,256,1.0,1.0,1.0,1.0,0.9999917149543762,1.0,1.0,0.9999561309814453,0.9999542236328125,wide,1.0,0.0,1.0,1.0,1.0,none,v3_t-differences_c-none_d-hard_a-latent_p-wide_s-05,hard,78.81526637077332,8.562179565429688,0.9999872347221028,0.9999603320621692,transformer,1.0,1.0,0.0,1.0,1.0,1.0,1.0,0.0,1.0,1.0,0.9999998807907104,1.0,1.0,2,0.001,2.6362751668784767e-05,1.5336348724304116e-07,6.752386778042488e-16,1.0665077752491925e-05,8.687773515703157e-06,6.856536492705345e-05,1.0,0.999,0.9974653124809265,0.9990779757499695,2000,0.9885,0.961226224899292,0.99341881275177,0.981,0.93743896484375,0.9934191703796387,0.9977105855941772,0.00390625,0.0033078277483582497,407297.0,73.11232755908208,0.11456052742984081,0.9995144386960106,1.0,0.6315805400976271,0.999,0.1,5,1.0,,,1.0,1.0,1.0,1.0,1.0,1.0,1.0,1.0,1.0,0.9999998807907104,1.0,,,1.0,0.9999997615814209,10000,10000,differences,0.9965,1.0,-0.0034999999999999476,1.0,0.9793510324483776,0.9872357249259949,1.0,-0.012764275074005127,1.0,0.924694299697876,0.9998213052749634,0.997,1.0,-0.0030000000000000027,1.0,0.9826589595375722,0.9905216693878174,1.0,-0.009478330612182617,1.0,0.9452121257781982,0.9996379613876343,-0.0030000000000000027,"[1, 2, 3]",0.0,128
concrete,256,0.459,0.2393026941362916,0.8044692737430168,0.8631578947368421,-1.0940086841583252,-1.95960533618927,0.2863970994949341,0.48019665479660034,0.9724357724189758,moderate,nan,0.5244140625,0.43359375,0.39453125,0.0,none,v3_t-differences_c-none_d-mixed_a-concrete_p-moderate_s-00,mixed,85.91871762275696,28.45952796936035,0.18357959150115433,0.03705490558319055,transformer,1.0,1.0,0.0,1.0,1.0,0.9999999403953552,1.0,-5.960464477539063e-08,1.0,0.9999997615814209,0.9999870657920837,1.0,1.0,2,0.001,5.021541255700868e-06,5.021541255700868e-06,0.0,0.0,0.0,0.0,1.0,0.967,0.9040338397026062,0.9709160923957825,400,0.6455,-0.24016821384429932,0.9063089489936829,0.609,-0.3041430115699768,0.9013041853904724,0.7001723051071167,0.224609375,0.21565359830856323,105345.0,73.55277574281818,0.2266168002093066,0.9311257373827887,0.961,-0.8758390377343872,0.495,0.1,0,1.0,1.0,1.0,1.0,1.0,1.0,1.0,1.0,0.9999991655349731,1.0,1.0,0.999995231628418,0.9999746084213257,1.0,1.0,1.0,0.9999998211860657,0.9999904632568359,10000,10000,differences,0.411,0.20044876589379207,-0.589,0.7777777777777778,0.8908554572271387,-1.3050898313522339,-2.1487205028533936,-2.305089831352234,0.1647898405790329,0.6173104047775269,0.981160044670105,0.417,0.19573495811119573,-0.583,0.7712609970674487,0.9075144508670521,-1.2913415431976318,-2.169792652130127,-2.291341543197632,0.12135357409715652,0.6499223709106445,0.9815777540206909,-0.04200000000000004,"[1, 2, 3, 4, 5, 6, 7, 8, 9, 10, 11, 12, 13, 14, 15, 16, 17]",0.0,64
concrete,256,0.657,0.6846275752773375,0.5921787709497207,0.6263157894736842,-0.16875261068344116,-0.024278806522488594,-0.447697252035141,-0.38576245307922363,0.9161126613616943,moderate,nan,0.333984375,0.60546875,0.62890625,0.0,none,v3_t-differences_c-none_d-mixed_a-concrete_p-moderate_s-01,mixed,65.19675469398499,29.530311584472656,0.15191306000072474,-0.07670675141963626,transformer,1.0,1.0,0.0,1.0,1.0,0.999687135219574,1.0,-0.00023025274276733398,1.0,0.9982854127883911,0.9996578097343445,1.0,1.0,2,0.001,0.000224907707888633,0.000224907707888633,0.0,0.0,0.0,0.0,1.0,0.9615,0.881597638130188,0.9574119448661804,400,0.506,-0.614793062210083,0.8069069981575012,0.5235,-0.5022277235984802,0.796485424041748,0.7404704093933105,0.3984375,0.377000629901886,105345.0,74.59803059780972,0.22983724033884928,0.9561959310884554,0.968,-0.22664580952238778,0.464,0.1,1,1.0,1.0,1.0,1.0,1.0,1.0,1.0,1.0,0.9993703365325928,1.0,1.0,0.9964427351951599,0.9995412826538086,0.9999173879623413,1.0,1.0,0.99952232837677,0.9997761249542236,10000,10000,differences,0.669,0.6551982049364248,-0.33099999999999996,0.7222222222222222,0.672566371681416,-0.22597439587116241,-0.286857008934021,-1.2258917838335037,0.006080821622163057,-0.2076435387134552,0.9502174258232117,0.7005,0.7090632140137091,-0.2995,0.7214076246334311,0.6473988439306358,-0.11737190932035446,-0.08228815346956253,-1.1172892972826958,-0.03029944747686386,-0.3363218307495117,0.959857165813446,0.04349999999999998,"[1, 2, 3, 4, 5, 6, 7, 8, 9, 10, 11, 12, 13, 14, 15, 16, 17]",0.0,64
concrete,256,0.436,0.4405705229793978,0.41899441340782123,0.4368421052631579,-1.1927506923675537,-1.1879911422729492,-1.2870187759399414,-1.1197466850280762,0.9771530628204346,moderate,nan,0.5625,0.4921875,0.37109375,0.0,none,v3_t-differences_c-none_d-mixed_a-concrete_p-moderate_s-02,mixed,89.28768920898438,28.857479095458984,0.2073540545681965,0.01106940280893208,transformer,0.9985,1.0,-0.0014999999999999458,1.0,0.9917808219178083,0.9947580695152283,1.0,-0.004831135272979736,1.0,0.9712768793106079,0.9993749856948853,1.0,1.0,2,0.001,0.0013436446897685528,0.0013436446897685528,0.0,0.0,0.0,0.0,1.0,0.9585,0.8732574582099915,0.965550422668457,400,0.248,-1.4525333642959595,0.8607248663902283,0.2505,-1.455247402191162,0.8639315366744995,0.22810031473636627,0.537109375,0.5428775548934937,105345.0,74.12016212275769,0.22836492303139858,0.9612340920348442,0.974,0.08570695793564154,0.681,0.1,2,1.0,1.0,1.0,1.0,1.0,1.0,1.0,1.0,0.9999518394470215,1.0,1.0,0.9997279047966003,0.999757707118988,0.999589204788208,1.0,1.0,0.9976257085800171,0.9995436072349548,10000,10000,differences,0.3745,0.3335826477187734,-0.6255,0.4382716049382716,0.4749262536873156,-1.4607607126235962,-1.6345092058181763,-2.460349917411804,-1.2009751796722412,-1.0237953662872314,0.9835746884346008,0.3945,0.345011424219345,-0.6054999999999999,0.4750733137829912,0.5028901734104047,-1.373749017715454,-1.5698277950286865,-2.373338222503662,-1.0716935396194458,-0.9273602962493896,0.9844580888748169,-0.04149999999999998,"[1, 2, 3, 4, 5, 6, 7, 8, 9, 10, 11, 12, 13, 14, 15, 16, 17]",0.0,64
concrete,256,0.931,0.8969889064976229,1.0,0.9789473684210527,0.7475680112838745,0.6222647428512573,1.0,0.9258891940116882,0.9910877346992493,moderate,1.0,0.06640625,0.94140625,0.94140625,1.0,none,v3_t-differences_c-none_d-mixed_a-concrete_p-moderate_s-03,mixed,91.42704844474792,28.93828010559082,0.2651126644461781,0.089568681884968,transformer,0.999,1.0,0.0030000000000000027,1.0,0.9945205479452055,0.9979393482208252,1.0,0.010319173336029053,1.0,0.98870849609375,0.9992607235908508,1.0,1.0,2,0.001,0.0022576372139155865,0.0022576372139155865,0.0,0.0,0.0,0.0,1.0,0.972,0.915414035320282,0.9701781868934631,400,0.8135,0.449623703956604,0.861405611038208,0.798,0.3877004384994507,0.8618963360786438,0.7994261980056763,0.138671875,0.13585716485977173,105345.0,74.85824103519256,0.2306389511662822,0.9575403126444646,0.96,0.6742623847891479,0.921,0.1,3,0.996,1.0,1.0,0.976878612716763,0.999,1.0,1.0,0.9943502824858758,0.9959909915924072,1.0,1.0,0.977350115776062,0.9995878338813782,0.9876201748847961,1.0,1.0,0.928440511226654,0.9992928504943848,10000,10000,differences,0.9925,1.0,-0.0034999999999999476,1.0,0.9557522123893806,0.975679337978363,1.0,-0.011940836906433105,1.0,0.856515109539032,0.997909426689148,0.99,1.0,-0.006000000000000005,1.0,0.9421965317919075,0.9627620577812195,0.9999943971633911,-0.02485811710357666,1.0,0.7847731113433838,0.9977540373802185,0.05899999999999994,"[1, 2, 3, 4, 5, 6, 7, 8, 9, 10, 11, 12, 13, 14, 15, 16, 17]",0.0,64
concrete,256,0.992,1.0,1.0,0.9578947368421052,0.9702565670013428,1.0,1.0,0.8434556126594543,0.997894287109375,moderate,1.0,0.0048828125,0.9921875,0.9921875,1.0,none,v3_t-differences_c-none_d-mixed_a-concrete_p-moderate_s-04,mixed,91.07974767684937,29.571517944335938,0.2606299800211514,0.06821118577274822,transformer,1.0,1.0,0.0,1.0,1.0,0.9997152090072632,1.0,-0.0002840757369995117,1.0,0.998439610004425,0.9997016787528992,1.0,1.0,2,0.001,0.0003333031199872494,0.0003333031199872494,0.0,0.0,0.0,0.0,1.0,0.9825,0.9486891031265259,0.9740119576454163,400,0.4695,-0.8079463839530945,0.8761072754859924,0.45,-0.8476613759994507,0.8716050982475281,0.9693635702133179,0.01953125,0.017626499757170677,105345.0,74.65403425802324,0.23000978814754072,0.980737948588645,0.995,0.9184193158932052,0.946,0.1,4,1.0,1.0,1.0,1.0,1.0,1.0,1.0,1.0,0.9998870491981506,1.0,1.0,0.9993616342544556,0.9997360706329346,0.9999992847442627,1.0,1.0,0.9999955892562866,0.9999544620513916,10000,10000,differences,0.9935,1.0,-0.00649999999999995,1.0,0.9616519174041298,0.979331910610199,1.0,-0.02066737413406372,1.0,0.8780643343925476,0.9972214102745056,0.9955,1.0,-0.0044999999999999485,1.0,0.9739884393063584,0.9840407371520996,1.0,-0.015958547592163086,0.9999682903289795,0.9077808856964111,0.9977174401283264,0.0035000000000000586,"[1, 2, 3, 4, 5, 6, 7, 8, 9, 10, 11, 12, 13, 14, 15, 16, 17]",0.0,64
concrete,256,0.184,0.11568938193343899,0.30726256983240224,0.29473684210526313,-2.2571728229522705,-2.5295681953430176,-1.758583664894104,-1.8222569227218628,0.9961541891098022,moderate,nan,0.8515625,0.15234375,0.15234375,0.0,none,v3_t-differences_c-none_d-mixed_a-concrete_p-moderate_s-05,mixed,70.23546862602234,29.104045867919922,0.10978206851730944,-0.12757836608793072,transformer,1.0,1.0,0.0,1.0,1.0,0.999738872051239,1.0,-0.00026023387908935547,1.0,0.9985693693161011,0.9998031258583069,1.0,1.0,2,0.001,4.88663135911338e-06,4.88663135911338e-06,0.0,0.0,0.0,0.0,1.0,0.9715,0.919950544834137,0.9752828478813171,400,0.0355,-2.7091782093048096,0.967471718788147,0.037,-2.708700180053711,0.9712243676185608,0.65383380651474,0.189453125,0.1934323012828827,105345.0,72.97968868188977,0.22485111353497828,0.9883777012826868,0.994,-1.2171443038072227,0.241,0.1,5,1.0,1.0,1.0,1.0,1.0,1.0,1.0,1.0,0.9999979138374329,1.0,1.0,0.9999882578849792,0.999961256980896,0.9999991059303284,1.0,1.0,0.9999946355819702,0.9999610781669617,10000,10000,differences,0.0485,0.006731488406881077,-0.9515,0.09259259259259259,0.1710914454277286,-2.7975380420684814,-2.9708025455474854,-3.79753714799881,-2.629318952560425,-2.2749674320220947,0.9978636503219604,0.0555,0.006854531607006854,-0.9445,0.07917888563049853,0.21676300578034682,-2.772660732269287,-2.9685773849487305,-3.7726598381996155,-2.681929588317871,-2.118616819381714,0.9975724816322327,-0.1285,"[1, 2, 3, 4, 5, 6, 7, 8, 9, 10, 11, 12, 13, 14, 15, 16, 17]",0.0,64
concrete,256,0.079,0.006339144215530904,0.0893854748603352,0.3105263157894737,-2.6633472442626953,-2.9688971042633057,-2.5893447399139404,-1.7183191776275635,0.9945706129074097,tight,nan,0.921875,0.11328125,0.11328125,0.0,none,v3_t-differences_c-none_d-mixed_a-concrete_p-tight_s-00,mixed,96.58142447471619,19.800844192504883,0.06820014661228763,-0.5327421087396012,transformer,0.9995,1.0,-0.0004999999999999449,1.0,0.9972602739726028,0.9992157220840454,1.0,-0.0003961920738220215,1.0,0.9957026243209839,0.9993349313735962,1.0,1.0,2,0.001,0.00010893060243688524,0.00010893060243688524,0.0,0.0,0.0,0.0,1.0,0.9735,0.9192742109298706,0.9702485203742981,700,0.0565,-2.693718671798706,0.9814849495887756,0.057,-2.6897425651550293,0.9814020991325378,0.8347546458244324,0.0859375,0.08885243535041809,28097.0,52.98738432148656,0.31611310871130477,0.9298000898244267,0.971,-4.0961363769353305,0.1,0.1,0,1.0,1.0,1.0,1.0,1.0,1.0,1.0,1.0,0.9995002150535583,1.0,1.0,0.9971765279769897,0.999265193939209,0.9996119141578674,1.0,1.0,0.9977569580078125,0.999548077583313,10000,10000,differences,0.034,0.0,-0.966,0.024691358024691357,0.17699115044247787,-2.8494389057159424,-2.999924659729004,-3.84905081987381,-2.887446641921997,-2.219604969024658,0.9962303638458252,0.0405,0.0,-0.9595,0.026392961876832845,0.20809248554913296,-2.826129913330078,-2.9999234676361084,-3.8257418274879456,-2.895606279373169,-2.098146438598633,0.9965923428535461,-0.0385,"[1, 2, 3, 4, 5, 6, 7, 8, 9, 10, 11, 12, 13, 14, 15, 16, 17]",0.0,32
concrete,256,0.367,0.31695721077654515,0.45251396648044695,0.45263157894736844,-1.410775065422058,-1.6010732650756836,-1.0669970512390137,-1.1026599407196045,0.9628479480743408,tight,nan,0.6103515625,0.30078125,0.3203125,0.0,none,v3_t-differences_c-none_d-mixed_a-concrete_p-tight_s-01,mixed,58.63466763496399,20.108842849731445,0.20061650566230504,-0.059242144822143655,transformer,0.998,1.0,0.0,1.0,0.989041095890411,0.9917082786560059,1.0,-0.0036908984184265137,1.0,0.9545657634735107,0.9987757205963135,1.0,1.0,2,0.001,0.015483236871659756,0.015483236871659756,0.0,0.0,0.0,0.0,1.0,0.9625,0.8869909644126892,0.9637706279754639,700,0.136,-2.216930627822876,0.941299319267273,0.1255,-2.2235939502716064,0.936050534248352,0.5190691947937012,0.462890625,0.44806182384490967,28097.0,53.84941864672879,0.32125584889102093,0.9560337227504306,0.966,-0.0003848843654492562,0.533,0.1,1,0.998,1.0,1.0,0.9884393063583815,1.0,1.0,1.0,1.0,0.9978012442588806,0.9999998807907104,1.0,0.9875777959823608,0.9985496997833252,0.9953991770744324,1.0,1.0,0.9734055995941162,0.9980281591415405,10000,10000,differences,0.463,0.4323111443530292,-0.5349999999999999,0.5679012345679012,0.4837758112094395,-1.005084753036499,-1.10940682888031,-2.0004839301109314,-0.6242673397064209,-0.9576106071472168,0.9583956003189087,0.469,0.43564356435643564,-0.529,0.5483870967741935,0.5173410404624278,-0.9780092239379883,-1.109879970550537,-1.9734084010124207,-0.64359050989151,-0.8071724772453308,0.9530561566352844,0.10199999999999998,"[1, 2, 3, 4, 5, 6, 7, 8, 9, 10, 11, 12, 13, 14, 15, 16, 17]",0.0,32
concrete,256,0.134,0.022187004754358162,0.24022346368715083,0.4052631578947368,-2.4431869983673096,-2.905982732772827,-1.9687310457229614,-1.3532061576843262,0.9864491820335388,tight,nan,0.8681640625,0.109375,0.1015625,0.0,none,v3_t-differences_c-none_d-mixed_a-concrete_p-tight_s-02,mixed,98.91727256774902,20.2656192779541,0.180123404363656,-0.2060554321264119,transformer,0.9975,1.0,-0.0014999999999999458,1.0,0.9863013698630136,0.9925645589828491,1.0,-0.005926907062530518,0.9999998807907104,0.9592578411102295,0.9988996982574463,1.0,1.0,2,0.001,0.0002575033577159047,0.0002575033577159047,0.0,0.0,0.0,0.0,1.0,0.9695,0.9148178100585938,0.976202130317688,700,0.11,-2.476376533508301,0.9785990118980408,0.12,-2.4406251907348633,0.9757054448127747,0.614543080329895,0.17578125,0.18116642534732819,28097.0,52.86830294399149,0.31540269084653144,0.8846289308413673,0.985,-1.4043228580693201,0.167,0.1,2,0.999,1.0,1.0,0.9942196531791907,1.0,1.0,1.0,1.0,0.9999839067459106,1.0,1.0,0.9999090433120728,0.9998569488525391,0.9984914660453796,1.0,1.0,0.9912797212600708,0.9991258382797241,10000,10000,differences,0.0485,0.0007479431563201197,-0.9505,0.037037037037037035,0.24778761061946902,-2.787680149078369,-2.995225429534912,-3.786171615123749,-2.7939090728759766,-1.9631785154342651,0.9927054643630981,0.053,0.0007616146230007616,-0.946,0.05865102639296188,0.24566473988439305,-2.7757797241210938,-2.9948999881744385,-3.7742711901664734,-2.757293939590454,-1.9624828100204468,0.9936314225196838,-0.08100000000000002,"[1, 2, 3, 4, 5, 6, 7, 8, 9, 10, 11, 12, 13, 14, 15, 16, 17]",0.0,32
concrete,256,0.226,0.06814580031695722,0.4134078212290503,0.5736842105263158,-1.949354887008667,-2.5591976642608643,-1.2465548515319824,-0.5861462354660034,0.9564725160598755,tight,nan,0.748046875,0.14453125,0.1171875,0.0,none,v3_t-differences_c-none_d-mixed_a-concrete_p-tight_s-03,mixed,82.38050031661987,19.740034103393555,0.25735954286441826,-0.05140173912095722,transformer,1.0,1.0,0.0010000000000000009,1.0,1.0,0.9995206594467163,1.0,0.0006399154663085938,1.0,0.997373640537262,0.9993413090705872,1.0,1.0,2,0.001,0.0008483781712129712,0.0008483781712129712,0.0,0.0,0.0,0.0,1.0,0.9675,0.9046973586082458,0.9678711891174316,700,0.168,-2.0951504707336426,0.9373127222061157,0.17,-2.0247933864593506,0.9286020994186401,0.7542535066604614,0.18359375,0.1877235770225525,28097.0,53.75599806612148,0.32069851867871574,0.8970132554386462,0.969,-0.377218565896293,0.54,0.1,3,0.999,1.0,1.0,0.9942196531791907,1.0,1.0,1.0,1.0,0.9997308254241943,1.0,1.0,0.9984790086746216,0.999533474445343,0.9988807439804077,1.0,1.0,0.9935302734375,0.9991826415061951,10000,10000,differences,0.1885,0.0493642483171279,-0.8105,0.4012345679012346,0.5339233038348082,-2.132448673248291,-2.7282793521881104,-3.1313294172286987,-1.1898094415664673,-0.6834490895271301,0.9701635837554932,0.212,0.048743335872048744,-0.787,0.44868035190615835,0.5982658959537572,-2.065497636795044,-2.748663902282715,-3.0643783807754517,-1.0319210290908813,-0.49165865778923035,0.9730076789855957,-0.014000000000000012,"[1, 2, 3, 4, 5, 6, 7, 8, 9, 10, 11, 12, 13, 14, 15, 16, 17]",0.0,32
concrete,256,0.172,0.08557844690966719,0.22905027932960895,0.4052631578947368,-2.2408480644226074,-2.5916032791137695,-1.9942231178283691,-1.3083186149597168,0.9777042269706726,tight,nan,0.7978515625,0.21484375,0.19921875,0.0,none,v3_t-differences_c-none_d-mixed_a-concrete_p-tight_s-04,mixed,83.54122543334961,19.51872444152832,0.16119798964097776,-0.15461892848028577,transformer,0.999,1.0,0.0020000000000000018,1.0,0.9945205479452055,0.9976750612258911,1.0,0.005218088626861572,1.0,0.9872606992721558,0.9986592531204224,1.0,1.0,2,0.001,0.0011831875890493393,0.0011831875890493393,0.0,0.0,0.0,0.0,1.0,0.9595,0.8751557469367981,0.9561225771903992,400,0.1825,-1.959688425064087,0.9291970133781433,0.186,-1.9698283672332764,0.9257934093475342,0.6241528391838074,0.236328125,0.23778988420963287,28097.0,52.08044632860295,0.31070248140803225,0.9386774037490241,0.974,-2.0757053228606073,0.122,0.1,4,0.997,1.0,1.0,0.9826589595375722,1.0,1.0,1.0,1.0,0.9995482563972473,1.0,1.0,0.9974479079246521,0.9991336464881897,0.9924569725990295,1.0,1.0,0.9563987851142883,0.998511791229248,10000,10000,differences,0.139,0.048616305160807775,-0.858,0.24074074074074073,0.39823008849557523,-2.4065723419189453,-2.7851028442382812,-3.399029314517975,-1.9474412202835083,-1.3524808883666992,0.9894157648086548,0.1315,0.031226199543031227,-0.8654999999999999,0.24926686217008798,0.3959537572254335,-2.4260566234588623,-2.8397977352142334,-3.418513596057892,-1.92670738697052,-1.3481271266937256,0.986049473285675,-0.04049999999999998,"[1, 2, 3, 4, 5, 6, 7, 8, 9, 10, 11, 12, 13, 14, 15, 16, 17]",0.0,32
concrete,256,0.032,0.001584786053882726,0.0111731843575419,0.15263157894736842,-2.851106882095337,-2.9935836791992188,-2.9271936416625977,-2.30625319480896,0.9931709170341492,tight,nan,0.9365234375,0.015625,0.015625,0.0,none,v3_t-differences_c-none_d-mixed_a-concrete_p-tight_s-05,mixed,98.87183427810669,19.872556686401367,0.14336945968011114,-0.3349983168364033,transformer,1.0,1.0,0.0,1.0,1.0,0.9997245073318481,1.0,0.0006788372993469238,1.0,0.9984904527664185,0.9995443820953369,1.0,1.0,2,0.001,9.47793887462467e-05,9.47793887462467e-05,0.0,0.0,0.0,0.0,1.0,0.9755,0.9255551695823669,0.9778609871864319,700,0.1445,-2.2754955291748047,0.9605472087860107,0.162,-2.192596673965454,0.9579792618751526,0.9022456407546997,0.044921875,0.04692097008228302,28097.0,50.64756323532815,0.30215416118360294,0.8845980850905171,0.98,-2.7284913670135986,0.035,0.1,5,1.0,1.0,1.0,1.0,1.0,1.0,1.0,1.0,0.9998630285263062,1.0,1.0,0.9992258548736572,0.9996659159660339,0.9990456700325012,1.0,1.0,0.994483470916748,0.9989159107208252,10000,10000,differences,0.0445,0.002243829468960359,-0.9555,0.08950617283950617,0.168141592920354,-2.7994956970214844,-2.989315986633301,-3.7985413670539856,-2.618055820465088,-2.2242650985717773,0.994477391242981,0.05,0.003808073115003808,-0.95,0.07038123167155426,0.20520231213872833,-2.7808029651641846,-2.9845151901245117,-3.779848635196686,-2.6807048320770264,-2.1064083576202393,0.9936432242393494,0.018000000000000002,"[1, 2, 3, 4, 5, 6, 7, 8, 9, 10, 11, 12, 13, 14, 15, 16, 17]",0.0,32
concrete,256,0.995,1.0,1.0,0.9736842105263158,0.9804602265357971,1.0,1.0,0.8971590399742126,0.9975069761276245,wide,1.003968253968254,0.0078125,0.99609375,0.9921875,1.0,none,v3_t-differences_c-none_d-mixed_a-concrete_p-wide_s-00,mixed,82.12421441078186,37.53089904785156,0.15344904800464018,-0.08036853170830932,transformer,0.999,1.0,0.0,1.0,0.9945205479452055,0.9965882301330566,1.0,0.00046384334564208984,1.0,0.9813055992126465,0.9986068606376648,1.0,1.0,2,0.001,4.888576950179413e-05,4.888576950179413e-05,0.0,0.0,0.0,0.0,1.0,0.9805,0.9449384808540344,0.9788271188735962,400,0.4325,-0.9471196532249451,0.872334897518158,0.4055,-1.0561354160308838,0.8701463341712952,0.9775198101997375,0.001953125,0.0047211721539497375,407297.0,106.10933562795303,0.16626391007652,0.9704164312488474,0.983,0.5529211107258734,0.846,0.1,0,0.999,1.0,1.0,0.9942196531791907,1.0,1.0,1.0,1.0,0.9991557598114014,1.0,1.0,0.9952303171157837,0.9990509152412415,0.9961243867874146,1.0,1.0,0.9775978922843933,0.9995484352111816,10000,10000,differences,0.997,1.0,-0.0020000000000000018,1.0,0.9823008849557522,0.9927526712417603,1.0,-0.003371715545654297,0.9999998807907104,0.9572429656982422,0.997848629951477,0.9955,1.0,-0.0034999999999999476,1.0,0.9739884393063584,0.9885416030883789,1.0,-0.0075827836990356445,1.0,0.9337666034698486,0.9973989129066467,0.000500000000000056,"[1, 2, 3, 4, 5, 6, 7, 8, 9, 10, 11, 12, 13, 14, 15, 16, 17]",0.0,128
concrete,256,0.987,1.0,1.0,0.9315789473684211,0.9557271599769592,1.0,0.9999997615814209,0.766985297203064,0.9968791007995605,wide,0.9919678714859438,0.0234375,0.98828125,0.99609375,1.0,none,v3_t-differences_c-none_d-mixed_a-concrete_p-wide_s-01,mixed,88.82308268547058,37.048892974853516,0.1365485759954936,0.023554056632013487,transformer,1.0,1.0,0.0010000000000000009,1.0,1.0,0.9991623163223267,1.0,0.0007824301719665527,1.0,0.9954097270965576,0.9989041686058044,1.0,1.0,2,0.001,0.00010663256398402154,0.00010663256398402154,0.0,0.0,0.0,0.0,1.0,0.985,0.9549680352210999,0.983292818069458,400,0.403,-1.0495835542678833,0.8688102960586548,0.4035,-1.0528429746627808,0.8740544319152832,0.964186429977417,0.0390625,0.038134485483169556,407297.0,108.0706184006405,0.16933706608699672,0.9600484062997335,0.972,0.8848554628251685,0.929,0.1,1,0.999,1.0,1.0,0.9942196531791907,0.999,1.0,1.0,0.9943502824858758,0.9951609969139099,1.0,1.0,0.9726608991622925,0.9984683990478516,0.9983798861503601,1.0,1.0,0.9906352758407593,0.9987249970436096,10000,10000,differences,0.987,1.0,-0.01200000000000001,1.0,0.9233038348082596,0.9633644819259644,1.0,-0.03501540422439575,1.0,0.7838616371154785,0.9954870343208313,0.988,1.0,-0.01100000000000001,1.0,0.930635838150289,0.9624174237251282,1.0,-0.035962462425231934,0.9999998807907104,0.7827595472335815,0.9956600069999695,0.0010000000000000009,"[1, 2, 3, 4, 5, 6, 7, 8, 9, 10, 11, 12, 13, 14, 15, 16, 17]",0.0,128
concrete,256,0.175,0.10301109350237718,0.25139664804469275,0.34210526315789475,-2.2621781826019287,-2.563239097595215,-1.922111988067627,-1.5827170610427856,0.9889230728149414,wide,nan,0.84375,0.1875,0.18359375,0.0,none,v3_t-differences_c-none_d-mixed_a-concrete_p-wide_s-02,mixed,86.44502353668213,37.33990478515625,0.1561902668253607,-0.008442456370971345,transformer,0.9975,1.0,0.000500000000000056,1.0,0.9863013698630136,0.9919962286949158,1.0,-0.00026988983154296875,1.0,0.9561436772346497,0.9978702664375305,1.0,1.0,2,0.001,0.004182370845228434,0.004182370845228434,0.0,0.0,0.0,0.0,1.0,0.9765,0.9373209476470947,0.9758250713348389,400,0.163,-2.11895489692688,0.9419752955436707,0.157,-2.174389600753784,0.9498478770256042,0.6865568161010742,0.2734375,0.2727876305580139,407297.0,106.61068517291756,0.1670494803109163,0.9842457905927884,0.987,-1.2907403076803012,0.256,0.1,2,0.997,1.0,1.0,0.9826589595375722,1.0,1.0,1.0,1.0,0.9984040260314941,1.0,0.9999977350234985,0.9909861087799072,0.9981114864349365,0.9922661185264587,1.0,1.0,0.9552954435348511,0.9977658987045288,10000,10000,differences,0.1225,0.07329842931937172,-0.8745,0.1697530864197531,0.2713864306784661,-2.4718244075775146,-2.681236743927002,-3.4640905261039734,-2.302806854248047,-1.8074533939361572,0.987307608127594,0.1395,0.07844630616907845,-0.8574999999999999,0.16715542521994134,0.3439306358381503,-2.399778127670288,-2.655104637145996,-3.392044246196747,-2.2648096084594727,-1.5638824701309204,0.9883072972297668,-0.035499999999999976,"[1, 2, 3, 4, 5, 6, 7, 8, 9, 10, 11, 12, 13, 14, 15, 16, 17]",0.0,128
concrete,256,0.985,0.9904912836767037,0.994413407821229,0.9578947368421052,0.9451526999473572,0.9600015878677368,0.9823112487792969,0.8608316779136658,0.9875204563140869,wide,0.9762845849802372,0.0078125,0.97265625,0.99609375,1.0,none,v3_t-differences_c-none_d-mixed_a-concrete_p-wide_s-03,mixed,93.83773469924927,37.62413787841797,0.17630482976447065,-0.00036639769853382635,transformer,0.999,1.0,-0.0010000000000000009,1.0,0.9945205479452055,0.9962736964225769,1.0,-0.0025643110275268555,1.0,0.9795820116996765,0.998498797416687,1.0,1.0,2,0.001,0.0013004573993384838,0.0013004573993384838,0.0,0.0,0.0,0.0,1.0,0.9675,0.9033817648887634,0.9643890261650085,400,0.527,-0.2031688690185547,0.7768610715866089,0.574,-0.09045390039682388,0.7811155915260315,0.9308951497077942,0.03125,0.04759526625275612,407297.0,107.40238424124281,0.1682900024753866,0.9643936192916533,0.976,0.701202286403013,0.923,0.1,3,1.0,1.0,1.0,1.0,0.999,1.0,1.0,0.9943502824858758,0.9969741106033325,1.0,0.9999998211860657,0.9829046130180359,0.998931348323822,0.9988380074501038,1.0,1.0,0.9932835102081299,0.9984223246574402,10000,10000,differences,0.795,0.7367240089753179,-0.20499999999999996,0.9074074074074074,0.9174041297935103,0.23289749026298523,0.007115907035768032,-0.7659405171871185,0.6544690728187561,0.7204515337944031,0.9806473851203918,0.846,0.8042650418888042,-0.15400000000000003,0.9296187683284457,0.9219653179190751,0.437452107667923,0.27544572949409485,-0.5613858997821808,0.740513265132904,0.7535519599914551,0.9772263169288635,-0.139,"[1, 2, 3, 4, 5, 6, 7, 8, 9, 10, 11, 12, 13, 14, 15, 16, 17]",0.0,128
concrete,256,0.923,0.9619651347068146,0.8715083798882681,0.8421052631578947,0.7298262715339661,0.8752480149269104,0.5479062795639038,0.41826117038726807,0.981529176235199,wide,1.0185185185185186,0.078125,0.9375,0.921875,1.0,none,v3_t-differences_c-none_d-mixed_a-concrete_p-wide_s-04,mixed,99.24353814125061,37.47550582885742,0.19134097883892284,0.05547917414272753,transformer,1.0,1.0,0.0,1.0,1.0,0.9995981454849243,1.0,-0.00035250186920166016,1.0,0.9977977275848389,0.999438464641571,1.0,1.0,2,0.001,0.00021905486937612295,0.00021905486937612295,0.0,0.0,0.0,0.0,1.0,0.975,0.9321386814117432,0.9762390851974487,400,0.416,-1.1099756956100464,0.9251251816749573,0.3935,-1.1612849235534668,0.9207807183265686,0.8734056353569031,0.123046875,0.12635740637779236,407297.0,107.79971184961553,0.16891257956870692,0.9635057267310545,0.98,-0.15773336097005863,0.522,0.1,4,1.0,1.0,1.0,1.0,1.0,1.0,1.0,1.0,0.9999992847442627,1.0,1.0,0.999995768070221,0.9999514222145081,0.999950647354126,1.0,1.0,0.9997148513793945,0.9997013807296753,10000,10000,differences,0.8325,0.8421839940164547,-0.16749999999999998,0.8858024691358025,0.7433628318584071,0.395163357257843,0.4412372410297394,-0.604787290096283,0.5569311380386353,0.05884014070034027,0.9718324542045593,0.853,0.884996191926885,-0.14700000000000002,0.8592375366568915,0.7254335260115607,0.47952625155448914,0.5926425457000732,-0.5204243957996368,0.47429126501083374,0.05543217808008194,0.9719801545143127,-0.07000000000000006,"[1, 2, 3, 4, 5, 6, 7, 8, 9, 10, 11, 12, 13, 14, 15, 16, 17]",0.0,128
concrete,256,0.24,0.1648177496038035,0.31843575418994413,0.41578947368421054,-1.8817360401153564,-2.192878007888794,-1.5706204175949097,-1.1415209770202637,0.9545325636863708,wide,nan,0.7587890625,0.28125,0.2578125,0.0,none,v3_t-differences_c-none_d-mixed_a-concrete_p-wide_s-05,mixed,92.34979009628296,38.17528533935547,0.09602940380569126,-0.07227182750066088,transformer,0.9975,1.0,0.0015000000000000568,1.0,0.9863013698630136,0.9937325716018677,1.0,0.004139363765716553,0.9996838569641113,0.9659423828125,0.9972137212753296,1.0,1.0,2,0.001,0.0004942985251545906,0.0004942985251545906,0.0,0.0,0.0,0.0,1.0,0.98,0.9336567521095276,0.9748913645744324,400,0.1015,-2.362532138824463,0.9477444887161255,0.127,-2.2951371669769287,0.943818211555481,0.8240542411804199,0.18359375,0.1965148150920868,407297.0,105.74466720615195,0.1656925070295471,0.9582604646866894,0.973,-1.5340492555539749,0.325,0.1,5,0.996,1.0,1.0,0.976878612716763,1.0,1.0,1.0,1.0,0.998950183391571,1.0,1.0,0.9940689206123352,0.9987100958824158,0.9895932078361511,1.0,1.0,0.939845085144043,0.9966675043106079,10000,10000,differences,0.1505,0.1323859386686612,-0.8455,0.16049382716049382,0.21238938053097345,-2.2472968101501465,-2.328174352645874,-3.2368900179862976,-2.201730728149414,-1.9718691110610962,0.9628666639328003,0.154,0.11957349581111958,-0.842,0.20821114369501467,0.23121387283236994,-2.2563188076019287,-2.3935866355895996,-3.24591201543808,-2.0823025703430176,-1.9069178104400635,0.9703153371810913,-0.086,"[1, 2, 3, 4, 5, 6, 7, 8, 9, 10, 11, 12, 13, 14, 15, 16, 17]",0.0,128
invariant,256,0.158,0.006339144215530904,0.21787709497206703,0.6052631578947368,-2.2582948207855225,-2.965226650238037,-1.8914611339569092,-0.25613346695899963,0.97029709815979,moderate,nan,0.80859375,0.17578125,0.140625,0.0,none,v3_t-differences_c-none_d-mixed_a-invariant_p-moderate_s-00,mixed,93.11707425117493,28.473745346069336,0.1669772760511154,-0.04750386312903621,transformer,1.0,1.0,0.0010000000000000009,1.0,1.0,0.99982088804245,1.0,0.0032392144203186035,1.0,0.9990182518959045,0.9993323087692261,1.0,1.0,2,0.001,0.0003342315903864801,0.0003090735408477485,2.5158064090646803e-05,0.0,0.0,0.0,1.0,0.9525,0.8646661639213562,0.9498010873794556,400,0.236,-1.597797155380249,0.8769814968109131,0.2185,-1.6655597686767578,0.8845052123069763,0.9102416038513184,0.1171875,0.10211671888828278,105345.0,73.89537327083464,0.2276723464449806,0.9256200023795713,0.962,-2.205015184193818,0.166,0.1,0,0.999,1.0,1.0,0.9942196531791907,1.0,1.0,1.0,1.0,0.999276876449585,1.0,1.0,0.9959141612052917,0.9991742968559265,0.9965816736221313,1.0,1.0,0.9802405834197998,0.9993546009063721,10000,10000,differences,0.1365,0.012715033657442034,-0.8625,0.24691358024691357,0.5191740412979351,-2.3612685203552246,-2.918781280517578,-3.357850193977356,-1.8071520328521729,-0.6920629739761353,0.9711137413978577,0.1435,0.014470677837014471,-0.8555,0.25806451612903225,0.5202312138728323,-2.324949264526367,-2.9158480167388916,-3.3215309381484985,-1.7381738424301147,-0.6609046459197998,0.9681206345558167,-0.014500000000000013,"[1, 2, 3, 4, 5, 6, 7, 8, 9, 10, 11, 12, 13, 14, 15, 16, 17]",0.0,64
invariant,256,0.303,0.2900158478605388,0.25139664804469275,0.39473684210526316,-1.6973644495010376,-1.7412190437316895,-1.9458096027374268,-1.3176593780517578,0.9728178977966309,moderate,nan,0.65234375,0.3046875,0.2890625,0.0,none,v3_t-differences_c-none_d-mixed_a-invariant_p-moderate_s-01,mixed,58.9574236869812,29.548648834228516,0.10322830987839886,-0.16554658145523493,transformer,0.9965,1.0,-0.0024999999999999467,1.0,0.9808219178082191,0.9897850751876831,1.0,-0.008677303791046143,1.0,0.9440277814865112,0.9984975457191467,1.0,1.0,2,0.001,0.00010952838783850893,0.00010693410877138376,2.594280886114575e-06,0.0,0.0,0.0,1.0,0.953,0.87441086769104,0.950318455696106,400,0.14,-2.101513624191284,0.9185613989830017,0.1225,-2.1392788887023926,0.9236710071563721,0.14397457242012024,0.521484375,0.5184640884399414,105345.0,75.10248265325373,0.23139146190981277,0.9495996990479563,0.972,-2.1055203150185697,0.094,0.1,1,0.999,1.0,1.0,0.9942196531791907,1.0,1.0,1.0,1.0,0.9986504912376404,1.0,1.0,0.9923754334449768,0.99847412109375,0.9984623789787292,1.0,1.0,0.9911121726036072,0.9992796778678894,10000,10000,differences,0.081,0.01720269259536275,-0.918,0.09876543209876543,0.31563421828908556,-2.633303165435791,-2.903104066848755,-3.6317655444145203,-2.4980318546295166,-1.6985070705413818,0.9875768423080444,0.083,0.010662604722010662,-0.916,0.1436950146627566,0.2976878612716763,-2.6229591369628906,-2.9385581016540527,-3.62142151594162,-2.3498778343200684,-1.6944608688354492,0.9877413511276245,-0.21999999999999997,"[1, 2, 3, 4, 5, 6, 7, 8, 9, 10, 11, 12, 13, 14, 15, 16, 17]",0.0,64
invariant,256,0.445,0.4120443740095087,0.5363128491620112,0.46842105263157896,-1.1051969528198242,-1.2331115007400513,-0.7949583530426025,-0.972663164138794,0.9586547613143921,moderate,nan,0.5419921875,0.47265625,0.37890625,0.0,none,v3_t-differences_c-none_d-mixed_a-invariant_p-moderate_s-02,mixed,91.70993947982788,28.867095947265625,0.21363227267166232,0.030418121509332895,transformer,0.997,1.0,-0.0030000000000000027,1.0,0.9835616438356164,0.9932454228401184,1.0,-0.005462348461151123,1.0,0.962988555431366,0.9982680082321167,1.0,1.0,2,0.001,0.0006067879730835557,0.0005485191941261292,5.826877531944774e-05,0.0,0.0,0.0,1.0,0.9735,0.9205371141433716,0.9623559713363647,400,0.3535,-1.1620525121688843,0.8767481446266174,0.3465,-1.2410532236099243,0.8799482583999634,0.24441121518611908,0.6640625,0.6475504636764526,105345.0,74.27545547410848,0.22884338332091841,0.952098843606046,0.972,0.02172975487012585,0.552,0.1,2,1.0,1.0,1.0,1.0,0.999,1.0,1.0,0.9943502824858758,0.9974393248558044,1.0,1.0,0.9855327606201172,0.9994311332702637,0.9987077713012695,1.0,1.0,0.9925304055213928,0.9986110925674438,10000,10000,differences,0.2305,0.15781600598354525,-0.7695,0.3425925925925926,0.41002949852507375,-1.9972668886184692,-2.3076391220092773,-2.9959746599197388,-1.5554442405700684,-1.1954454183578491,0.9740101099014282,0.258,0.1766945925361767,-0.742,0.41055718475073316,0.4161849710982659,-1.899843692779541,-2.2561864852905273,-2.8985514640808105,-1.3015409708023071,-1.1372523307800293,0.9773403406143188,-0.187,"[1, 2, 3, 4, 5, 6, 7, 8, 9, 10, 11, 12, 13, 14, 15, 16, 17]",0.0,64
invariant,256,0.738,0.6418383518225039,0.9553072625698324,0.8526315789473684,0.04990943893790245,-0.3221059739589691,0.8548786044120789,0.5270264744758606,0.9683108925819397,moderate,nan,0.265625,0.74609375,0.51953125,0.0,none,v3_t-differences_c-none_d-mixed_a-invariant_p-moderate_s-03,mixed,95.21745729446411,29.008092880249023,0.2582103349651095,0.0701690964271605,transformer,1.0,1.0,0.0,1.0,1.0,0.9999291896820068,1.0,-4.9233436584472656e-05,1.0,0.9996118545532227,0.9996709227561951,1.0,1.0,2,0.001,0.00022305229504127055,0.00022024335339665413,2.8089448278478812e-06,0.0,0.0,0.0,1.0,0.9575,0.8784596920013428,0.9620341658592224,400,0.613,-0.10018078982830048,0.8230839371681213,0.6085,-0.17689098417758942,0.8328287601470947,0.6101648211479187,0.314453125,0.3148871064186096,105345.0,74.99044955143852,0.2310462868597282,0.9666063502996571,0.965,0.08506571172624144,0.724,0.1,3,1.0,1.0,1.0,1.0,1.0,1.0,1.0,1.0,0.9996175765991211,1.0,1.0,0.997839093208313,0.9994170665740967,0.9999784231185913,1.0,1.0,0.999875009059906,0.9997342824935913,10000,10000,differences,0.858,0.8302169035153328,-0.14200000000000002,0.9783950617283951,0.8525073746312685,0.52623450756073,0.4364844858646393,-0.47374391555786133,0.9276207685470581,0.4965781569480896,0.9635533094406128,0.877,0.8621477532368621,-0.123,0.9765395894428153,0.8352601156069365,0.5695956945419312,0.5157432556152344,-0.43038272857666016,0.9270815253257751,0.42163515090942383,0.9652971029281616,0.139,"[1, 2, 3, 4, 5, 6, 7, 8, 9, 10, 11, 12, 13, 14, 15, 16, 17]",0.0,64
invariant,256,0.996,1.0,1.0,0.9789473684210527,0.9880591034889221,1.0,1.0,0.9371530413627625,0.9969620108604431,moderate,1.0,0.0,0.9921875,0.9921875,1.0,none,v3_t-differences_c-none_d-mixed_a-invariant_p-moderate_s-04,mixed,108.09683036804199,29.59600067138672,0.2567397196150103,0.0563774496558644,transformer,0.9995,1.0,0.000500000000000056,1.0,0.9972602739726028,0.9982321858406067,1.0,9.226799011230469e-05,1.0,0.9903132319450378,0.9989964962005615,1.0,1.0,2,0.001,0.00019710026390384883,0.0001962230307981372,8.772382784627553e-07,0.0,0.0,0.0,1.0,0.9715,0.9201878905296326,0.966323971748352,400,0.1645,-1.6413267850875854,0.8452447652816772,0.1605,-1.684633731842041,0.8508368134498596,0.9870986342430115,0.0078125,0.0083503108471632,105345.0,74.45783879091547,0.22940530805114037,0.9650351310111692,0.993,0.9278373726545843,0.971,0.1,4,0.999,1.0,1.0,0.9942196531791907,0.998,1.0,1.0,0.9887005649717514,0.9965999722480774,1.0,1.0,0.980790913105011,0.998461127281189,0.9981399178504944,1.0,1.0,0.9892479181289673,0.9989826679229736,10000,10000,differences,0.9975,1.0,-0.0014999999999999458,1.0,0.9852507374631269,0.9924594759941101,1.0,-0.005680441856384277,1.0,0.9555130004882812,0.996969997882843,0.997,1.0,-0.0020000000000000018,1.0,0.9826589595375722,0.990756094455719,1.0,-0.007383823394775391,1.0,0.9465670585632324,0.9960610866546631,0.0010000000000000009,"[1, 2, 3, 4, 5, 6, 7, 8, 9, 10, 11, 12, 13, 14, 15, 16, 17]",0.0,64
invariant,256,0.089,0.01901743264659271,0.12290502793296089,0.2894736842105263,-2.631049394607544,-2.9238131046295166,-2.454378366470337,-1.8252084255218506,0.9958276152610779,moderate,nan,0.923828125,0.0625,0.0625,0.0,none,v3_t-differences_c-none_d-mixed_a-invariant_p-moderate_s-05,mixed,86.56017231941223,29.006898880004883,0.11191542392708502,-0.12369810954596644,transformer,1.0,1.0,0.0,1.0,1.0,0.9999687671661377,1.0,-3.123283386230469e-05,1.0,0.999828577041626,0.99991774559021,1.0,1.0,2,0.001,2.1534775441978127e-05,2.1393447241280228e-05,1.4132848491499317e-07,0.0,0.0,0.0,1.0,0.959,0.8787742853164673,0.9618884325027466,400,0.061,-2.549712896347046,0.9502280950546265,0.061,-2.5217604637145996,0.9500439167022705,0.829497754573822,0.091796875,0.09014134109020233,105345.0,72.9549502926368,0.2247748943228789,0.9875985083274919,0.995,-1.9361046385812162,0.11,0.1,5,1.0,1.0,1.0,1.0,1.0,1.0,1.0,1.0,1.0,1.0,1.0,1.0,0.9999953508377075,1.0,1.0,1.0,0.9999999403953552,0.9999918341636658,10000,10000,differences,0.1455,0.054599850411368736,-0.8545,0.25308641975308643,0.40117994100294985,-2.4105350971221924,-2.7757575511932373,-3.4105350971221924,-1.9737632274627686,-1.3875607252120972,0.9965019822120667,0.148,0.06397562833206398,-0.852,0.22287390029325513,0.3930635838150289,-2.4009737968444824,-2.7444217205047607,-3.4009737968444824,-2.0969691276550293,-1.3972700834274292,0.9959941506385803,0.059,"[1, 2, 3, 4, 5, 6, 7, 8, 9, 10, 11, 12, 13, 14, 15, 16, 17]",0.0,64
invariant,256,0.203,0.10142630744849446,0.2905027932960894,0.45789473684210524,-2.165402889251709,-2.590083360671997,-1.7835800647735596,-1.1147345304489136,0.9933178424835205,tight,nan,0.80078125,0.234375,0.23046875,0.0,none,v3_t-differences_c-none_d-mixed_a-invariant_p-tight_s-00,mixed,68.38082981109619,19.915273666381836,0.14475731332524872,-0.3793299999781876,transformer,0.9995,1.0,-0.0004999999999999449,1.0,0.9972602739726028,0.9979538321495056,1.0,-0.0010860562324523926,1.0,0.9887880682945251,0.9995064735412598,1.0,1.0,2,0.001,0.0007761064334772527,0.0006190569256432354,0.00015704950783401728,0.0,0.0,0.0,1.0,0.979,0.9356617331504822,0.9729067087173462,700,0.0585,-2.6850130558013916,0.9818382859230042,0.062,-2.6842358112335205,0.9835830330848694,0.5217942595481873,0.26953125,0.2661566734313965,28097.0,52.9708199687523,0.316014288792117,0.936548679376517,0.98,-1.298706314238507,0.171,0.1,0,1.0,1.0,1.0,1.0,1.0,1.0,1.0,1.0,0.999789297580719,1.0,1.0,0.9988095760345459,0.999543309211731,0.999039888381958,1.0,1.0,0.9944503903388977,0.999417245388031,10000,10000,differences,0.1145,0.030665669409124907,-0.8855,0.2191358024691358,0.34513274336283184,-2.5225377082824707,-2.870001792907715,-3.5215775966644287,-2.0575873851776123,-1.5965324640274048,0.9929514527320862,0.1115,0.02361005331302361,-0.8885,0.18181818181818182,0.37572254335260113,-2.52999210357666,-2.889436721801758,-3.529031991958618,-2.2287747859954834,-1.4628362655639648,0.9938840866088867,-0.09150000000000001,"[1, 2, 3, 4, 5, 6, 7, 8, 9, 10, 11, 12, 13, 14, 15, 16, 17]",0.0,32
invariant,256,0.163,0.10142630744849446,0.19553072625698323,0.3368421052631579,-2.2967653274536133,-2.5806636810302734,-2.134758472442627,-1.5065510272979736,0.9845930337905884,tight,nan,0.8232421875,0.16015625,0.1484375,0.0,none,v3_t-differences_c-none_d-mixed_a-invariant_p-tight_s-01,mixed,88.7469711303711,20.31188201904297,0.17599740779957967,-0.12101511033829193,transformer,0.9985,1.0,0.0015000000000000568,1.0,0.9917808219178083,0.992991030216217,0.9997934103012085,-0.0008490681648254395,0.999984860420227,0.9623475670814514,0.997964084148407,1.0,1.0,2,0.001,0.06461995840072632,0.046121206134557724,0.018498754128813744,0.0,0.0,0.0,1.0,0.9655,0.8993244171142578,0.9632868766784668,700,0.154,-2.142855405807495,0.93739914894104,0.1515,-2.1787095069885254,0.9435814023017883,0.5759618282318115,0.3046875,0.29242822527885437,28097.0,53.973490268898146,0.3219960376489496,0.9451945967005193,0.987,-1.153279890606179,0.161,0.1,1,0.997,1.0,1.0,0.9826589595375722,0.997,1.0,1.0,0.9830508474576272,0.994040310382843,0.9999786615371704,1.0,0.9664042592048645,0.9979191422462463,0.9938400983810425,0.9999996423721313,0.9999999403953552,0.9643949866294861,0.9977825880050659,10000,10000,differences,0.1775,0.13836948391922213,-0.8195,0.1697530864197531,0.3392330383480826,-2.240403413772583,-2.4173591136932373,-3.2342435121536255,-2.2480597496032715,-1.5351781845092773,0.9808956384658813,0.146,0.09824828636709824,-0.851,0.14076246334310852,0.33236994219653176,-2.356754779815674,-2.569462776184082,-3.3505948781967163,-2.3248448371887207,-1.5810201168060303,0.9827242493629456,-0.017000000000000015,"[1, 2, 3, 4, 5, 6, 7, 8, 9, 10, 11, 12, 13, 14, 15, 16, 17]",0.0,32
invariant,256,0.31,0.21077654516640254,0.41899441340782123,0.5368421052631579,-1.6415036916732788,-2.066671848297119,-1.145501971244812,-0.6967836022377014,0.9688875675201416,tight,nan,0.630859375,0.31640625,0.28125,0.0,none,v3_t-differences_c-none_d-mixed_a-invariant_p-tight_s-02,mixed,102.62101483345032,20.13878631591797,0.20627277988078946,-0.15309615366421508,transformer,0.999,1.0,0.0020000000000000018,1.0,0.9945205479452055,0.9965494871139526,1.0,0.004581093788146973,0.9999957084655762,0.9810969829559326,0.9973865747451782,1.0,1.0,2,0.001,9.174380829790607e-05,9.06803979887627e-05,1.0634089449013118e-06,0.0,0.0,0.0,1.0,0.9805,0.9420835971832275,0.973349392414093,700,0.166,-2.0879507064819336,0.9333889484405518,0.173,-2.0694634914398193,0.9414392113685608,0.45911121368408203,0.41796875,0.4083646833896637,28097.0,52.806122165439106,0.31503173161799086,0.9329478080645156,0.978,-0.8383160620406269,0.334,0.1,2,0.997,1.0,1.0,0.9826589595375722,0.999,1.0,1.0,0.9943502824858758,0.9986404776573181,1.0,1.0,0.9923191666603088,0.9990894794464111,0.9919683933258057,1.0,0.9999998211860657,0.9535748362541199,0.9974938631057739,10000,10000,differences,0.235,0.13163799551234107,-0.762,0.39197530864197533,0.49262536873156343,-1.9946306943893433,-2.428424596786499,-2.986599087715149,-1.3502768278121948,-0.89961177110672,0.9733700156211853,0.255,0.1507996953541508,-0.742,0.40762463343108507,0.5,-1.896139144897461,-2.3417701721191406,-2.8881075382232666,-1.2995532751083374,-0.7930241227149963,0.9711253643035889,-0.05499999999999999,"[1, 2, 3, 4, 5, 6, 7, 8, 9, 10, 11, 12, 13, 14, 15, 16, 17]",0.0,32
invariant,256,0.072,0.003169572107765452,0.05027932960893855,0.32105263157894737,-2.631603479385376,-2.9707579612731934,-2.654189348220825,-1.4839749336242676,0.980056881904602,tight,nan,0.900390625,0.09765625,0.08984375,0.0,none,v3_t-differences_c-none_d-mixed_a-invariant_p-tight_s-03,mixed,58.991827964782715,19.964859008789062,0.24021187716094206,-0.0305308806496803,transformer,0.9985,1.0,-0.0004999999999999449,1.0,0.9917808219178083,0.9962244629859924,1.0,-0.0010023117065429688,0.9999996423721313,0.9793124198913574,0.9987778067588806,1.0,1.0,2,0.001,0.03398875892162323,0.0228441022336483,0.01114465482532978,0.0,0.0,0.0,1.0,0.969,0.911882221698761,0.9656029939651489,700,0.115,-2.3459439277648926,0.9504292011260986,0.119,-2.307173252105713,0.9468148350715637,0.8320288062095642,0.1171875,0.11753499507904053,28097.0,53.6809401513634,0.3202507367949449,0.9023334688812272,0.96,0.3509276359515129,0.83,0.1,3,0.999,1.0,1.0,0.9942196531791907,0.998,1.0,1.0,0.9887005649717514,0.9943787455558777,1.0,1.0,0.9682414531707764,0.9993571639060974,0.9972267746925354,1.0,1.0,0.9839696884155273,0.998960018157959,10000,10000,differences,0.198,0.09274495138369485,-0.8009999999999999,0.3950617283950617,0.4247787610619469,-2.0986127853393555,-2.5661470890045166,-3.095839560031891,-1.2860890626907349,-1.0312514305114746,0.9619070887565613,0.2035,0.07311500380807312,-0.7955,0.41642228739002934,0.4884393063583815,-2.0787172317504883,-2.6393675804138184,-3.0759440064430237,-1.1651893854141235,-0.8514887690544128,0.9625931978225708,0.1315,"[1, 2, 3, 4, 5, 6, 7, 8, 9, 10, 11, 12, 13, 14, 15, 16, 17]",0.0,32
invariant,256,0.09,0.009508716323296355,0.09497206703910614,0.3526315789473684,-2.619805097579956,-2.9572815895080566,-2.562418222427368,-1.5530933141708374,0.9913796186447144,tight,nan,0.912109375,0.1015625,0.1015625,0.0,none,v3_t-differences_c-none_d-mixed_a-invariant_p-tight_s-04,mixed,92.72341346740723,19.461149215698242,0.16410760759255527,-0.15892198966845736,transformer,0.9995,1.0,-0.0004999999999999449,1.0,0.9972602739726028,0.997465968132019,1.0,-0.0022714734077453613,1.0,0.9861147403717041,0.9993946552276611,1.0,1.0,2,0.001,0.0015033811796456575,0.0012018101988360286,0.0003015710099134594,0.0,0.0,0.0,1.0,0.954,0.8642742037773132,0.950782299041748,400,0.238,-1.62288498878479,0.8885566592216492,0.2295,-1.6575883626937866,0.8920837044715881,0.8127774000167847,0.115234375,0.11462319642305374,28097.0,52.18613809734803,0.3113330192994762,0.9334727224696309,0.983,-2.293719178776428,0.068,0.1,4,1.0,1.0,1.0,1.0,1.0,1.0,1.0,1.0,0.9998204112052917,1.0,1.0,0.998985230922699,0.9996339678764343,0.9997374415397644,1.0,1.0,0.9984822273254395,0.9994474053382874,10000,10000,differences,0.132,0.055347793567688854,-0.868,0.20987654320987653,0.35988200589970504,-2.441418409347534,-2.768765687942505,-3.4411558508872986,-2.0690152645111084,-1.5063022375106812,0.9906724095344543,0.124,0.037319116527037316,-0.876,0.2404692082111437,0.33815028901734107,-2.4550118446350098,-2.8258631229400635,-3.454749286174774,-1.9566357135772705,-1.5388818979263306,0.9872927069664001,0.034,"[1, 2, 3, 4, 5, 6, 7, 8, 9, 10, 11, 12, 13, 14, 15, 16, 17]",0.0,32
invariant,256,0.342,0.20443740095087162,0.5139664804469274,0.6368421052631579,-1.5249336957931519,-2.1159775257110596,-0.7579654455184937,-0.2846106290817261,0.9654024243354797,tight,nan,0.6298828125,0.34765625,0.25390625,0.0,none,v3_t-differences_c-none_d-mixed_a-invariant_p-tight_s-05,mixed,58.69602656364441,19.76127052307129,0.24352109769814867,-0.11252106376246909,transformer,0.9985,1.0,0.0045000000000000595,1.0,0.9917808219178083,0.9947850108146667,1.0,0.00868368148803711,1.0,0.9714247584342957,0.9991762042045593,1.0,1.0,2,0.001,0.0033999881707131863,0.002091817557811737,0.0013081706129014492,0.0,0.0,0.0,1.0,0.982,0.9444988369941711,0.9769354462623596,700,0.13,-2.360487222671509,0.9699201583862305,0.1305,-2.3515725135803223,0.9667649865150452,0.6137559413909912,0.287109375,0.2871151864528656,28097.0,50.50127299278873,0.30128142017297505,0.8907803193591823,0.976,-0.6326122071828433,0.46,0.1,5,0.994,1.0,1.0,0.9653179190751445,0.999,1.0,1.0,0.9943502824858758,0.9965952038764954,1.0,1.0,0.980763852596283,0.9998538494110107,0.9861013293266296,1.0,1.0,0.9196606278419495,0.9978293180465698,10000,10000,differences,0.2335,0.11667913238593867,-0.7605,0.3950617283950617,0.5398230088495575,-1.999688982963562,-2.493695020675659,-2.9857903122901917,-1.3051968812942505,-0.7151152491569519,0.9767847657203674,0.221,0.09977151561309977,-0.773,0.39589442815249265,0.5086705202312138,-2.0552797317504883,-2.5702807903289795,-3.041381061077118,-1.332209825515747,-0.813576340675354,0.9794666767120361,-0.12100000000000002,"[1, 2, 3, 4, 5, 6, 7, 8, 9, 10, 11, 12, 13, 14, 15, 16, 17]",0.0,32
invariant,256,0.49,0.33914421553090335,0.7262569832402235,0.7684210526315789,-0.9399641752243042,-1.495293140411377,-0.09336449205875397,0.1067264974117279,0.964859664440155,wide,nan,0.4453125,0.42578125,0.3203125,0.0,none,v3_t-differences_c-none_d-mixed_a-invariant_p-wide_s-00,mixed,73.40052723884583,37.53440475463867,0.16258595523618705,-0.07121184953171386,transformer,0.999,1.0,0.0010000000000000009,1.0,0.9945205479452055,0.9974477887153625,0.9999867081642151,0.002209603786468506,1.0,0.9860634803771973,0.9980788230895996,1.0,1.0,2,0.001,0.0015689458232373,0.0012947607319802046,0.0002741850330494344,0.0,0.0,0.0,1.0,0.9885,0.9577840566635132,0.983122706413269,400,0.9055,0.6939597129821777,0.8684195280075073,0.9145,0.7260792255401611,0.879292368888855,0.5682519674301147,0.2890625,0.29218703508377075,407297.0,108.15623809800145,0.16947122455268268,0.9688472414137363,0.971,0.03600842748365796,0.626,0.1,0,0.998,1.0,1.0,0.9884393063583815,0.999,1.0,1.0,0.9943502824858758,0.9964630007743835,0.9999786615371704,1.0,0.9800925254821777,0.998167872428894,0.995238184928894,0.9999772906303406,1.0,0.9725610613822937,0.9973884224891663,10000,10000,differences,0.505,0.3298429319371728,-0.493,0.8333333333333334,0.8820058997050148,-0.8457068204879761,-1.4965161085128784,-1.8409450054168701,0.34716692566871643,0.5809622406959534,0.952366054058075,0.5185,0.3274942878903275,-0.47950000000000004,0.8651026392961877,0.9017341040462428,-0.8006663918495178,-1.5140752792358398,-1.7959045767784119,0.4570732116699219,0.6670116186141968,0.954459011554718,0.02849999999999997,"[1, 2, 3, 4, 5, 6, 7, 8, 9, 10, 11, 12, 13, 14, 15, 16, 17]",0.0,128
invariant,256,0.399,0.2266244057052298,0.664804469273743,0.7210526315789474,-1.3609672784805298,-2.067242383956909,-0.3289194107055664,0.012312231585383415,0.9804128408432007,wide,nan,0.6552734375,0.39453125,0.37890625,0.0,none,v3_t-differences_c-none_d-mixed_a-invariant_p-wide_s-01,mixed,103.84181904792786,36.975643157958984,0.14150910947258036,0.012412575536382878,transformer,1.0,1.0,0.0020000000000000018,1.0,1.0,0.9989855885505676,1.0,0.00500035285949707,0.9999959468841553,0.9944455623626709,0.9988863468170166,1.0,1.0,2,0.001,0.0005350717692635953,0.0004960232763551176,3.90485001844354e-05,0.0,0.0,0.0,1.0,0.9875,0.9589941501617432,0.9807511568069458,400,0.246,-1.4465882778167725,0.8691517114639282,0.243,-1.4577041864395142,0.8636505007743835,0.5704625844955444,0.349609375,0.3482053577899933,407297.0,107.69389311450823,0.16874677100385096,0.9575308882691586,0.972,0.3219473725195129,0.875,0.1,1,0.998,1.0,1.0,0.9884393063583815,0.999,1.0,1.0,0.9943502824858758,0.9978979229927063,1.0,1.0,0.9881237745285034,0.9991216659545898,0.9939852356910706,1.0,1.0,0.9652327299118042,0.9990476965904236,10000,10000,differences,0.4645,0.37845923709798057,-0.5335,0.6265432098765432,0.6489675516224189,-1.1037551164627075,-1.4790903329849243,-2.097740352153778,-0.4739098846912384,-0.22542673349380493,0.9858015179634094,0.4895,0.39146991622239147,-0.5085,0.6774193548387096,0.6763005780346821,-1.0138641595840454,-1.4233295917510986,-2.007849395275116,-0.2420317381620407,-0.22070418298244476,0.9852814078330994,0.09049999999999997,"[1, 2, 3, 4, 5, 6, 7, 8, 9, 10, 11, 12, 13, 14, 15, 16, 17]",0.0,128
invariant,256,0.986,1.0,1.0,0.9263157894736842,0.950363039970398,1.0,0.9999468326568604,0.7388027906417847,0.9976257085800171,wide,1.0,0.015625,0.98828125,0.98828125,1.0,none,v3_t-differences_c-none_d-mixed_a-invariant_p-wide_s-02,mixed,89.0578043460846,36.80016326904297,0.23292273379323633,0.08309089764797613,transformer,0.9995,1.0,0.000500000000000056,1.0,0.9972602739726028,0.9974496960639954,1.0,0.0014992356300354004,1.0,0.9860258102416992,0.9991751909255981,1.0,1.0,2,0.001,5.240898190095322e-06,5.240164682618342e-06,7.333248452923158e-10,0.0,0.0,0.0,1.0,0.987,0.952268660068512,0.9749940037727356,400,0.563,-0.28391462564468384,0.8531643152236938,0.5515,-0.34458085894584656,0.8445941209793091,0.9740474820137024,0.01171875,0.01415873784571886,407297.0,106.93938587530603,0.16756452513426368,0.9725577027767616,0.977,0.8889160357807221,0.943,0.1,2,0.999,1.0,1.0,0.9942196531791907,0.999,1.0,1.0,0.9943502824858758,0.9986118078231812,1.0,1.0,0.9921571612358093,0.9991645216941833,0.99595046043396,1.0,1.0,0.9765923023223877,0.9996849894523621,10000,10000,differences,0.9835,0.9992520568436799,-0.015499999999999958,1.0,0.9056047197640118,0.9452694058418274,0.9982223510742188,-0.05068105459213257,0.9996160864830017,0.6844838857650757,0.9959530234336853,0.9905,1.0,-0.008499999999999952,1.0,0.9450867052023122,0.9620684385299683,0.9994746446609497,-0.0338820219039917,0.9997391104698181,0.782992959022522,0.9967857003211975,0.0045000000000000595,"[1, 2, 3, 4, 5, 6, 7, 8, 9, 10, 11, 12, 13, 14, 15, 16, 17]",0.0,128
invariant,256,0.802,0.7606973058637084,0.9273743016759777,0.8210526315789474,0.2693777084350586,0.12042088806629181,0.7260510325431824,0.33383673429489136,0.9630389213562012,wide,0.9327217125382263,0.177734375,0.7734375,0.81640625,1.0,none,v3_t-differences_c-none_d-mixed_a-invariant_p-wide_s-03,mixed,87.9941234588623,37.544822692871094,0.18434992294288005,0.04258736103493837,transformer,0.999,1.0,0.0010000000000000009,1.0,0.9945205479452055,0.9962037205696106,1.0,0.00245058536529541,1.0,0.9791988730430603,0.9990048408508301,1.0,1.0,2,0.001,0.002358056837692857,0.0017863971879705787,0.000571659707929939,0.0,0.0,0.0,1.0,0.97,0.9061806797981262,0.9682371020317078,400,0.2955,-1.3468559980392456,0.8645658493041992,0.3235,-1.1660499572753906,0.8467564582824707,0.3251243829727173,0.36328125,0.3931593596935272,407297.0,106.8349251940939,0.16740084451931303,0.9525685516016057,0.969,-0.2207865526708397,0.716,0.1,3,0.998,1.0,1.0,0.9884393063583815,0.999,1.0,1.0,0.9943502824858758,0.9972320795059204,1.0,1.0,0.9843615293502808,0.9995512962341309,0.9937531352043152,1.0,1.0,0.9638910293579102,0.9979234337806702,10000,10000,differences,0.7625,0.7359760658189978,-0.23550000000000004,0.8641975308641975,0.7699115044247787,0.07253051549196243,-0.04462367668747902,-0.9212226197123528,0.47426968812942505,0.1506180614233017,0.98897784948349,0.752,0.7258187357197258,-0.246,0.8475073313782991,0.7572254335260116,0.036607395857572556,-0.06974770128726959,-0.9571457393467426,0.3969094157218933,0.08510810136795044,0.9859444499015808,-0.050000000000000044,"[1, 2, 3, 4, 5, 6, 7, 8, 9, 10, 11, 12, 13, 14, 15, 16, 17]",0.0,128
invariant,256,0.509,0.5293185419968305,0.4860335195530726,0.4631578947368421,-0.9396999478340149,-0.8769040107727051,-1.04473078250885,-1.0492984056472778,0.9944716095924377,wide,nan,0.5234375,0.5078125,0.51953125,0.0,none,v3_t-differences_c-none_d-mixed_a-invariant_p-wide_s-04,mixed,85.92312240600586,37.7546501159668,0.09825412578005646,-0.047836519713856746,transformer,1.0,1.0,0.0,1.0,1.0,0.9999998807907104,1.0,-1.1920928955078125e-07,1.0,0.9999994039535522,0.9999901652336121,1.0,1.0,2,0.001,1.2057329513481818e-05,1.201251052407315e-05,4.4818616373731857e-08,0.0,0.0,0.0,1.0,0.9805,0.9466705322265625,0.9792987108230591,400,0.1125,-2.393338203430176,0.9619861841201782,0.1065,-2.4407763481140137,0.9660571813583374,-0.48191308975219727,0.857421875,0.8568859100341797,407297.0,106.8415957284633,0.16741129665455634,0.989902729300947,0.985,-0.7152119927979954,0.502,0.1,4,1.0,1.0,1.0,1.0,1.0,1.0,1.0,1.0,1.0,1.0,1.0,1.0,0.9999980330467224,1.0,1.0,1.0,1.0,0.9999969005584717,10000,10000,differences,0.3225,0.2782348541510845,-0.6775,0.4166666666666667,0.40707964601769914,-1.687711477279663,-1.8660640716552734,-2.687711477279663,-1.2963132858276367,-1.3583751916885376,0.9928383231163025,0.3285,0.2863670982482864,-0.6715,0.36950146627565983,0.4479768786127168,-1.6652438640594482,-1.8256763219833374,-2.6652438640594482,-1.5145962238311768,-1.2049063444137573,0.9917896389961243,-0.1805,"[1, 2, 3, 4, 5, 6, 7, 8, 9, 10, 11, 12, 13, 14, 15, 16, 17]",0.0,128
invariant,256,0.311,0.22979397781299524,0.40782122905027934,0.48947368421052634,-1.6760778427124023,-2.002901554107666,-1.2738080024719238,-0.9696597456932068,0.9727931022644043,wide,nan,0.7001953125,0.3203125,0.31640625,0.0,none,v3_t-differences_c-none_d-mixed_a-invariant_p-wide_s-05,mixed,83.12131190299988,38.08602523803711,0.09474955175475866,-0.11736166588077006,transformer,1.0,1.0,0.0,1.0,1.0,0.9986672401428223,1.0,-7.545948028564453e-05,1.0,0.9926972985267639,0.9989160299301147,1.0,1.0,2,0.001,0.0010106214322149754,0.0009146971278823912,9.592431160854176e-05,0.0,0.0,0.0,1.0,0.969,0.9087510108947754,0.967242956161499,400,0.1205,-2.2813832759857178,0.9391947984695435,0.1365,-2.2359166145324707,0.939315915107727,0.8578346967697144,0.208984375,0.21293000876903534,407297.0,105.62697149340282,0.16550808829499272,0.9806810111020317,0.992,-0.2638652954594731,0.503,0.1,5,1.0,1.0,1.0,1.0,1.0,1.0,1.0,1.0,0.9998993277549744,1.0,1.0,0.9994313716888428,0.9995907545089722,0.9987426996231079,1.0,1.0,0.9927323460578918,0.9989058375358582,10000,10000,differences,0.2045,0.14584891548242335,-0.7955,0.30864197530864196,0.336283185840708,-2.0985398292541504,-2.319866418838501,-3.0972825288772583,-1.6913889646530151,-1.614772915840149,0.9765076637268066,0.1975,0.1408987052551409,-0.8025,0.2991202346041056,0.31213872832369943,-2.1402266025543213,-2.374788284301758,-3.138969302177429,-1.736284852027893,-1.6482149362564087,0.978926420211792,-0.11349999999999999,"[1, 2, 3, 4, 5, 6, 7, 8, 9, 10, 11, 12, 13, 14, 15, 16, 17]",0.0,128
latent,256,1.0,1.0,1.0,1.0,0.9999988079071045,1.0,1.0,0.9999932646751404,0.9999605417251587,moderate,1.0,0.0,1.0,1.0,1.0,none,v3_t-differences_c-none_d-mixed_a-latent_p-moderate_s-00,mixed,116.13050293922424,7.4444804191589355,0.9999720849652892,0.999932247267858,transformer,1.0,1.0,0.0,1.0,1.0,1.0,1.0,0.0,1.0,1.0,0.9999989867210388,1.0,1.0,2,0.001,4.60537921753712e-05,4.904877641820349e-07,2.2574398947372565e-12,2.46096242335625e-05,9.237964150088374e-06,0.00011715712025761604,1.0,0.9775,0.9313432574272156,0.9669554233551025,400,0.5265,-0.6618858575820923,0.8737073540687561,0.4915,-0.7182313799858093,0.8788394927978516,0.9988584518432617,0.0,0.0002622266474645585,105345.0,50.974423596856525,0.1570526829391795,0.9999725268925134,1.0,0.9931106019571683,1.0,0.1,0,1.0,1.0,1.0,1.0,1.0,1.0,1.0,1.0,1.0,1.0,1.0,1.0,0.9999991655349731,1.0,1.0,1.0,1.0,0.999998927116394,10000,10000,differences,1.0,1.0,0.0,1.0,1.0,0.9995273351669312,1.0,-0.00047266483306884766,1.0,0.9972114562988281,0.9997000694274902,1.0,1.0,0.0,1.0,1.0,0.9999976754188538,1.0,-2.3245811462402344e-06,1.0,0.9999862313270569,0.9999451637268066,0.0,"[1, 2, 3, 4, 5, 6, 7, 8, 9, 10, 11, 12, 13, 14, 15, 16, 17]",0.0,64
latent,256,1.0,1.0,1.0,1.0,0.9999959468841553,1.0,1.0,0.9999786615371704,0.9999551177024841,moderate,1.0,0.0,1.0,1.0,1.0,none,v3_t-differences_c-none_d-mixed_a-latent_p-moderate_s-01,mixed,136.13363313674927,8.075546264648438,0.9999946749730618,0.9999851236217586,transformer,1.0,1.0,0.0,1.0,1.0,1.0,1.0,0.0,1.0,1.0,0.9999988079071045,1.0,1.0,2,0.001,4.527238343143836e-05,9.360879289488366e-07,5.860871683804891e-12,1.862310637079645e-05,4.719121534435544e-06,0.0002099405974149704,1.0,0.9625,0.89468914270401,0.9712397456169128,400,0.1265,-2.1806962490081787,0.9273587465286255,0.144,-2.1327500343322754,0.9257943034172058,0.9969402551651001,0.001953125,0.0018119732849299908,105345.0,51.11815747984209,0.15749552839694633,0.9999713684088435,1.0,0.9956462757017973,1.0,0.1,1,1.0,1.0,1.0,1.0,1.0,1.0,1.0,1.0,1.0,1.0,1.0,1.0,0.9999992251396179,1.0,1.0,1.0,1.0,0.9999990463256836,10000,10000,differences,0.999,1.0,-0.0010000000000000009,1.0,0.9941002949852508,0.9958077073097229,1.0,-0.0041922926902771,1.0,0.9752665162086487,0.9993219971656799,0.997,1.0,-0.0030000000000000027,1.0,0.9826589595375722,0.9885116815567017,1.0,-0.01148831844329834,1.0,0.9335933923721313,0.9987527132034302,-0.0030000000000000027,"[1, 2, 3, 4, 5, 6, 7, 8, 9, 10, 11, 12, 13, 14, 15, 16, 17]",0.0,64
latent,256,0.995,1.0,1.0,0.9736842105263158,0.9799782633781433,1.0,1.0,0.8946225047111511,0.9989698529243469,moderate,1.0,0.00390625,0.99609375,0.99609375,1.0,none,v3_t-differences_c-none_d-mixed_a-latent_p-moderate_s-02,mixed,118.53327536582947,7.906383991241455,0.9995936648410985,0.9982281526537611,transformer,1.0,1.0,0.0,1.0,1.0,1.0,1.0,0.0,1.0,1.0,0.9999980330467224,1.0,1.0,2,0.001,0.0001751897216308862,6.687929499094025e-07,2.6633751627758162e-12,7.885696686571464e-05,7.188621384557337e-05,0.00023777736350893974,1.0,0.982,0.9467207193374634,0.9808211922645569,400,0.788,0.34031355381011963,0.8878628015518188,0.8115,0.43163418769836426,0.8893315196037292,0.9874486923217773,0.01171875,0.012543682008981705,105345.0,51.90522584737382,0.1599204935079798,0.9999342670929536,1.0,0.9786086023358245,0.989,0.1,2,1.0,1.0,1.0,1.0,1.0,1.0,1.0,1.0,1.0,1.0,1.0,1.0,0.9999986290931702,1.0,1.0,1.0,1.0,0.9999985098838806,10000,10000,differences,0.996,1.0,-0.0040000000000000036,1.0,0.976401179941003,0.9876515865325928,1.0,-0.012348413467407227,1.0,0.9271483421325684,0.9991457462310791,0.9985,1.0,-0.0014999999999999458,1.0,0.9913294797687862,0.9966684579849243,1.0,-0.0033315420150756836,1.0,0.980742335319519,0.9991649389266968,0.0035000000000000586,"[1, 2, 3, 4, 5, 6, 7, 8, 9, 10, 11, 12, 13, 14, 15, 16, 17]",0.0,64
latent,256,1.0,1.0,1.0,1.0,0.9994838833808899,1.0,1.0,0.9972834587097168,0.9995886087417603,moderate,1.0,0.0009765625,1.0,1.0,1.0,none,v3_t-differences_c-none_d-mixed_a-latent_p-moderate_s-03,mixed,134.0713973045349,8.16343879699707,0.9999566736975484,0.9998910927590267,transformer,1.0,1.0,0.0,1.0,1.0,1.0,1.0,0.0,1.0,1.0,0.9999982714653015,1.0,1.0,2,0.001,0.0004326667112763971,3.8250086618063506e-06,6.687379539016547e-10,0.00038735437556169927,1.8208602341474034e-05,0.0002327803522348404,1.0,0.9665,0.902320921421051,0.9647606015205383,400,0.4305,-0.6687833666801453,0.8333253860473633,0.435,-0.6641510128974915,0.832907497882843,0.9979069232940674,0.0,7.566130807390437e-05,105345.0,50.272592737144215,0.1548903353987921,0.9999450600159219,1.0,0.9914787974488559,0.999,0.1,3,1.0,1.0,1.0,1.0,1.0,1.0,1.0,1.0,1.0,1.0,1.0,1.0,0.9999986290931702,1.0,1.0,1.0,1.0,0.9999985098838806,10000,10000,differences,0.998,1.0,-0.0020000000000000018,1.0,0.9882005899705014,0.9938834309577942,1.0,-0.0061165690422058105,1.0,0.9639137983322144,0.9995225071907043,0.9965,1.0,-0.0034999999999999476,1.0,0.9797687861271677,0.9925647974014282,1.0,-0.007435202598571777,1.0,0.9570220708847046,0.9989378452301025,-0.0034999999999999476,"[1, 2, 3, 4, 5, 6, 7, 8, 9, 10, 11, 12, 13, 14, 15, 16, 17]",0.0,64
latent,256,0.999,1.0,1.0,0.9947368421052631,0.9986193180084229,1.0,1.0,0.9927332997322083,0.9993045330047607,moderate,1.0,0.0,1.0,1.0,1.0,none,v3_t-differences_c-none_d-mixed_a-latent_p-moderate_s-04,mixed,104.11585092544556,8.184447288513184,0.9999991815196483,0.9999969604526063,transformer,1.0,1.0,0.0,1.0,1.0,1.0,1.0,0.0,1.0,1.0,0.9999996423721313,1.0,1.0,2,0.001,4.3280175304971635e-05,3.465278837211372e-07,1.1868289554253786e-13,3.582138742785901e-05,3.029883259841881e-07,6.80927187204361e-05,1.0,0.972,0.9136571288108826,0.9550290703773499,400,0.275,-1.2341760396957397,0.8147176504135132,0.2645,-1.3141506910324097,0.8272770047187805,0.9982617497444153,0.0,6.25407337793149e-05,105345.0,51.463873694541114,0.15856068333589118,0.999989542793412,1.0,0.9984106280038748,1.0,0.1,4,1.0,1.0,1.0,1.0,1.0,1.0,1.0,1.0,1.0,1.0,1.0,1.0,0.9999997019767761,1.0,1.0,1.0,1.0,0.9999996423721313,10000,10000,differences,0.9995,1.0,-0.0004999999999999449,1.0,0.9970501474926253,0.999474048614502,1.0,-0.0005259513854980469,1.0,0.9968971014022827,0.9996980428695679,0.9995,1.0,-0.0004999999999999449,1.0,0.9971098265895953,0.9984709620475769,1.0,-0.0015290379524230957,1.0,0.9911617040634155,0.999658465385437,0.000500000000000056,"[1, 2, 3, 4, 5, 6, 7, 8, 9, 10, 11, 12, 13, 14, 15, 16, 17]",0.0,64
latent,256,1.0,1.0,1.0,1.0,0.9999865889549255,1.0,1.0,0.9999290108680725,0.9999154210090637,moderate,1.0,0.0,1.0,1.0,1.0,none,v3_t-differences_c-none_d-mixed_a-latent_p-moderate_s-05,mixed,105.01274037361145,7.655518054962158,0.9999997788624859,0.9999995399590345,transformer,1.0,1.0,0.0,1.0,1.0,1.0,1.0,0.0,1.0,1.0,0.9999992847442627,1.0,1.0,2,0.001,1.9377983335289173e-05,7.024244723652373e-07,3.9135060751933903e-13,1.118004547606688e-05,1.200890693553447e-07,7.375422865152359e-05,1.0,0.979,0.9437153935432434,0.9781297445297241,400,0.214,-1.853463888168335,0.9267773628234863,0.2305,-1.7860087156295776,0.9253111481666565,0.9978907108306885,0.0,0.000112807349069044,105345.0,50.099021528488116,0.1543555608574255,0.9999882691408343,1.0,0.9964770451765523,1.0,0.1,5,1.0,1.0,1.0,1.0,1.0,1.0,1.0,1.0,1.0,1.0,1.0,1.0,0.9999994039535522,1.0,1.0,1.0,1.0,0.9999992847442627,10000,10000,differences,0.9995,1.0,-0.0004999999999999449,1.0,0.9970501474926253,0.998096227645874,1.0,-0.0019037723541259766,1.0,0.9887682795524597,0.9998977184295654,1.0,1.0,0.0,1.0,1.0,0.9995895028114319,1.0,-0.00041049718856811523,1.0,0.9976271390914917,0.9996187686920166,0.0,"[1, 2, 3, 4, 5, 6, 7, 8, 9, 10, 11, 12, 13, 14, 15, 16, 17]",0.0,64
latent,256,0.992,1.0,1.0,0.9578947368421052,0.9750275611877441,1.0,1.0,0.8685665726661682,0.9975470900535583,tight,1.0,0.0166015625,1.0,1.0,1.0,none,v3_t-differences_c-none_d-mixed_a-latent_p-tight_s-00,mixed,117.69379591941833,7.066312789916992,0.9999911394066501,0.9999665296498694,transformer,1.0,1.0,0.0,1.0,1.0,1.0,1.0,0.0,1.0,1.0,0.9999991059303284,1.0,1.0,2,0.001,5.4245010687736794e-05,4.85119528548239e-07,4.5695088338182366e-12,3.699895751196891e-05,2.5514136723359115e-06,0.0001420951448380947,1.0,0.978,0.9342414736747742,0.9651552438735962,700,0.1005,-2.4247636795043945,0.9569423198699951,0.095,-2.444437026977539,0.9561620950698853,0.9954634308815002,0.009765625,0.009990514256060123,28097.0,34.89604672820553,0.20818347526006978,0.9999550031720682,1.0,0.9573354844572193,0.993,0.1,0,1.0,1.0,1.0,1.0,1.0,1.0,1.0,1.0,1.0,1.0,1.0,1.0,0.9999992847442627,1.0,1.0,1.0,1.0,0.9999991655349731,10000,10000,differences,0.9895,1.0,-0.010499999999999954,1.0,0.9380530973451328,0.9587488770484924,1.0,-0.04125112295150757,1.0,0.7566305994987488,0.9990761876106262,0.984,1.0,-0.016000000000000014,1.0,0.9075144508670521,0.9404312968254089,1.0,-0.059568703174591064,0.9999998211860657,0.6556722521781921,0.9980471730232239,-0.008000000000000007,"[1, 2, 3, 4, 5, 6, 7, 8, 9, 10, 11, 12, 13, 14, 15, 16, 17]",0.0,32
latent,256,0.971,1.0,0.9776536312849162,0.868421052631579,0.8939123749732971,0.9999991059303284,0.9259966015815735,0.5113657712936401,0.997002363204956,tight,1.0,0.0400390625,0.96875,0.96875,1.0,none,v3_t-differences_c-none_d-mixed_a-latent_p-tight_s-01,mixed,113.43474841117859,7.032802581787109,0.999988742400326,0.9999549277908331,transformer,1.0,1.0,0.0,1.0,1.0,1.0,1.0,0.0,1.0,1.0,0.9999985098838806,1.0,1.0,2,0.001,5.501935811480507e-05,1.347051352240669e-06,1.3841962515429018e-12,3.1804524041945115e-05,3.362355982972076e-06,0.0001850542612373829,1.0,0.9725,0.9144882559776306,0.9791579842567444,700,0.1205,-2.422459363937378,0.9724782109260559,0.1265,-2.388317823410034,0.96961510181427,0.969826340675354,0.048828125,0.04964809864759445,28097.0,38.48534899997964,0.2295966005494977,0.9999339964665012,1.0,0.9286624146619973,0.973,0.1,1,1.0,1.0,1.0,1.0,1.0,1.0,1.0,1.0,1.0,1.0,1.0,1.0,0.9999986290931702,1.0,1.0,1.0,1.0,0.9999985098838806,10000,10000,differences,0.974,1.0,-0.026000000000000023,0.9938271604938271,0.8525073746312685,0.9017629623413086,1.0,-0.0982370376586914,0.9744511246681213,0.44484853744506836,0.9974455833435059,0.977,1.0,-0.02300000000000002,0.9970674486803519,0.869942196531792,0.9165191650390625,1.0,-0.0834808349609375,0.9865089058876038,0.5307480692863464,0.9969194531440735,0.006000000000000005,"[1, 2, 3, 4, 5, 6, 7, 8, 9, 10, 11, 12, 13, 14, 15, 16, 17]",0.0,32
latent,256,0.915,0.96513470681458,0.9329608938547486,0.7315789473684211,0.6705833077430725,0.8581912517547607,0.7503961324691772,-0.027664415538311005,0.9930275678634644,tight,1.0,0.12109375,0.94140625,0.94140625,1.0,none,v3_t-differences_c-none_d-mixed_a-latent_p-tight_s-02,mixed,108.63303208351135,7.4233856201171875,0.999988716504644,0.9999531400302568,transformer,1.0,1.0,0.0,1.0,1.0,1.0,1.0,0.0,1.0,1.0,0.9999990463256836,1.0,1.0,2,0.001,4.691486537922174e-05,8.701236993147177e-07,5.370425285033953e-11,1.9797265849774703e-05,7.811284376657568e-06,0.00018436135724186897,1.0,0.97,0.9112153649330139,0.9825437068939209,700,0.4105,-1.1790460348129272,0.9373160600662231,0.366,-1.3303903341293335,0.9347907900810242,0.7841706275939941,0.158203125,0.15538296103477478,28097.0,36.36066542001695,0.21692112430000263,0.9999567155436689,1.0,0.7273385807306427,0.915,0.1,2,1.0,1.0,1.0,1.0,1.0,1.0,1.0,1.0,1.0,1.0,1.0,1.0,0.9999991655349731,1.0,1.0,1.0,1.0,0.9999988675117493,10000,10000,differences,0.9325,0.9977561705310396,-0.0675,0.8919753086419753,0.7138643067846607,0.7421498894691467,0.9910500645637512,-0.25785011053085327,0.6019811034202576,-0.10553418844938278,0.9955570101737976,0.934,0.9954303122619954,-0.06599999999999995,0.9296187683284457,0.7052023121387283,0.7520785927772522,0.9843502640724182,-0.2479214072227478,0.737034261226654,-0.11451787501573563,0.9955617785453796,0.019000000000000017,"[1, 2, 3, 4, 5, 6, 7, 8, 9, 10, 11, 12, 13, 14, 15, 16, 17]",0.0,32
latent,256,0.999,1.0,1.0,0.9947368421052631,0.995747447013855,1.0,1.0,0.9776182770729065,0.9993152618408203,tight,1.0,0.00390625,1.0,1.0,1.0,none,v3_t-differences_c-none_d-mixed_a-latent_p-tight_s-03,mixed,121.52557826042175,7.226223945617676,0.9995419778825861,0.9984194767466702,transformer,1.0,1.0,0.0,1.0,1.0,1.0,1.0,0.0,1.0,1.0,0.999998152256012,1.0,1.0,2,0.001,0.0002035051438724622,1.9073595467489213e-06,5.387901062803291e-12,6.194588786456734e-05,0.00010859982285182923,0.00031052064150571823,1.0,0.9855,0.954825758934021,0.9824121594429016,700,0.136,-2.366520643234253,0.9750520586967468,0.1565,-2.2906787395477295,0.9755954146385193,0.9975975155830383,0.0078125,0.008097616955637932,28097.0,37.772617138663385,0.22534457174597525,0.9998917093938527,1.0,0.9819336212343085,0.998,0.1,3,1.0,1.0,1.0,1.0,1.0,1.0,1.0,1.0,1.0,1.0,1.0,1.0,0.9999983906745911,1.0,1.0,1.0,1.0,0.9999970197677612,10000,10000,differences,0.9955,1.0,-0.0044999999999999485,1.0,0.9734513274336283,0.9868647456169128,1.0,-0.013135254383087158,1.0,0.9225056767463684,0.9987082481384277,0.9955,1.0,-0.0044999999999999485,1.0,0.9739884393063584,0.984864354133606,1.0,-0.015135645866394043,1.0,0.9125111103057861,0.9986236691474915,-0.0034999999999999476,"[1, 2, 3, 4, 5, 6, 7, 8, 9, 10, 11, 12, 13, 14, 15, 16, 17]",0.0,32
latent,256,0.989,1.0,1.0,0.9421052631578948,0.9685518741607666,1.0,1.0,0.8344835638999939,0.997519850730896,tight,1.0,0.0078125,0.98828125,0.98828125,1.0,none,v3_t-differences_c-none_d-mixed_a-latent_p-tight_s-04,mixed,92.25315690040588,6.863223075866699,0.9998736207155475,0.9994368847924722,transformer,1.0,1.0,0.0,1.0,1.0,1.0,1.0,0.0,1.0,1.0,0.9999985694885254,1.0,1.0,2,0.001,8.5200990724843e-05,1.375132114844746e-06,6.979527199246771e-12,3.901285526808351e-05,2.4416054657194763e-05,0.00020396942272782326,1.0,0.991,0.9653096795082092,0.97736656665802,700,0.433,-1.0211158990859985,0.9154002666473389,0.4265,-1.0744165182113647,0.9201282858848572,0.9972288012504578,0.015625,0.013666144572198391,28097.0,37.06464935215198,0.2211209645472551,0.9999318478878856,1.0,0.9697817718496795,0.99,0.1,4,1.0,1.0,1.0,1.0,1.0,1.0,1.0,1.0,1.0,1.0,1.0,1.0,0.9999988079071045,1.0,1.0,1.0,1.0,0.9999985694885254,10000,10000,differences,0.989,1.0,-0.01100000000000001,1.0,0.9351032448377581,0.9587166905403137,1.0,-0.04128330945968628,1.0,0.7564405798912048,0.9984962344169617,0.985,1.0,-0.015000000000000013,0.9970674486803519,0.9161849710982659,0.9418030381202698,1.0,-0.058196961879730225,0.9909132719039917,0.6725568771362305,0.9990870356559753,-0.0040000000000000036,"[1, 2, 3, 4, 5, 6, 7, 8, 9, 10, 11, 12, 13, 14, 15, 16, 17]",0.0,32
latent,256,0.993,1.0,1.0,0.9631578947368421,0.9723233580589294,1.0,1.0,0.8543333411216736,0.9999526143074036,tight,1.0,0.0078125,0.9765625,0.9765625,1.0,none,v3_t-differences_c-none_d-mixed_a-latent_p-tight_s-05,mixed,115.6602680683136,7.277001857757568,0.9997473073299673,0.9991532714847471,transformer,1.0,1.0,0.0,1.0,1.0,1.0,1.0,0.0,1.0,1.0,0.9999994039535522,1.0,1.0,2,0.001,0.00016701011918485165,7.24529058970802e-07,7.675479684070199e-15,9.31983013288118e-05,5.082626375951804e-05,0.00022261030972003937,1.0,0.953,0.8716098070144653,0.9441111087799072,400,0.486,-0.8190479278564453,0.9253301024436951,0.517,-0.734889030456543,0.9279788732528687,0.9922091364860535,0.0078125,0.007796754594892263,28097.0,35.61486592062317,0.21247181997506537,0.9998990030865954,1.0,0.9621279311533933,0.982,0.1,5,1.0,1.0,1.0,1.0,1.0,1.0,1.0,1.0,1.0,1.0,1.0,1.0,0.9999994039535522,1.0,1.0,1.0,1.0,0.9999994039535522,10000,10000,differences,0.9905,1.0,-0.009499999999999953,1.0,0.943952802359882,0.9625354409217834,1.0,-0.03746455907821655,1.0,0.7789703607559204,0.9993661046028137,0.99,1.0,-0.010000000000000009,1.0,0.9421965317919075,0.9608984589576721,1.0,-0.03910154104232788,1.0,0.7739796042442322,0.9992071390151978,-0.0030000000000000027,"[1, 2, 3, 4, 5, 6, 7, 8, 9, 10, 11, 12, 13, 14, 15, 16, 17]",0.0,32
latent,256,1.0,1.0,1.0,1.0,1.0,1.0,1.0,1.0,0.9999997615814209,wide,1.0,0.0,1.0,1.0,1.0,none,v3_t-differences_c-none_d-mixed_a-latent_p-wide_s-00,mixed,115.18828654289246,8.569783210754395,0.9999807230048765,0.9999508764446444,transformer,1.0,1.0,0.0,1.0,1.0,1.0,1.0,0.0,1.0,1.0,0.9999997615814209,1.0,1.0,2,0.001,6.146848318167031e-05,2.0501761355262715e-07,9.455212796798205e-15,4.5895772927906364e-05,6.6538209466671105e-06,8.713873103260994e-05,1.0,0.9725,0.9156785011291504,0.9698037505149841,400,0.6795,0.11442223936319351,0.8591073155403137,0.7135,0.16302010416984558,0.8611409664154053,0.9986087679862976,0.0,1.3458171110869444e-07,407297.0,71.71600994637336,0.11237262167561324,0.9999782044083618,1.0,0.9959600225594514,1.0,0.1,0,1.0,1.0,1.0,1.0,1.0,1.0,1.0,1.0,1.0,1.0,1.0,1.0,0.9999997615814209,1.0,1.0,1.0,1.0,0.9999997615814209,10000,10000,differences,1.0,1.0,0.0,1.0,1.0,1.0,1.0,0.0,1.0,1.0,0.9999997615814209,1.0,1.0,0.0,1.0,1.0,1.0,1.0,0.0,1.0,1.0,0.9999997615814209,0.0,"[1, 2, 3, 4, 5, 6, 7, 8, 9, 10, 11, 12, 13, 14, 15, 16, 17]",0.0,128
latent,256,1.0,1.0,1.0,1.0,0.9999999403953552,1.0,1.0,0.9999993443489075,0.9999865889549255,wide,1.0,0.0,1.0,1.0,1.0,none,v3_t-differences_c-none_d-mixed_a-latent_p-wide_s-01,mixed,85.92541480064392,8.422657012939453,0.9996063270676578,0.9993328752945053,transformer,1.0,1.0,0.0,1.0,1.0,1.0,1.0,0.0,1.0,1.0,0.9999966025352478,1.0,1.0,2,0.001,0.00030696613248437643,2.2354236079991097e-06,1.794905196694785e-11,0.00020187345216982067,6.5484011429362e-05,0.0003737322986125946,1.0,0.9825,0.9490470290184021,0.9819324612617493,400,0.1465,-2.0397400856018066,0.9167413115501404,0.1485,-2.0674405097961426,0.922978401184082,0.9991438388824463,0.0,2.2560332581633702e-05,407297.0,72.68668235675909,0.11389357918042696,0.9998281054494431,1.0,0.9960834242708839,1.0,0.1,1,1.0,1.0,1.0,1.0,1.0,1.0,1.0,1.0,1.0,1.0,1.0,1.0,0.9999982714653015,1.0,1.0,1.0,1.0,0.9999974966049194,10000,10000,differences,1.0,1.0,0.0,1.0,1.0,0.9999999403953552,1.0,-5.960464477539063e-08,1.0,0.9999996423721313,0.9999901056289673,1.0,1.0,0.0,1.0,1.0,0.9999819397926331,1.0,-1.806020736694336e-05,1.0,0.9998955726623535,0.9999449849128723,0.0,"[1, 2, 3, 4, 5, 6, 7, 8, 9, 10, 11, 12, 13, 14, 15, 16, 17]",0.0,128
latent,256,1.0,1.0,1.0,1.0,0.9999253153800964,1.0,1.0,0.9996067881584167,0.9995829463005066,wide,1.0,0.0,1.0,1.0,1.0,none,v3_t-differences_c-none_d-mixed_a-latent_p-wide_s-02,mixed,122.88237738609314,8.325328826904297,0.9968265075409951,0.992655287634136,transformer,0.9995,1.0,-0.0004999999999999449,1.0,0.9972602739726028,0.9989991188049316,1.0,-0.0006396770477294922,1.0,0.994516134262085,0.9995187520980835,1.0,1.0,2,0.001,0.0019631923642009497,4.017146784462966e-05,1.0753748824754439e-07,0.001249851775355637,0.0004894829471595585,0.001835786271840334,1.0,0.9795,0.9418652057647705,0.9750012755393982,400,0.245,-1.6126331090927124,0.8898186087608337,0.241,-1.634864091873169,0.8886780738830566,0.9984265565872192,0.0,0.0009427325567230582,407297.0,74.26007251571164,0.1163589418966784,0.9987442119142111,0.999,0.9955609791642059,0.996,0.1,2,1.0,1.0,1.0,1.0,1.0,1.0,1.0,1.0,0.9999938011169434,1.0,1.0,0.9999650120735168,0.9998722672462463,0.9996387958526611,1.0,1.0,0.9979121088981628,0.9994577765464783,10000,10000,differences,1.0,1.0,0.0,1.0,1.0,0.9999621510505676,1.0,0.00032335519790649414,1.0,0.9997765421867371,0.9997047185897827,0.9995,1.0,-0.0004999999999999449,1.0,0.9971098265895953,0.998010516166687,1.0,-0.001628279685974121,1.0,0.9885000586509705,0.9996334910392761,-0.0004999999999999449,"[1, 2, 3, 4, 5, 6, 7, 8, 9, 10, 11, 12, 13, 14, 15, 16, 17]",0.0,128
latent,256,1.0,1.0,1.0,1.0,1.0,1.0,1.0,1.0,0.9999993443489075,wide,1.0,0.0,1.0,1.0,1.0,none,v3_t-differences_c-none_d-mixed_a-latent_p-wide_s-03,mixed,105.68536400794983,8.393173217773438,0.9999907988292974,0.9999805361071331,transformer,1.0,1.0,0.0,1.0,1.0,1.0,1.0,0.0,1.0,1.0,0.999999463558197,1.0,1.0,2,0.001,0.00010431588452775031,6.281155719989329e-07,1.0455118080966372e-13,8.786231774138287e-05,6.56270321996999e-06,9.262748062610626e-05,1.0,0.984,0.9487656354904175,0.975499153137207,400,0.5405,-0.3610907793045044,0.8239784836769104,0.559,-0.39597901701927185,0.8223184943199158,0.9998964071273804,0.0,1.737195702844474e-07,407297.0,71.55395806506378,0.11211870076222388,0.9999731978801737,1.0,0.9992309398144716,1.0,0.1,3,1.0,1.0,1.0,1.0,1.0,1.0,1.0,1.0,1.0,1.0,1.0,1.0,0.9999995231628418,1.0,1.0,1.0,1.0,0.9999995231628418,10000,10000,differences,1.0,1.0,0.0,1.0,1.0,1.0,1.0,0.0,1.0,1.0,0.9999992847442627,1.0,1.0,0.0,1.0,1.0,1.0,1.0,0.0,1.0,1.0,0.9999990463256836,0.0,"[1, 2, 3, 4, 5, 6, 7, 8, 9, 10, 11, 12, 13, 14, 15, 16, 17]",0.0,128
latent,256,1.0,1.0,1.0,1.0,0.9999935030937195,1.0,1.0,0.9999657869338989,0.9999147653579712,wide,1.0,0.0,1.0,1.0,1.0,none,v3_t-differences_c-none_d-mixed_a-latent_p-wide_s-04,mixed,118.58404183387756,8.202116012573242,0.9984755616537453,0.9965050082898437,transformer,0.9995,1.0,-0.0004999999999999449,1.0,0.9972602739726028,0.9988908767700195,1.0,-0.0011055469512939453,1.0,0.9939224123954773,0.9997705817222595,1.0,1.0,2,0.001,0.0009769359603524208,3.0384922865778208e-05,6.276824393580682e-08,0.0004118395736441016,0.00040246598655357957,0.001321826595813036,1.0,0.9815,0.9515553116798401,0.9799025654792786,400,0.1275,-2.3204731941223145,0.9578837752342224,0.1425,-2.250519037246704,0.9517780542373657,0.9990129470825195,0.0,0.000121165910968557,407297.0,75.47144880827457,0.11825706101865371,0.9994259227511866,1.0,0.997126116743802,1.0,0.1,4,1.0,1.0,1.0,1.0,1.0,1.0,1.0,1.0,0.999538242816925,1.0,1.0,0.9973913431167603,0.9996438026428223,0.9999964237213135,1.0,1.0,0.9999790787696838,0.9999380111694336,10000,10000,differences,1.0,1.0,0.0,1.0,1.0,0.9999958276748657,1.0,-5.960464477539062e-07,1.0,0.999975323677063,0.9999116063117981,0.9995,1.0,-0.0004999999999999449,1.0,0.9971098265895953,0.9986218810081482,1.0,-0.0013745427131652832,1.0,0.9920341372489929,0.9998337030410767,-0.0004999999999999449,"[1, 2, 3, 4, 5, 6, 7, 8, 9, 10, 11, 12, 13, 14, 15, 16, 17]",0.0,128
latent,256,1.0,1.0,1.0,1.0,0.9999862909317017,1.0,1.0,0.9999278783798218,0.9998912215232849,wide,1.0,0.0,1.0,1.0,1.0,none,v3_t-differences_c-none_d-mixed_a-latent_p-wide_s-05,mixed,102.08248162269592,8.627766609191895,0.999964829470359,0.9999317257880118,transformer,1.0,1.0,0.0,1.0,1.0,1.0,1.0,0.0,1.0,1.0,0.9999986886978149,1.0,1.0,2,0.001,0.00011194428225280717,7.153606702559046e-07,1.2530384715936371e-12,7.36450165277347e-05,1.2986187357455492e-05,0.0002459771931171417,1.0,0.984,0.9508947730064392,0.9731758236885071,400,0.0965,-2.3796820640563965,0.9454851150512695,0.096,-2.3609862327575684,0.942074716091156,0.9991728663444519,0.0,0.0008774931193329394,407297.0,72.71861873093877,0.11394362064391701,0.999922846018922,1.0,0.9964554437906753,0.997,0.1,5,1.0,1.0,1.0,1.0,1.0,1.0,1.0,1.0,1.0,1.0,1.0,1.0,0.9999992251396179,1.0,1.0,1.0,1.0,0.9999990463256836,10000,10000,differences,0.999,1.0,-0.0010000000000000009,1.0,0.9941002949852508,0.996272623538971,1.0,-0.0037273764610290527,1.0,0.9780098795890808,0.9999348521232605,0.9985,1.0,-0.0014999999999999458,1.0,0.9913294797687862,0.9941303730010986,1.0,-0.005869626998901367,1.0,0.9660714864730835,0.9996291399002075,-0.0014999999999999458,"[1, 2, 3, 4, 5, 6, 7, 8, 9, 10, 11, 12, 13, 14, 15, 16, 17]",0.0,128
