abstraction,batch_size,calib_combo_accuracy,calib_combo_accuracy_far,calib_combo_accuracy_middle,calib_combo_accuracy_near,calib_combo_brier_skill,calib_combo_brier_skill_far,calib_combo_brier_skill_middle,calib_combo_brier_skill_near,calib_combo_confidence,capacity,causal_normalized,causal_random,causal_source_to_target,causal_target_to_target,causal_valid,compression,config_id,difficulty,elapsed_seconds,embedding_participation_rank,embedding_rank_axis_cosine,embedding_rank_axis_cosine_min,family,invariant_weight,latent_weight,layers,learning_rate,loss,loss_binary,loss_invariant,loss_latent,loss_mapping,loss_representation,mapping_weight,mastery_calib_combo_accuracy,mastery_calib_combo_brier_skill,mastery_calib_combo_confidence,mastery_reuse_lag,mastery_step,paired_hidden_cosine,paired_prediction_disagreement,paired_probability_gap,parameter_count,parameter_l2,parameter_rms,probe_source_r2,probe_source_sign_accuracy,probe_target_r2,probe_target_sign_accuracy,representation_weight,reuse_step,seed,source_accuracy,source_accuracy_far,source_accuracy_middle,source_accuracy_near,source_all_accuracy,source_all_accuracy_far,source_all_accuracy_middle,source_all_accuracy_near,source_all_brier_skill,source_all_brier_skill_far,source_all_brier_skill_middle,source_all_brier_skill_near,source_all_confidence,source_brier_skill,source_brier_skill_far,source_brier_skill_middle,source_brier_skill_near,source_confidence,step,steps,task_name,train_dists,weight_decay,width
concrete,256,0.148,0.058637083993660855,0.1787709497206704,0.41578947368421054,-2.407999038696289,-2.7645301818847656,-2.2843081951141357,-1.3404706716537476,0.9978964328765869,tight,nan,0.859375,0.17578125,0.17578125,0.0,none,v3_t-differences_c-none_d-easy_a-concrete_p-tight_s-00,easy,86.41024208068848,19.86320686340332,0.015408029408401025,-0.5084196131191904,transformer,1.0,1.0,2,0.001,9.945006951284086e-08,9.945006951284086e-08,0.0,0.0,0.0,0.0,1.0,0.15,-2.3521533012390137,0.9883393049240112,nan,400,0.6036093235015869,0.2109375,0.2088668942451477,28097.0,51.94308627234399,0.3098830162664179,0.9548595520293715,1.0,-3.087590343543461,0.153,0.1,nan,0,1.0,1.0,,,0.961,1.0,0.975,0.807909604519774,0.8450931310653687,1.0,0.9001765251159668,0.2376149296760559,0.9983159303665161,1.0,1.0,,,0.9999998807907104,10000,10000,differences,"[7, 8, 9, 10, 11, 12, 13, 14, 15, 16, 17]",0.0,32
concrete,256,0.084,0.009508716323296355,0.1005586592178771,0.3157894736842105,-2.644956111907959,-2.957127094268799,-2.562953472137451,-1.6854755878448486,0.9963219165802002,tight,nan,0.876953125,0.07421875,0.078125,0.0,none,v3_t-differences_c-none_d-easy_a-concrete_p-tight_s-01,easy,91.28791356086731,20.175397872924805,0.013443854783442474,-0.23149255359163648,transformer,1.0,1.0,2,0.001,1.707874730527692e-07,1.707874730527692e-07,0.0,0.0,0.0,0.0,1.0,0.118,-2.350334405899048,0.9606040120124817,nan,400,0.7506990432739258,0.123046875,0.12732979655265808,28097.0,53.07558659488988,0.31663930745083413,0.9649543483238292,1.0,-2.7851005086349034,0.091,0.1,nan,1,1.0,1.0,,,0.969,1.0,0.98,0.847457627118644,0.8890793323516846,1.0,0.9261277914047241,0.45680099725723267,0.9974493384361267,1.0,1.0,,,0.9999997615814209,10000,10000,differences,"[7, 8, 9, 10, 11, 12, 13, 14, 15, 16, 17]",0.0,32
concrete,256,0.31,0.22503961965134706,0.39664804469273746,0.5105263157894737,-1.7124857902526855,-2.0678999423980713,-1.324803113937378,-0.8973753452301025,0.9861639142036438,tight,nan,0.6728515625,0.30078125,0.2890625,0.0,none,v3_t-differences_c-none_d-easy_a-concrete_p-tight_s-02,easy,82.96482586860657,19.857242584228516,0.053683688183429466,-0.28496436146259785,transformer,1.0,1.0,2,0.001,1.5172501832694252e-07,1.5172501832694252e-07,0.0,0.0,0.0,0.0,1.0,0.422,-1.003714919090271,0.9104568362236023,nan,400,0.17248275876045227,0.4609375,0.4615768492221832,28097.0,51.788283935357725,0.3089594936467014,0.9639749155097601,1.0,-0.8592124299878325,0.36,0.1,nan,2,1.0,1.0,,,0.968,1.0,0.985,0.8361581920903954,0.8798500895500183,1.0,0.9398735165596008,0.38912662863731384,0.9961400032043457,1.0,1.0,,,0.9999998807907104,10000,10000,differences,"[7, 8, 9, 10, 11, 12, 13, 14, 15, 16, 17]",0.0,32
concrete,256,0.463,0.41679873217115687,0.5027932960893855,0.5789473684210527,-1.0981923341751099,-1.2886544466018677,-0.9483270645141602,-0.6068466901779175,0.9804317951202393,tight,nan,0.537109375,0.46875,0.3984375,0.0,none,v3_t-differences_c-none_d-easy_a-concrete_p-tight_s-03,easy,85.44168972969055,19.769498825073242,0.047289379934310746,-0.2677483224541043,transformer,1.0,1.0,2,0.001,1.381457934712671e-07,1.381457934712671e-07,0.0,0.0,0.0,0.0,1.0,0.289,-1.2961267232894897,0.8655673265457153,nan,400,0.2841174602508545,0.427734375,0.4302861988544464,28097.0,52.719028756718615,0.31451214816371315,0.9472102766198779,1.0,-0.6423882357956172,0.515,0.1,nan,3,1.0,1.0,,,0.968,1.0,0.98,0.8418079096045198,0.8765100836753845,1.0,0.9152854084968567,0.3980395197868347,0.9961748719215393,1.0,1.0,,,0.9999998807907104,10000,10000,differences,"[7, 8, 9, 10, 11, 12, 13, 14, 15, 16, 17]",0.0,32
concrete,256,0.17,0.06973058637083994,0.22905027932960895,0.4473684210526316,-2.297855854034424,-2.7084505558013916,-2.0492584705352783,-1.1684566736221313,0.9935511350631714,tight,nan,0.8046875,0.1953125,0.19140625,0.0,none,v3_t-differences_c-none_d-easy_a-concrete_p-tight_s-04,easy,85.8437340259552,19.34543800354004,0.040089720877204374,-0.26608197363896047,transformer,1.0,1.0,2,0.001,1.7316379796739056e-07,1.7316379796739056e-07,0.0,0.0,0.0,0.0,1.0,0.16,-2.2751786708831787,0.9770457148551941,nan,400,0.6997146606445312,0.177734375,0.17732302844524384,28097.0,51.351535048730284,0.30635392913269655,0.9583032880672985,1.0,-2.329266775926774,0.233,0.1,nan,4,1.0,1.0,,,0.961,1.0,0.99,0.7909604519774012,0.8465845584869385,1.0,0.9581913948059082,0.1804872453212738,0.9984033107757568,1.0,1.0,,,0.9999998807907104,10000,10000,differences,"[7, 8, 9, 10, 11, 12, 13, 14, 15, 16, 17]",0.0,32
concrete,256,0.889,0.9524564183835182,0.888268156424581,0.6789473684210526,0.5872436761856079,0.8373448848724365,0.5661900043487549,-0.22352109849452972,0.9901552200317383,tight,0.9951515151515151,0.1083984375,0.91015625,0.9140625,1.0,none,v3_t-differences_c-none_d-easy_a-concrete_p-tight_s-05,easy,100.46470355987549,19.770994186401367,0.09805319941209492,-0.3523115203646769,transformer,1.0,1.0,2,0.001,1.780527441042068e-07,1.780527441042068e-07,0.0,0.0,0.0,0.0,1.0,0.627,-0.13851584494113922,0.8645070195198059,600,400,0.6596083045005798,0.158203125,0.1580762267112732,28097.0,49.89898143577067,0.29768825816134603,0.9447290514801484,1.0,0.6953237252034644,0.909,0.1,1000,5,1.0,1.0,,,0.968,1.0,0.985,0.8361581920903954,0.8867672085762024,1.0,0.9382374286651611,0.43005457520484924,0.9961141347885132,1.0,1.0,,,0.9999997615814209,10000,10000,differences,"[7, 8, 9, 10, 11, 12, 13, 14, 15, 16, 17]",0.0,32
concrete,256,0.568,0.5784469096671949,0.5810055865921788,0.5210526315789473,-0.6892558336257935,-0.6416974067687988,-0.6379942297935486,-0.8954936861991882,0.9897805452346802,moderate,nan,0.4462890625,0.5859375,0.578125,0.0,none,v3_t-differences_c-none_d-easy_a-concrete_p-moderate_s-00,easy,76.96441006660461,28.697139739990234,0.05215747308260091,-0.1580294811415946,transformer,1.0,1.0,2,0.001,6.79675480341757e-08,6.79675480341757e-08,0.0,0.0,0.0,0.0,1.0,0.629,-0.3783097565174103,0.9566131830215454,nan,400,0.40237316489219666,0.333984375,0.33324843645095825,105345.0,72.1966178199227,0.2224384647765329,0.9628866582164057,1.0,0.010299668653166671,0.579,0.1,nan,0,1.0,1.0,,,0.978,1.0,1.0,0.8757062146892656,0.912551999092102,1.0,0.9997331500053406,0.5062452554702759,0.9982760548591614,1.0,1.0,,,0.9999998807907104,10000,10000,differences,"[7, 8, 9, 10, 11, 12, 13, 14, 15, 16, 17]",0.0,64
concrete,256,0.361,0.3153724247226624,0.40782122905027934,0.46842105263157896,-1.478906512260437,-1.6734858751296997,-1.2656790018081665,-1.0335808992385864,0.9710789918899536,moderate,nan,0.595703125,0.30859375,0.296875,0.0,none,v3_t-differences_c-none_d-easy_a-concrete_p-moderate_s-01,easy,83.51578545570374,29.467145919799805,0.05408507272724703,-0.1633412884660374,transformer,1.0,1.0,2,0.001,5.7360288963081985e-08,5.7360288963081985e-08,0.0,0.0,0.0,0.0,1.0,0.424,-1.1875414848327637,0.9526008367538452,nan,400,0.43823716044425964,0.408203125,0.4066334366798401,105345.0,72.86099836822005,0.22448542755198128,0.9686592203428683,1.0,-0.1397909881620787,0.512,0.1,nan,1,1.0,1.0,,,0.959,1.0,0.995,0.7740112994350282,0.8447954058647156,1.0,0.9837219715118408,0.14153124392032623,0.9976335167884827,1.0,1.0,,,0.9999998807907104,10000,10000,differences,"[7, 8, 9, 10, 11, 12, 13, 14, 15, 16, 17]",0.0,64
concrete,256,0.235,0.15213946117274169,0.33519553072625696,0.41578947368421054,-1.998670220375061,-2.3349361419677734,-1.596572756767273,-1.2607307434082031,0.981623649597168,moderate,nan,0.7255859375,0.234375,0.234375,0.0,none,v3_t-differences_c-none_d-easy_a-concrete_p-moderate_s-02,easy,94.7860541343689,28.726926803588867,0.07555733613023878,-0.13365068716078748,transformer,1.0,1.0,2,0.001,6.7988814578257e-08,6.7988814578257e-08,0.0,0.0,0.0,0.0,1.0,0.172,-2.12493896484375,0.9628759622573853,nan,400,0.5504469275474548,0.30078125,0.3066513240337372,105345.0,72.14037414000914,0.22226517746486743,0.9756965516860143,1.0,-0.8250930942740347,0.268,0.1,nan,2,1.0,1.0,,,0.968,1.0,0.99,0.8305084745762712,0.8811705112457275,1.0,0.9600155353546143,0.37382739782333374,0.9968506693840027,1.0,1.0,,,0.9999999403953552,10000,10000,differences,"[7, 8, 9, 10, 11, 12, 13, 14, 15, 16, 17]",0.0,64
concrete,256,0.626,0.6545166402535658,0.6145251396648045,0.5421052631578948,-0.45303693413734436,-0.33298373222351074,-0.48341915011405945,-0.823116660118103,0.973461925983429,moderate,nan,0.375,0.625,0.66015625,0.0,none,v3_t-differences_c-none_d-easy_a-concrete_p-moderate_s-03,easy,91.24528050422668,29.173412322998047,0.09798013696823057,-0.1020047181794948,transformer,1.0,1.0,2,0.001,3.6702491712503615e-08,3.6702491712503615e-08,0.0,0.0,0.0,0.0,1.0,0.172,-2.192854166030884,0.969901442527771,nan,400,0.5021916627883911,0.376953125,0.37616294622421265,105345.0,72.97443585395858,0.22483492952226367,0.9642571890635244,1.0,-0.2531555567740573,0.525,0.1,nan,3,1.0,1.0,,,0.965,1.0,0.98,0.8248587570621468,0.8637039661407471,1.0,0.919205904006958,0.3212588429450989,0.9979429841041565,1.0,1.0,,,1.0,10000,10000,differences,"[7, 8, 9, 10, 11, 12, 13, 14, 15, 16, 17]",0.0,64
concrete,256,0.491,0.45800316957210774,0.5307262569832403,0.5631578947368421,-0.9921955466270447,-1.1329152584075928,-0.810643196105957,-0.6958994269371033,0.983809769153595,moderate,nan,0.5185546875,0.4765625,0.4609375,0.0,none,v3_t-differences_c-none_d-easy_a-concrete_p-moderate_s-04,easy,77.46485376358032,29.603919982910156,0.08334726752478157,-0.16718883301732493,transformer,1.0,1.0,2,0.001,8.310051669013774e-08,8.310051669013774e-08,0.0,0.0,0.0,0.0,1.0,0.417,-1.1796492338180542,0.9456033110618591,nan,400,0.33027973771095276,0.392578125,0.39589354395866394,105345.0,72.64719526351482,0.22382669815701556,0.9688273225948102,1.0,-0.7375468514877352,0.494,0.1,nan,4,1.0,1.0,,,0.97,1.0,0.985,0.847457627118644,0.8856099843978882,1.0,0.9347895979881287,0.42741307616233826,0.9979349374771118,1.0,1.0,,,0.9999998807907104,10000,10000,differences,"[7, 8, 9, 10, 11, 12, 13, 14, 15, 16, 17]",0.0,64
concrete,256,0.285,0.22979397781299524,0.35195530726256985,0.4052631578947368,-1.8203375339508057,-2.0418076515197754,-1.555229663848877,-1.3345835208892822,0.9850283265113831,moderate,nan,0.7470703125,0.265625,0.25,0.0,none,v3_t-differences_c-none_d-easy_a-concrete_p-moderate_s-05,easy,83.3869149684906,29.03694725036621,0.057281110557503775,-0.14465179839937092,transformer,1.0,1.0,2,0.001,8.262292539029659e-08,8.262292539029659e-08,0.0,0.0,0.0,0.0,1.0,0.117,-2.4213359355926514,0.9724467396736145,nan,400,0.3040764033794403,0.431640625,0.43436282873153687,105345.0,71.20093307865218,0.21937075063787256,0.9714207396178567,1.0,-0.91825858147543,0.296,0.1,nan,5,1.0,1.0,,,0.963,1.0,0.995,0.7966101694915254,0.8661312460899353,1.0,0.9902976751327515,0.2546422481536865,0.9952661991119385,1.0,1.0,,,0.9999998807907104,10000,10000,differences,"[7, 8, 9, 10, 11, 12, 13, 14, 15, 16, 17]",0.0,64
concrete,256,0.259,0.179080824088748,0.3743016759776536,0.41578947368421054,-1.933687686920166,-2.2545888423919678,-1.4615812301635742,-1.3127318620681763,0.9896469116210938,wide,nan,0.7421875,0.25390625,0.25,0.0,none,v3_t-differences_c-none_d-easy_a-concrete_p-wide_s-00,easy,90.53127646446228,37.538658142089844,0.03872846700696929,-0.21964234029707655,transformer,1.0,1.0,2,0.001,3.0124947869580865e-08,3.0124947869580865e-08,0.0,0.0,0.0,0.0,1.0,0.211,-2.018141508102417,0.9605263471603394,nan,400,0.3514922857284546,0.3359375,0.3420483469963074,407297.0,102.78713123224529,0.16105831068571333,0.9733258778604378,1.0,-0.7782141968464147,0.447,0.1,nan,0,1.0,1.0,,,0.971,1.0,0.985,0.8531073446327684,0.892392635345459,1.0,0.958268404006958,0.4392032027244568,0.9978489875793457,1.0,1.0,,,1.0,10000,10000,differences,"[7, 8, 9, 10, 11, 12, 13, 14, 15, 16, 17]",0.0,128
concrete,256,0.408,0.3502377179080824,0.5027932960893855,0.5105263157894737,-1.3259191513061523,-1.5720546245574951,-0.936482846736908,-0.8753812909126282,0.9821144938468933,wide,nan,0.556640625,0.3984375,0.37890625,0.0,none,v3_t-differences_c-none_d-easy_a-concrete_p-wide_s-01,easy,88.27226185798645,37.27668762207031,0.05896491624979753,-0.06676060862298613,transformer,1.0,1.0,2,0.001,5.8814727310618764e-08,5.8814727310618764e-08,0.0,0.0,0.0,0.0,1.0,0.551,-0.682820200920105,0.9489515423774719,nan,400,0.414020299911499,0.361328125,0.3594198226928711,407297.0,103.52782622162334,0.162218913985878,0.9649032961672978,1.0,-0.7428318255890662,0.551,0.1,nan,1,1.0,1.0,,,0.967,1.0,0.99,0.8248587570621468,0.876985490322113,1.0,0.9640672206878662,0.34560471773147583,0.9959899187088013,1.0,1.0,,,0.9999998807907104,10000,10000,differences,"[7, 8, 9, 10, 11, 12, 13, 14, 15, 16, 17]",0.0,128
concrete,256,0.695,0.7765451664025357,0.5810055865921788,0.531578947368421,-0.18557244539260864,0.13173454999923706,-0.6076712608337402,-0.841704249382019,0.9883584380149841,wide,nan,0.31640625,0.6640625,0.66796875,0.0,none,v3_t-differences_c-none_d-easy_a-concrete_p-wide_s-02,easy,95.84998488426208,37.36480712890625,0.0592068360905894,-0.1353129440316374,transformer,1.0,1.0,2,0.001,3.207636467550401e-08,3.207636467550401e-08,0.0,0.0,0.0,0.0,1.0,0.771,0.2897053360939026,0.8606547713279724,nan,200,0.34849441051483154,0.376953125,0.37449711561203003,407297.0,102.12711183268154,0.1600241188735754,0.9804889117122794,1.0,-0.5443135647547543,0.618,0.1,nan,2,1.0,1.0,,,0.959,1.0,0.97,0.8022598870056498,0.8463997840881348,1.0,0.8909385800361633,0.2554352879524231,0.996023416519165,1.0,1.0,,,1.0,10000,10000,differences,"[7, 8, 9, 10, 11, 12, 13, 14, 15, 16, 17]",0.0,128
concrete,256,0.729,0.7876386687797148,0.6815642458100558,0.5789473684210527,-0.050740309059619904,0.18530650436878204,-0.2446890026330948,-0.651944100856781,0.9890618324279785,wide,nan,0.28125,0.73828125,0.74609375,0.0,none,v3_t-differences_c-none_d-easy_a-concrete_p-wide_s-03,easy,84.27795433998108,37.65259552001953,0.04709760111565766,-0.14422341814437672,transformer,1.0,1.0,2,0.001,4.6084451810202154e-08,4.6084451810202154e-08,0.0,0.0,0.0,0.0,1.0,0.51,-0.6740144491195679,0.9147202372550964,nan,400,0.2646826505661011,0.375,0.37906068563461304,407297.0,102.6314140946958,0.1608143157534891,0.9712582157519009,1.0,0.26047546532846755,0.736,0.1,nan,3,1.0,1.0,,,0.956,1.0,0.99,0.7627118644067796,0.8381644487380981,1.0,0.9763872027397156,0.11235599964857101,0.9963977932929993,1.0,1.0,,,0.9999999403953552,10000,10000,differences,"[7, 8, 9, 10, 11, 12, 13, 14, 15, 16, 17]",0.0,128
concrete,256,0.529,0.4960380348652932,0.6312849162011173,0.5421052631578948,-0.8673774003982544,-0.9980425238609314,-0.4599491357803345,-0.8172716498374939,0.9923457503318787,wide,nan,0.525390625,0.5234375,0.5,0.0,none,v3_t-differences_c-none_d-easy_a-concrete_p-wide_s-04,easy,69.39500308036804,37.8454704284668,0.043651624264318005,-0.0484758890486178,transformer,1.0,1.0,2,0.001,3.386743685496185e-08,3.386743685496185e-08,0.0,0.0,0.0,0.0,1.0,0.71,0.21361738443374634,0.8308286070823669,nan,200,0.21302126348018646,0.455078125,0.45599228143692017,407297.0,102.54227209460936,0.16067463815209146,0.9776342052147625,1.0,-0.43637726478519334,0.475,0.1,nan,4,1.0,1.0,,,0.98,1.0,1.0,0.8870056497175142,0.9237733483314514,1.0,0.9985828995704651,0.5709425210952759,0.9984878897666931,1.0,1.0,,,1.0,10000,10000,differences,"[7, 8, 9, 10, 11, 12, 13, 14, 15, 16, 17]",0.0,128
concrete,256,0.131,0.04120443740095087,0.1452513966480447,0.41578947368421054,-2.445017099380493,-2.825167179107666,-2.3501720428466797,-1.2718724012374878,0.9923182129859924,wide,nan,0.8857421875,0.13671875,0.13671875,0.0,none,v3_t-differences_c-none_d-easy_a-concrete_p-wide_s-05,easy,98.3668270111084,37.93330001831055,0.013999083044785633,-0.12130322513443718,transformer,1.0,1.0,2,0.001,3.2611076505872916e-08,3.2611076505872916e-08,0.0,0.0,0.0,0.0,1.0,0.173,-2.068380355834961,0.938920259475708,nan,200,0.7498564720153809,0.12109375,0.11998780071735382,407297.0,101.05896448701955,0.15835042679759906,0.9753745188691848,1.0,-2.296575064161827,0.16,0.1,nan,5,1.0,1.0,,,0.962,1.0,0.995,0.7909604519774012,0.8572324514389038,1.0,0.9800002574920654,0.21600238978862762,0.9977229237556458,1.0,1.0,,,0.9999998807907104,10000,10000,differences,"[7, 8, 9, 10, 11, 12, 13, 14, 15, 16, 17]",0.0,128
invariant,256,0.155,0.060221870047543584,0.18435754189944134,0.4421052631578947,-2.3776307106018066,-2.758816957473755,-2.26347279548645,-1.2192391157150269,0.9981845021247864,tight,nan,0.8515625,0.1875,0.18359375,0.0,none,v3_t-differences_c-none_d-easy_a-invariant_p-tight_s-00,easy,81.51566100120544,19.845598220825195,0.024001882665978084,-0.5060871218912045,transformer,1.0,1.0,2,0.001,1.5014862242423987e-07,1.5014862242423987e-07,3.419045526976668e-15,0.0,0.0,0.0,1.0,0.148,-2.3381314277648926,0.9839374423027039,nan,400,0.6317915916442871,0.193359375,0.1934269666671753,28097.0,52.013574404212626,0.31030353565565694,0.9547465707819388,1.0,-2.9694771593872553,0.155,0.1,nan,0,1.0,1.0,,,0.959,1.0,0.96,0.8135593220338984,0.8450403809547424,1.0,0.8489553928375244,0.2951940894126892,0.9967588186264038,1.0,1.0,,,0.9999998807907104,10000,10000,differences,"[7, 8, 9, 10, 11, 12, 13, 14, 15, 16, 17]",0.0,32
invariant,256,0.081,0.012678288431061807,0.10614525139664804,0.28421052631578947,-2.6543242931365967,-2.9484832286834717,-2.53769588470459,-1.7872828245162964,0.9930363893508911,tight,nan,0.896484375,0.05078125,0.046875,0.0,none,v3_t-differences_c-none_d-easy_a-invariant_p-tight_s-01,easy,93.19324684143066,20.13062286376953,0.03314340066023215,-0.21065488526496673,transformer,1.0,1.0,2,0.001,3.4599773357513186e-07,3.4599770515342243e-07,3.321453694222522e-14,0.0,0.0,0.0,1.0,0.124,-2.280217170715332,0.9517608880996704,nan,400,0.7729983329772949,0.140625,0.14896249771118164,28097.0,53.17142082444291,0.317211037054265,0.9699218236509637,1.0,-2.4606696441787634,0.082,0.1,nan,1,1.0,1.0,,,0.972,1.0,0.99,0.8531073446327684,0.8983686566352844,1.0,0.9751654863357544,0.4538731873035431,0.9969410300254822,1.0,1.0,,,0.9999996423721313,10000,10000,differences,"[7, 8, 9, 10, 11, 12, 13, 14, 15, 16, 17]",0.0,32
invariant,256,0.709,0.751188589540412,0.664804469273743,0.6105263157894737,-0.11093101650476456,0.044564660638570786,-0.33576908707618713,-0.4155191481113434,0.9833114147186279,tight,nan,0.31640625,0.72265625,0.73046875,0.0,none,v3_t-differences_c-none_d-easy_a-invariant_p-tight_s-02,easy,109.40228343009949,19.943084716796875,0.09899710327132759,-0.19623758958820595,transformer,1.0,1.0,2,0.001,4.095150245575496e-07,4.095149961358402e-07,1.821581622520052e-14,0.0,0.0,0.0,1.0,0.371,-1.1643249988555908,0.8946627378463745,nan,400,0.26859378814697266,0.421875,0.42303818464279175,28097.0,51.95142035015667,0.30993273586060704,0.9611753103064246,1.0,0.1475487954670912,0.682,0.1,nan,2,1.0,1.0,,,0.976,1.0,0.985,0.8813559322033898,0.9202123284339905,1.0,0.9592074751853943,0.5953155159950256,0.9959254264831543,1.0,1.0,,,0.9999995827674866,10000,10000,differences,"[7, 8, 9, 10, 11, 12, 13, 14, 15, 16, 17]",0.0,32
invariant,256,0.895,0.9413629160063391,0.8659217877094972,0.7684210526315789,0.6141015887260437,0.8024032711982727,0.5012242197990417,0.0950837954878807,0.987892210483551,tight,1.0,0.1123046875,0.8984375,0.8984375,1.0,none,v3_t-differences_c-none_d-easy_a-invariant_p-tight_s-03,easy,103.282057762146,19.814395904541016,0.09332777004796619,-0.2262706381095888,transformer,1.0,1.0,2,0.001,1.4377857837644115e-07,1.4377857837644115e-07,1.0128762808542984e-15,0.0,0.0,0.0,1.0,0.397,-0.9664832949638367,0.8540170192718506,600,400,0.7070870399475098,0.15625,0.164549320936203,28097.0,52.662564054693746,0.31417529000930333,0.9517727253495671,1.0,0.6497494538430105,0.928,0.1,1000,3,1.0,1.0,,,0.956,1.0,0.99,0.7627118644067796,0.8311939835548401,1.0,0.9556089043617249,0.09645334631204605,0.997326135635376,1.0,1.0,,,0.9999998807907104,10000,10000,differences,"[7, 8, 9, 10, 11, 12, 13, 14, 15, 16, 17]",0.0,32
invariant,256,0.267,0.19175911251980982,0.3463687150837989,0.4421052631578947,-1.9085807800292969,-2.2054121494293213,-1.6113768815994263,-1.2027851343154907,0.9895410537719727,tight,nan,0.7548828125,0.33203125,0.32421875,0.0,none,v3_t-differences_c-none_d-easy_a-invariant_p-tight_s-04,easy,56.40171980857849,19.37327766418457,0.04531574967297065,-0.28630217347349296,transformer,1.0,1.0,2,0.001,1.765069725934154e-07,1.765069725934154e-07,4.430482063578871e-15,0.0,0.0,0.0,1.0,0.249,-1.900063395500183,0.972268283367157,nan,400,0.6639675498008728,0.248046875,0.24179814755916595,28097.0,51.28934434257573,0.30598291067788497,0.9560451739458947,0.999,-1.5542325134115909,0.264,0.1,nan,4,1.0,1.0,,,0.96,1.0,0.98,0.7966101694915254,0.8473581671714783,1.0,0.9267088174819946,0.2204318344593048,0.9971091747283936,1.0,1.0,,,0.9999997615814209,10000,10000,differences,"[7, 8, 9, 10, 11, 12, 13, 14, 15, 16, 17]",0.0,32
invariant,256,0.933,0.993660855784469,0.9217877094972067,0.7421052631578947,0.7368030548095703,0.9745835661888123,0.6871545910835266,-0.006104504223912954,0.998907208442688,tight,1.0,0.0400390625,0.94140625,0.94140625,1.0,none,v3_t-differences_c-none_d-easy_a-invariant_p-tight_s-05,easy,94.92249751091003,19.739412307739258,0.10861355623874847,-0.284239652983317,transformer,1.0,1.0,2,0.001,1.4299487816060719e-07,1.4299487816060719e-07,5.716562680581176e-15,0.0,0.0,0.0,1.0,0.9,0.6303983330726624,0.9735764265060425,0,400,0.7280304431915283,0.103515625,0.10385279357433319,28097.0,49.682258023278315,0.2963953256542832,0.9345832520385576,1.0,0.5559677770208074,0.936,0.1,400,5,1.0,1.0,,,0.978,1.0,0.99,0.8870056497175142,0.9181170463562012,1.0,0.9602059721946716,0.5823493003845215,0.9984859824180603,1.0,1.0,,,0.9999997615814209,10000,10000,differences,"[7, 8, 9, 10, 11, 12, 13, 14, 15, 16, 17]",0.0,32
invariant,256,0.726,0.8019017432646592,0.6536312849162011,0.5421052631578948,-0.07819635421037674,0.20938529074192047,-0.3659735321998596,-0.762153685092926,0.9886689186096191,moderate,1.0,0.29296875,0.7578125,0.7578125,1.0,none,v3_t-differences_c-none_d-easy_a-invariant_p-moderate_s-00,easy,87.88918900489807,28.61548614501953,0.041058462375215536,-0.15639837285877575,transformer,1.0,1.0,2,0.001,3.694211514471135e-08,3.694211159199767e-08,3.303856034171898e-15,0.0,0.0,0.0,1.0,0.585,-0.4646572768688202,0.9387783408164978,nan,400,0.5132248997688293,0.3046875,0.3056340217590332,105345.0,72.09426694675047,0.22212312076479876,0.9627672541295463,1.0,0.13108067114774424,0.671,0.1,nan,0,1.0,1.0,,,0.971,1.0,0.995,0.8418079096045198,0.8898468017578125,1.0,0.980000376701355,0.4002642333507538,0.998394787311554,1.0,1.0,,,1.0,10000,10000,differences,"[7, 8, 9, 10, 11, 12, 13, 14, 15, 16, 17]",0.0,64
invariant,256,0.527,0.5340729001584786,0.5865921787709497,0.4473684210526316,-0.8371720910072327,-0.8140302300453186,-0.6126630306243896,-1.1255390644073486,0.9832640290260315,moderate,nan,0.482421875,0.46484375,0.50390625,0.0,none,v3_t-differences_c-none_d-easy_a-invariant_p-moderate_s-01,easy,90.15341711044312,29.489604949951172,0.06772862783778136,-0.156887321376609,transformer,1.0,1.0,2,0.001,7.414038094566422e-08,7.414037384023686e-08,8.226533061532482e-15,0.0,0.0,0.0,1.0,0.391,-1.3232715129852295,0.9646062254905701,nan,400,0.3451979160308838,0.423828125,0.42802104353904724,105345.0,72.95479132623902,0.22477440454589845,0.9636947065171974,1.0,-0.11804987819019086,0.59,0.1,nan,1,1.0,1.0,,,0.949,1.0,0.98,0.7344632768361582,0.7978127598762512,1.0,0.9163278341293335,-0.04775608703494072,0.997757613658905,1.0,1.0,,,0.9999998807907104,10000,10000,differences,"[7, 8, 9, 10, 11, 12, 13, 14, 15, 16, 17]",0.0,64
invariant,256,0.369,0.3328050713153724,0.40782122905027934,0.45263157894736844,-1.4723299741744995,-1.6273674964904785,-1.270866870880127,-1.1472417116165161,0.9732903838157654,moderate,nan,0.6396484375,0.36328125,0.3203125,0.0,none,v3_t-differences_c-none_d-easy_a-invariant_p-moderate_s-02,easy,94.02320265769958,28.689205169677734,0.0749967021454538,-0.1453939832138227,transformer,1.0,1.0,2,0.001,6.431086774227879e-08,6.431086774227879e-08,3.0969008976857284e-15,0.0,0.0,0.0,1.0,0.367,-1.4197556972503662,0.9501398801803589,nan,400,0.2407861053943634,0.498046875,0.5050489902496338,105345.0,72.15837936793868,0.22232065174301974,0.9769182352110447,1.0,-0.669490137223598,0.413,0.1,nan,2,1.0,1.0,,,0.97,1.0,0.98,0.8531073446327684,0.8890387415885925,1.0,0.9330047369003296,0.4488011300563812,0.9952962398529053,1.0,1.0,,,0.9999998807907104,10000,10000,differences,"[7, 8, 9, 10, 11, 12, 13, 14, 15, 16, 17]",0.0,64
invariant,256,0.688,0.7496038034865293,0.6536312849162011,0.5157894736842106,-0.2124396562576294,0.03289022296667099,-0.3520074486732483,-0.89570552110672,0.9895310401916504,moderate,nan,0.3125,0.70703125,0.72265625,0.0,none,v3_t-differences_c-none_d-easy_a-invariant_p-moderate_s-03,easy,93.14286923408508,29.206958770751953,0.10900583317803351,-0.09589617403333729,transformer,1.0,1.0,2,0.001,4.836936895458166e-08,4.836936895458166e-08,3.057632106143884e-17,0.0,0.0,0.0,1.0,0.169,-2.1950795650482178,0.9705825448036194,nan,400,0.4808156490325928,0.32421875,0.3258037567138672,105345.0,73.00742962877801,0.2249365836556515,0.9621835232435986,1.0,0.13521728950204703,0.645,0.1,nan,3,1.0,1.0,,,0.975,1.0,0.99,0.8700564971751412,0.9012099504470825,1.0,0.9600988030433655,0.4869501292705536,0.998550534248352,1.0,1.0,,,0.9999999403953552,10000,10000,differences,"[7, 8, 9, 10, 11, 12, 13, 14, 15, 16, 17]",0.0,64
invariant,256,0.378,0.31695721077654515,0.45251396648044695,0.5105263157894737,-1.440680980682373,-1.681528091430664,-1.1475574970245361,-0.9169690012931824,0.9824245572090149,moderate,nan,0.666015625,0.390625,0.37890625,0.0,none,v3_t-differences_c-none_d-easy_a-invariant_p-moderate_s-04,easy,91.25273275375366,29.598955154418945,0.09560722637072881,-0.1669523837323162,transformer,1.0,1.0,2,0.001,7.982772842751729e-08,7.982772842751729e-08,3.342240179209674e-15,0.0,0.0,0.0,1.0,0.328,-1.568339467048645,0.9639290571212769,nan,400,0.4263209402561188,0.38671875,0.38135531544685364,105345.0,72.68396425070796,0.22393998375556023,0.9688069444622786,1.0,-0.9658247836586022,0.424,0.1,nan,4,1.0,1.0,,,0.974,1.0,0.99,0.864406779661017,0.8977010250091553,1.0,0.9586738348007202,0.46873587369918823,0.9965652823448181,1.0,1.0,,,0.9999998807907104,10000,10000,differences,"[7, 8, 9, 10, 11, 12, 13, 14, 15, 16, 17]",0.0,64
invariant,256,0.411,0.39461172741679873,0.41899441340782123,0.45789473684210524,-1.326796293258667,-1.396384596824646,-1.2819136381149292,-1.1379742622375488,0.9896009564399719,moderate,nan,0.595703125,0.42578125,0.41796875,0.0,none,v3_t-differences_c-none_d-easy_a-invariant_p-moderate_s-05,easy,72.03134536743164,29.107011795043945,0.053678000813271724,-0.15848881436120782,transformer,1.0,1.0,2,0.001,7.459476591975545e-08,7.459476591975545e-08,1.5884312509862144e-15,0.0,0.0,0.0,1.0,0.243,-1.9415943622589111,0.9779307246208191,nan,400,0.2798108458518982,0.44921875,0.4474368691444397,105345.0,71.22219715137882,0.21943626544777695,0.9724440492580075,1.0,-0.620494813422457,0.394,0.1,nan,5,1.0,1.0,,,0.967,1.0,0.985,0.8305084745762712,0.8710964322090149,1.0,0.9402615427970886,0.33923232555389404,0.9970278739929199,1.0,1.0,,,0.9999998807907104,10000,10000,differences,"[7, 8, 9, 10, 11, 12, 13, 14, 15, 16, 17]",0.0,64
invariant,256,0.86,0.9540412044374009,0.8212290502793296,0.5842105263157895,0.4803354740142822,0.8274270296096802,0.3842613697052002,-0.5818620324134827,0.9863354563713074,wide,0.9613259668508287,0.1875,0.8671875,0.89453125,1.0,none,v3_t-differences_c-none_d-easy_a-invariant_p-wide_s-00,easy,96.94697880744934,37.7308235168457,0.12914537174009758,-0.1198098980028432,transformer,1.0,1.0,2,0.001,7.315749712688557e-07,7.31573209122871e-07,1.7617489498494843e-12,0.0,0.0,0.0,1.0,0.64,-0.36681485176086426,0.9777600169181824,nan,400,0.7802937626838684,0.158203125,0.16222770512104034,407297.0,106.69411901402073,0.167180213733875,0.9627677481074695,1.0,0.05400234259686998,0.68,0.1,nan,0,1.0,1.0,,,0.98,1.0,0.995,0.8926553672316384,0.9237430691719055,1.0,0.9765483140945435,0.5956687927246094,0.9947824478149414,1.0,1.0,,,0.9999991655349731,10000,10000,differences,"[7, 8, 9, 10, 11, 12, 13, 14, 15, 16, 17]",0.0,128
invariant,256,0.305,0.23771790808240886,0.3854748603351955,0.45263157894736844,-1.730666995048523,-1.9894719123840332,-1.4109832048416138,-1.1723370552062988,0.9855754375457764,wide,nan,0.7216796875,0.28125,0.26953125,0.0,none,v3_t-differences_c-none_d-easy_a-invariant_p-wide_s-01,easy,102.76579213142395,37.19334030151367,0.04873605019283229,-0.07111141154165856,transformer,1.0,1.0,2,0.001,3.2548200579185504e-08,3.2548200579185504e-08,9.360362047364668e-16,0.0,0.0,0.0,1.0,0.607,-0.3758125603199005,0.9026741981506348,nan,400,0.34596627950668335,0.37890625,0.3792567849159241,407297.0,103.08017205145634,0.1615174796374905,0.9642984157085303,1.0,-1.2847954210616477,0.434,0.1,nan,1,1.0,1.0,,,0.976,1.0,0.985,0.8813559322033898,0.9134014844894409,1.0,0.9428474307060242,0.5753220915794373,0.9970771670341492,1.0,1.0,,,1.0,10000,10000,differences,"[7, 8, 9, 10, 11, 12, 13, 14, 15, 16, 17]",0.0,128
invariant,256,0.717,0.7939778129952456,0.6536312849162011,0.5210526315789473,-0.11781393736600876,0.1905609369277954,-0.38531631231307983,-0.8899277448654175,0.9935490489006042,wide,nan,0.23046875,0.66796875,0.6796875,0.0,none,v3_t-differences_c-none_d-easy_a-invariant_p-wide_s-02,easy,82.8109381198883,37.38349533081055,0.06388341891541656,-0.12701989490195043,transformer,1.0,1.0,2,0.001,3.413359550563655e-08,3.413359550563655e-08,4.5607777669581006e-17,0.0,0.0,0.0,1.0,0.68,0.11523585766553879,0.8285208940505981,nan,200,0.5742641687393188,0.220703125,0.22265496850013733,407297.0,102.13115800857388,0.1600304588720377,0.9746400715853611,1.0,-0.12541974835080572,0.588,0.1,nan,2,1.0,1.0,,,0.964,1.0,0.995,0.8022598870056498,0.8588716983795166,1.0,0.9799750447273254,0.2252921462059021,0.9989842772483826,1.0,1.0,,,0.9999999403953552,10000,10000,differences,"[7, 8, 9, 10, 11, 12, 13, 14, 15, 16, 17]",0.0,128
invariant,256,0.42,0.38827258320126784,0.441340782122905,0.5052631578947369,-1.2613024711608887,-1.4023394584655762,-1.1624116897583008,-0.8860771059989929,0.983166515827179,wide,nan,0.6181640625,0.3984375,0.39453125,0.0,none,v3_t-differences_c-none_d-easy_a-invariant_p-wide_s-03,easy,92.42903327941895,37.720638275146484,0.06267691617720073,-0.10835325149294017,transformer,1.0,1.0,2,0.001,5.598966268394179e-08,5.598966268394179e-08,8.694543328845953e-16,0.0,0.0,0.0,1.0,0.266,-1.7423924207687378,0.9442935585975647,nan,400,0.33544638752937317,0.35546875,0.35312414169311523,407297.0,102.7020574824638,0.1609250076714231,0.9748107454941587,1.0,-1.2283028171051469,0.293,0.1,nan,3,1.0,1.0,,,0.958,1.0,0.98,0.7853107344632768,0.8543637990951538,1.0,0.9500212669372559,0.23366962373256683,0.9940862059593201,1.0,1.0,,,0.9999999403953552,10000,10000,differences,"[7, 8, 9, 10, 11, 12, 13, 14, 15, 16, 17]",0.0,128
invariant,256,0.377,0.3201267828843106,0.46368715083798884,0.4842105263157895,-1.4309436082839966,-1.6582202911376953,-1.1064059734344482,-0.9818938374519348,0.9727881550788879,wide,nan,0.6455078125,0.4140625,0.375,0.0,none,v3_t-differences_c-none_d-easy_a-invariant_p-wide_s-04,easy,112.86037755012512,37.923423767089844,0.051840109207073645,-0.046196080357497754,transformer,1.0,1.0,2,0.001,5.3100222885404946e-08,5.310021577997759e-08,7.802900544391558e-15,0.0,0.0,0.0,1.0,0.614,-0.3809951841831207,0.9392475485801697,nan,400,0.34307438135147095,0.47265625,0.47057536244392395,407297.0,102.72316230459603,0.16095807705432336,0.9780807705381348,1.0,0.1439514991707762,0.656,0.1,nan,4,1.0,1.0,,,0.962,1.0,0.99,0.7966101694915254,0.8654845356941223,1.0,0.9745086431503296,0.26882946491241455,0.9957147240638733,1.0,1.0,,,0.9999999403953552,10000,10000,differences,"[7, 8, 9, 10, 11, 12, 13, 14, 15, 16, 17]",0.0,128
invariant,256,0.216,0.13153724247226625,0.2737430167597765,0.4421052631578947,-2.079960584640503,-2.434497117996216,-1.8537859916687012,-1.115606665611267,0.9817512035369873,wide,nan,0.767578125,0.203125,0.20703125,0.0,none,v3_t-differences_c-none_d-easy_a-invariant_p-wide_s-05,easy,114.97218465805054,37.97834396362305,0.020757033000869587,-0.11673925531338811,transformer,1.0,1.0,2,0.001,4.2492867891041897e-08,4.2492867891041897e-08,8.551980272284766e-16,0.0,0.0,0.0,1.0,0.146,-1.9642422199249268,0.900041401386261,nan,200,0.533962607383728,0.265625,0.258203387260437,407297.0,101.2725752619421,0.15868513592062689,0.9718739181594984,1.0,-0.6341708004986351,0.456,0.1,nan,5,1.0,1.0,,,0.95,1.0,0.975,0.7457627118644068,0.8038530349731445,1.0,0.908413827419281,-0.004688176792114973,0.9972295761108398,1.0,1.0,,,0.9999998807907104,10000,10000,differences,"[7, 8, 9, 10, 11, 12, 13, 14, 15, 16, 17]",0.0,128
latent,256,0.917,0.9889064976228209,0.8938547486033519,0.7,0.688751220703125,0.9577397108078003,0.6203487515449524,-0.1401316225528717,0.9952637553215027,tight,1.0,0.1220703125,0.91015625,0.91015625,1.0,none,v3_t-differences_c-none_d-easy_a-latent_p-tight_s-00,easy,140.29171752929688,6.696043014526367,0.9999983341830122,0.9999961842765195,transformer,1.0,1.0,2,0.001,8.99441001820378e-05,1.5337458592057374e-07,1.1317789543415944e-16,7.978630310390145e-05,1.2236339443916222e-06,8.780788630247116e-05,1.0,0.207,-1.9758195877075195,0.9561517238616943,6600,400,0.9047509431838989,0.099609375,0.10017310082912445,28097.0,35.20712293609884,0.21003929940354238,0.9999757212361743,1.0,0.8443961152781175,0.896,0.1,7000,0,1.0,1.0,,,0.996,1.0,1.0,0.9774011299435028,0.991180419921875,1.0,1.0,0.9501720070838928,0.9979900121688843,1.0,1.0,,,0.9999998807907104,10000,10000,differences,"[7, 8, 9, 10, 11, 12, 13, 14, 15, 16, 17]",0.0,32
latent,256,0.941,0.9920760697305864,0.9385474860335196,0.7736842105263158,0.7840971946716309,0.972247302532196,0.7777715921401978,0.16520020365715027,0.9932640194892883,tight,1.0,0.0595703125,0.9296875,0.9296875,1.0,none,v3_t-differences_c-none_d-easy_a-latent_p-tight_s-01,easy,61.11222720146179,6.888991355895996,0.9999936495028936,0.9999888302206327,transformer,1.0,1.0,2,0.001,0.0008708056411705911,1.2938738791490323e-07,3.9633804508595665e-16,0.0008537720423191786,2.4645612484164303e-06,0.00014439644291996956,1.0,0.2,-2.084622859954834,0.9721536636352539,3600,400,0.9314663410186768,0.087890625,0.08650686591863632,28097.0,38.511544812043496,0.2297528800053108,0.999942044300982,1.0,0.9286593670840795,0.942,0.1,4000,1,1.0,1.0,,,0.999,1.0,1.0,0.9943502824858758,0.9986165761947632,1.0,1.0,0.9921842217445374,0.9991874098777771,1.0,1.0,,,0.9999998807907104,10000,10000,differences,"[7, 8, 9, 10, 11, 12, 13, 14, 15, 16, 17]",0.0,32
latent,256,0.933,1.0,0.9273743016759777,0.7157894736842105,0.7590688467025757,0.9998863339424133,0.7494085431098938,-0.031597740948200226,0.9901431202888489,tight,1.0,0.091796875,0.9765625,0.9765625,1.0,none,v3_t-differences_c-none_d-easy_a-latent_p-tight_s-02,easy,115.30387139320374,7.124380111694336,0.9999963554707703,0.999986554100366,transformer,1.0,1.0,2,0.001,7.807565270923078e-05,2.5659744551376207e-07,6.116971248374282e-16,6.950183887965977e-05,1.3236883660283638e-06,6.993534043431282e-05,1.0,0.303,-1.5957385301589966,0.9452388286590576,3600,400,0.9782461524009705,0.0546875,0.052924301475286484,28097.0,36.42229342582103,0.2172887857867484,0.9999493665917307,1.0,0.8739515642598199,0.946,0.1,4000,2,1.0,1.0,,,1.0,1.0,1.0,1.0,0.998794674873352,1.0,1.0,0.9931901097297668,0.9986997246742249,1.0,1.0,,,0.9999997019767761,10000,10000,differences,"[7, 8, 9, 10, 11, 12, 13, 14, 15, 16, 17]",0.0,32
latent,256,0.958,1.0,1.0,0.7789473684210526,0.8557788133621216,1.0,0.9987621903419495,0.2421073317527771,0.9930329918861389,tight,1.0,0.02734375,0.984375,0.984375,1.0,none,v3_t-differences_c-none_d-easy_a-latent_p-tight_s-03,easy,110.95668244361877,7.151124477386475,0.9999932150314097,0.9999823750534282,transformer,1.0,1.0,2,0.001,0.00023321679327636957,2.3381943492495338e-07,3.698621244953922e-16,0.00021992527763359249,2.8021656817145413e-06,0.00010255537927150726,1.0,0.244,-1.861641526222229,0.9555263519287109,6600,400,0.9868518114089966,0.041015625,0.038224589079618454,28097.0,37.67435994059929,0.22475838715258495,0.9999409642622633,1.0,0.872366797959821,0.962,0.1,7000,3,1.0,1.0,,,1.0,1.0,1.0,1.0,0.9999486804008484,1.0,1.0,0.9997098445892334,0.9996790885925293,1.0,1.0,,,0.9999997615814209,10000,10000,differences,"[7, 8, 9, 10, 11, 12, 13, 14, 15, 16, 17]",0.0,32
latent,256,0.803,0.8938193343898574,0.6871508379888268,0.6105263157894737,0.23852063715457916,0.5932161808013916,-0.21880613267421722,-0.5085920691490173,0.9901725649833679,tight,1.0,0.201171875,0.77734375,0.77734375,1.0,none,v3_t-differences_c-none_d-easy_a-latent_p-tight_s-04,easy,114.10486912727356,6.545456409454346,0.9999981812128167,0.9999962568165673,transformer,1.0,1.0,2,0.001,2.4093717001960613e-05,2.1046891163223336e-07,6.839944573800165e-16,1.596133370185271e-05,7.674015591874195e-07,7.154513150453568e-05,1.0,0.361,-1.4482200145721436,0.9682583212852478,nan,400,0.7004000544548035,0.271484375,0.27280545234680176,28097.0,36.47698532829402,0.2176150677410939,0.9999784640337991,1.0,0.6534925968532959,0.811,0.1,nan,4,1.0,1.0,,,1.0,1.0,1.0,1.0,0.9984980225563049,1.0,1.0,0.9915146231651306,0.9984715580940247,1.0,1.0,,,0.9999997615814209,10000,10000,differences,"[7, 8, 9, 10, 11, 12, 13, 14, 15, 16, 17]",0.0,32
latent,256,0.964,1.0,0.994413407821229,0.8157894736842105,0.862881600856781,1.0,0.9796491861343384,0.29749682545661926,0.9960873126983643,tight,1.0,0.0224609375,0.953125,0.953125,1.0,none,v3_t-differences_c-none_d-easy_a-latent_p-tight_s-05,easy,117.4783787727356,6.8729352951049805,0.9999980772261933,0.9999965763806713,transformer,1.0,1.0,2,0.001,7.676493260078132e-05,1.1330575233614582e-07,4.153603073512548e-17,6.804477015975863e-05,1.160284682555357e-06,7.446575909852982e-05,1.0,0.245,-1.9349521398544312,0.9781122803688049,3600,400,0.9409114122390747,0.0625,0.06000956892967224,28097.0,35.6616211385708,0.21275075311138,0.9999498138775403,1.0,0.9550626952855272,0.974,0.1,4000,5,1.0,1.0,,,1.0,1.0,1.0,1.0,0.9992524981498718,1.0,1.0,0.9957768321037292,0.999251127243042,1.0,1.0,,,0.9999998807907104,10000,10000,differences,"[7, 8, 9, 10, 11, 12, 13, 14, 15, 16, 17]",0.0,32
latent,256,0.993,1.0,1.0,0.9631578947368421,0.9766752123832703,1.0,0.9999648928642273,0.8772714138031006,0.9901654124259949,moderate,1.0,0.0048828125,0.984375,0.984375,1.0,none,v3_t-differences_c-none_d-easy_a-latent_p-moderate_s-00,easy,119.59409713745117,7.386157989501953,0.9999971772360755,0.9999927071984888,transformer,1.0,1.0,2,0.001,7.035094313323498e-05,4.988295358998585e-07,4.861359253517661e-15,6.235162436496466e-05,1.48786500631104e-06,6.012618541717529e-05,1.0,0.239,-1.9515262842178345,0.970799446105957,3600,400,0.9969234466552734,0.015625,0.01827157475054264,105345.0,52.02738123168199,0.1602968554065035,0.9999728410468466,1.0,0.9912037119325481,0.986,0.1,4000,0,1.0,1.0,,,0.997,1.0,1.0,0.9830508474576272,0.9891518354415894,1.0,1.0,0.9387108683586121,0.9924571514129639,1.0,1.0,,,0.9999994039535522,10000,10000,differences,"[7, 8, 9, 10, 11, 12, 13, 14, 15, 16, 17]",0.0,64
latent,256,0.985,1.0,1.0,0.9210526315789473,0.9493970274925232,1.0,0.9999995827674866,0.733668863773346,0.994186520576477,moderate,1.0,0.009765625,0.9921875,0.9921875,1.0,none,v3_t-differences_c-none_d-easy_a-latent_p-moderate_s-01,easy,108.28472590446472,8.043925285339355,0.9999997056488702,0.9999993487611084,transformer,1.0,1.0,2,0.001,1.3736514119955245e-05,5.155298410386422e-09,8.718669771946736e-19,9.0083631221205e-06,1.228204666858801e-07,4.6001747250556946e-05,1.0,0.251,-1.877151370048523,0.960776150226593,3600,400,0.9952045679092407,0.02734375,0.02836659736931324,105345.0,51.65444900195496,0.15914784766692933,0.9999932131852146,1.0,0.975983983343025,0.981,0.1,4000,1,1.0,1.0,,,1.0,1.0,1.0,1.0,0.9989513158798218,1.0,1.0,0.9940751194953918,0.9985851645469666,1.0,1.0,,,1.0,10000,10000,differences,"[7, 8, 9, 10, 11, 12, 13, 14, 15, 16, 17]",0.0,64
latent,256,0.957,1.0,0.994413407821229,0.7789473684210526,0.855639636516571,1.0,0.9740135073661804,0.2646905779838562,0.9911354184150696,moderate,1.0,0.046875,0.95703125,0.95703125,1.0,none,v3_t-differences_c-none_d-easy_a-latent_p-moderate_s-02,easy,115.76953887939453,7.868686199188232,0.9999982085760767,0.9999947464678091,transformer,1.0,1.0,2,0.001,2.9673035896848887e-05,7.337571616972127e-08,7.260682249964729e-16,2.2986982003203593e-05,1.1779449096138705e-06,5.434732884168625e-05,1.0,0.582,-0.5277032256126404,0.9425265789031982,1600,400,0.9308373928070068,0.103515625,0.10793451964855194,105345.0,51.64665664953856,0.15912383935517124,0.9999807908169495,1.0,0.978738844071689,0.968,0.1,2000,2,1.0,1.0,,,1.0,1.0,1.0,1.0,0.9979117512702942,1.0,1.0,0.9882020354270935,0.9969048500061035,1.0,1.0,,,0.9999998807907104,10000,10000,differences,"[7, 8, 9, 10, 11, 12, 13, 14, 15, 16, 17]",0.0,64
latent,256,0.981,1.0,1.0,0.9,0.9487330317497253,1.0,0.9999929070472717,0.7301804423332214,0.9887856245040894,moderate,1.0,0.01953125,0.96484375,0.96484375,1.0,none,v3_t-differences_c-none_d-easy_a-latent_p-moderate_s-03,easy,115.109708070755,7.9580979347229,0.9999980483452315,0.9999945292132448,transformer,1.0,1.0,2,0.001,2.1556777937803417e-05,1.4062837294659403e-07,5.18349594187472e-16,1.3313625458977185e-05,1.919379883474903e-06,6.183143705129623e-05,1.0,0.451,-1.0697007179260254,0.9574307799339294,1600,400,0.9938443899154663,0.01171875,0.011119398288428783,105345.0,50.991609818216794,0.1571056338503181,0.9999842127440312,1.0,0.9680555996511341,0.99,0.1,2000,3,1.0,1.0,,,0.999,1.0,1.0,0.9943502824858758,0.9957196116447449,1.0,1.0,0.9758169651031494,0.9959765672683716,1.0,1.0,,,0.9999998807907104,10000,10000,differences,"[7, 8, 9, 10, 11, 12, 13, 14, 15, 16, 17]",0.0,64
latent,256,0.995,1.0,1.0,0.9736842105263158,0.9832437038421631,1.0,0.9999988079071045,0.9118099808692932,0.9906803965568542,moderate,1.0,0.001953125,0.99609375,0.99609375,1.0,none,v3_t-differences_c-none_d-easy_a-latent_p-moderate_s-04,easy,115.32488942146301,8.205964088439941,0.9999993151885758,0.9999986314973787,transformer,1.0,1.0,2,0.001,9.893851711240131e-06,2.032593044987152e-07,1.06856594427919e-15,5.48456728211022e-06,2.228514262014869e-07,3.98317351937294e-05,1.0,0.367,-1.3835296630859375,0.9455382227897644,1600,400,0.9949464797973633,0.009765625,0.016698399558663368,105345.0,51.69351548200494,0.15926821186277318,0.9999923383854946,1.0,0.9921913554245418,0.994,0.1,2000,4,1.0,1.0,,,1.0,1.0,1.0,1.0,0.998150646686554,1.0,1.0,0.9895514249801636,0.9962442517280579,1.0,1.0,,,0.9999997615814209,10000,10000,differences,"[7, 8, 9, 10, 11, 12, 13, 14, 15, 16, 17]",0.0,64
latent,256,0.953,1.0,0.994413407821229,0.7578947368421053,0.8396151065826416,1.0,0.9785701632499695,0.1760581135749817,0.993411660194397,moderate,1.0,0.0693359375,0.96875,0.96875,1.0,none,v3_t-differences_c-none_d-easy_a-latent_p-moderate_s-05,easy,115.89192152023315,7.56040620803833,0.9999986473400962,0.9999974810581356,transformer,1.0,1.0,2,0.001,9.323342237621546e-05,1.7986513611845112e-08,1.1602330409711325e-16,8.551398059353232e-05,6.170207029754238e-07,7.084431126713753e-05,1.0,0.092,-2.5736639499664307,0.9876179099082947,3600,400,0.9916653633117676,0.025390625,0.023471031337976456,105345.0,50.317813914092376,0.15502966227419818,0.999980308314114,1.0,0.9504320709248562,0.962,0.1,4000,5,1.0,1.0,,,0.994,1.0,1.0,0.9661016949152542,0.9840387105941772,1.0,1.0,0.9098228812217712,0.9949711561203003,1.0,1.0,,,1.0,10000,10000,differences,"[7, 8, 9, 10, 11, 12, 13, 14, 15, 16, 17]",0.0,64
latent,256,0.992,1.0,1.0,0.9578947368421052,0.9750182032585144,1.0,0.9999960660934448,0.8685204982757568,0.9928013682365417,wide,0.996031746031746,0.01171875,0.9921875,0.99609375,1.0,none,v3_t-differences_c-none_d-easy_a-latent_p-wide_s-00,easy,104.41835713386536,8.42002010345459,0.9999899202380117,0.9999715336679693,transformer,1.0,1.0,2,0.001,9.213227895088494e-05,2.3810730453988072e-07,1.6552653480739546e-14,8.2650403783191e-05,2.228295215900289e-06,7.015466690063477e-05,1.0,0.597,-0.41985973715782166,0.9173456430435181,300,400,0.9977773427963257,0.013671875,0.011657070368528366,407297.0,73.4605925386063,0.11510622773882628,0.9999682446535011,1.0,0.995513076224398,0.994,0.1,700,0,1.0,1.0,,,0.998,1.0,1.0,0.9887005649717514,0.9946147203445435,1.0,1.0,0.9695748090744019,0.9942088723182678,1.0,1.0,,,0.9999998211860657,10000,10000,differences,"[7, 8, 9, 10, 11, 12, 13, 14, 15, 16, 17]",0.0,128
latent,256,0.962,1.0,0.9720670391061452,0.8263157894736842,0.8711191415786743,0.9999960064888,0.9155037999153137,0.40129727125167847,0.9880290627479553,wide,0.9957805907172996,0.04296875,0.96484375,0.96875,1.0,none,v3_t-differences_c-none_d-easy_a-latent_p-wide_s-01,easy,127.53018736839294,8.343550682067871,0.9999826298802964,0.9999650644117101,transformer,1.0,1.0,2,0.001,0.00011121878196718171,7.447079042322002e-07,1.55513969757326e-12,8.752249414101243e-05,5.813478310301434e-06,0.00017138104885816574,1.0,0.098,-2.517587661743164,0.9776920676231384,1600,400,0.9827136397361755,0.044921875,0.043852005153894424,407297.0,73.63421288564847,0.11537827541113749,0.9999217871315953,1.0,0.8262269668752907,0.951,0.1,2000,1,1.0,1.0,,,0.997,1.0,1.0,0.9830508474576272,0.9856109023094177,1.0,0.9999991059303284,0.9187065362930298,0.9927126169204712,1.0,1.0,,,0.9999996423721313,10000,10000,differences,"[7, 8, 9, 10, 11, 12, 13, 14, 15, 16, 17]",0.0,128
latent,256,0.967,1.0,1.0,0.8263157894736842,0.871562123298645,1.0,0.9999948740005493,0.32401618361473083,0.9971705675125122,wide,1.0,0.02734375,0.9765625,0.9765625,1.0,none,v3_t-differences_c-none_d-easy_a-latent_p-wide_s-02,easy,98.50403118133545,8.33255672454834,0.9999958419276997,0.9999881994112432,transformer,1.0,1.0,2,0.001,0.0001143187764682807,4.786855924976408e-07,3.048113112824949e-14,9.76571609498933e-05,2.195355591538828e-06,0.00013987580314278603,1.0,0.442,-1.0932878255844116,0.956020712852478,600,400,0.9976077079772949,0.005859375,0.006207119673490524,407297.0,74.53267973950686,0.11678609321823809,0.9999674104417199,1.0,0.9861609280337749,0.962,0.1,1000,2,1.0,1.0,,,0.99,1.0,1.0,0.943502824858757,0.9633795619010925,1.0,1.0,0.7931050658226013,0.9969106316566467,1.0,1.0,,,0.9999993443489075,10000,10000,differences,"[7, 8, 9, 10, 11, 12, 13, 14, 15, 16, 17]",0.0,128
latent,256,0.961,1.0,0.9776536312849162,0.8157894736842105,0.8678650856018066,1.0,0.9142592549324036,0.38532981276512146,0.9906357526779175,wide,1.0,0.0478515625,0.94921875,0.94921875,1.0,none,v3_t-differences_c-none_d-easy_a-latent_p-wide_s-03,easy,116.35367918014526,8.096295356750488,0.9999861667614776,0.9999632676632724,transformer,1.0,1.0,2,0.001,0.00014125938469078392,1.0368809171268367e-06,2.414187285412067e-13,0.00011847160203615203,5.688149030902423e-06,0.00016062753275036812,1.0,0.822,0.4008207321166992,0.9372580051422119,0,400,0.9988124370574951,0.005859375,0.007034588139504194,407297.0,73.29054715084946,0.11483978171038199,0.9999483325981142,1.0,0.9852946974991437,0.964,0.1,400,3,1.0,1.0,,,0.99,1.0,1.0,0.943502824858757,0.9725654125213623,1.0,0.9996110796928406,0.8454415798187256,0.9935709834098816,1.0,1.0,,,0.9999989867210388,10000,10000,differences,"[7, 8, 9, 10, 11, 12, 13, 14, 15, 16, 17]",0.0,128
latent,256,0.988,1.0,1.0,0.9368421052631579,0.9659536480903625,1.0,0.9999894499778748,0.8208187818527222,0.9907210469245911,wide,1.0,0.0009765625,0.9765625,0.9765625,1.0,none,v3_t-differences_c-none_d-easy_a-latent_p-wide_s-04,easy,119.45936155319214,8.319427490234375,0.9999896672031594,0.9999792805113938,transformer,1.0,1.0,2,0.001,0.00011056979565182701,5.5221784123205e-07,1.1548318453857148e-14,9.758690430317074e-05,4.009654730907641e-06,8.421018719673157e-05,1.0,0.416,-1.0427950620651245,0.9181973934173584,1600,400,0.9987108707427979,0.009765625,0.012229816988110542,407297.0,73.46381188113793,0.11511127216280666,0.999979461159143,1.0,0.9947451584665735,0.985,0.1,2000,4,1.0,1.0,,,0.99,1.0,1.0,0.943502824858757,0.9723402261734009,1.0,0.9999984502792358,0.8437318801879883,0.9933705925941467,1.0,1.0,,,0.9999992847442627,10000,10000,differences,"[7, 8, 9, 10, 11, 12, 13, 14, 15, 16, 17]",0.0,128
latent,256,0.981,1.0,1.0,0.9,0.9461784958839417,1.0,0.9998123049736023,0.7169057726860046,0.9865888953208923,wide,1.0,0.017578125,0.984375,0.984375,1.0,none,v3_t-differences_c-none_d-easy_a-latent_p-wide_s-05,easy,110.3616201877594,8.662118911743164,0.9999207733378028,0.9998267744450573,transformer,1.0,1.0,2,0.001,0.0012256011832505465,2.081239927065326e-06,4.3430557761237054e-11,0.0009634441812522709,2.174330256821122e-05,0.0023833229206502438,1.0,0.208,-1.9527804851531982,0.9476303458213806,1600,400,0.998573362827301,0.01171875,0.010184120386838913,407297.0,72.10941961155561,0.11298905969973243,0.9996729314171307,1.0,0.9865133278177349,0.983,0.1,2000,5,1.0,1.0,,,0.989,1.0,1.0,0.9378531073446328,0.9671857953071594,1.0,0.9999833703041077,0.8146280646324158,0.9877012968063354,1.0,1.0,,,0.9999973177909851,10000,10000,differences,"[7, 8, 9, 10, 11, 12, 13, 14, 15, 16, 17]",0.0,128
concrete,256,0.079,0.006339144215530904,0.0893854748603352,0.3105263157894737,-2.6633472442626953,-2.9688971042633057,-2.5893447399139404,-1.7183191776275635,0.9945706129074097,tight,nan,0.921875,0.11328125,0.11328125,0.0,none,v3_t-differences_c-none_d-mixed_a-concrete_p-tight_s-00,mixed,96.58142447471619,19.800844192504883,0.06820014661228763,-0.5327421087396012,transformer,1.0,1.0,2,0.001,0.00010893060243688524,0.00010893060243688524,0.0,0.0,0.0,0.0,1.0,0.128,-2.3916962146759033,0.9750524759292603,nan,700,0.8347546458244324,0.0859375,0.08885243535041809,28097.0,52.98738432148656,0.31611310871130477,0.9298000898244267,0.971,-4.0961363769353305,0.1,0.1,nan,0,1.0,1.0,1.0,1.0,1.0,1.0,1.0,1.0,0.9995002150535583,1.0,1.0,0.9971765279769897,0.999265193939209,0.9996119141578674,1.0,1.0,0.9977569580078125,0.999548077583313,10000,10000,differences,"[1, 2, 3, 4, 5, 6, 7, 8, 9, 10, 11, 12, 13, 14, 15, 16, 17]",0.0,32
concrete,256,0.367,0.31695721077654515,0.45251396648044695,0.45263157894736844,-1.410775065422058,-1.6010732650756836,-1.0669970512390137,-1.1026599407196045,0.9628479480743408,tight,nan,0.6103515625,0.30078125,0.3203125,0.0,none,v3_t-differences_c-none_d-mixed_a-concrete_p-tight_s-01,mixed,58.63466763496399,20.108842849731445,0.20061650566230504,-0.059242144822143655,transformer,1.0,1.0,2,0.001,0.015483236871659756,0.015483236871659756,0.0,0.0,0.0,0.0,1.0,0.14,-2.248598575592041,0.9478892683982849,nan,700,0.5190691947937012,0.462890625,0.44806182384490967,28097.0,53.84941864672879,0.32125584889102093,0.9560337227504306,0.966,-0.0003848843654492562,0.533,0.1,nan,1,0.998,1.0,1.0,0.9884393063583815,1.0,1.0,1.0,1.0,0.9978012442588806,0.9999998807907104,1.0,0.9875777959823608,0.9985496997833252,0.9953991770744324,1.0,1.0,0.9734055995941162,0.9980281591415405,10000,10000,differences,"[1, 2, 3, 4, 5, 6, 7, 8, 9, 10, 11, 12, 13, 14, 15, 16, 17]",0.0,32
concrete,256,0.134,0.022187004754358162,0.24022346368715083,0.4052631578947368,-2.4431869983673096,-2.905982732772827,-1.9687310457229614,-1.3532061576843262,0.9864491820335388,tight,nan,0.8681640625,0.109375,0.1015625,0.0,none,v3_t-differences_c-none_d-mixed_a-concrete_p-tight_s-02,mixed,98.91727256774902,20.2656192779541,0.180123404363656,-0.2060554321264119,transformer,1.0,1.0,2,0.001,0.0002575033577159047,0.0002575033577159047,0.0,0.0,0.0,0.0,1.0,0.219,-1.9231550693511963,0.9399863481521606,nan,700,0.614543080329895,0.17578125,0.18116642534732819,28097.0,52.86830294399149,0.31540269084653144,0.8846289308413673,0.985,-1.4043228580693201,0.167,0.1,nan,2,0.999,1.0,1.0,0.9942196531791907,1.0,1.0,1.0,1.0,0.9999839067459106,1.0,1.0,0.9999090433120728,0.9998569488525391,0.9984914660453796,1.0,1.0,0.9912797212600708,0.9991258382797241,10000,10000,differences,"[1, 2, 3, 4, 5, 6, 7, 8, 9, 10, 11, 12, 13, 14, 15, 16, 17]",0.0,32
concrete,256,0.226,0.06814580031695722,0.4134078212290503,0.5736842105263158,-1.949354887008667,-2.5591976642608643,-1.2465548515319824,-0.5861462354660034,0.9564725160598755,tight,nan,0.748046875,0.14453125,0.1171875,0.0,none,v3_t-differences_c-none_d-mixed_a-concrete_p-tight_s-03,mixed,82.38050031661987,19.740034103393555,0.25735954286441826,-0.05140173912095722,transformer,1.0,1.0,2,0.001,0.0008483781712129712,0.0008483781712129712,0.0,0.0,0.0,0.0,1.0,0.145,-2.096047878265381,0.9242429733276367,nan,700,0.7542535066604614,0.18359375,0.1877235770225525,28097.0,53.75599806612148,0.32069851867871574,0.8970132554386462,0.969,-0.377218565896293,0.54,0.1,nan,3,0.999,1.0,1.0,0.9942196531791907,1.0,1.0,1.0,1.0,0.9997308254241943,1.0,1.0,0.9984790086746216,0.999533474445343,0.9988807439804077,1.0,1.0,0.9935302734375,0.9991826415061951,10000,10000,differences,"[1, 2, 3, 4, 5, 6, 7, 8, 9, 10, 11, 12, 13, 14, 15, 16, 17]",0.0,32
concrete,256,0.172,0.08557844690966719,0.22905027932960895,0.4052631578947368,-2.2408480644226074,-2.5916032791137695,-1.9942231178283691,-1.3083186149597168,0.9777042269706726,tight,nan,0.7978515625,0.21484375,0.19921875,0.0,none,v3_t-differences_c-none_d-mixed_a-concrete_p-tight_s-04,mixed,83.54122543334961,19.51872444152832,0.16119798964097776,-0.15461892848028577,transformer,1.0,1.0,2,0.001,0.0011831875890493393,0.0011831875890493393,0.0,0.0,0.0,0.0,1.0,0.262,-1.717414379119873,0.931551992893219,nan,400,0.6241528391838074,0.236328125,0.23778988420963287,28097.0,52.08044632860295,0.31070248140803225,0.9386774037490241,0.974,-2.0757053228606073,0.122,0.1,nan,4,0.997,1.0,1.0,0.9826589595375722,1.0,1.0,1.0,1.0,0.9995482563972473,1.0,1.0,0.9974479079246521,0.9991336464881897,0.9924569725990295,1.0,1.0,0.9563987851142883,0.998511791229248,10000,10000,differences,"[1, 2, 3, 4, 5, 6, 7, 8, 9, 10, 11, 12, 13, 14, 15, 16, 17]",0.0,32
concrete,256,0.032,0.001584786053882726,0.0111731843575419,0.15263157894736842,-2.851106882095337,-2.9935836791992188,-2.9271936416625977,-2.30625319480896,0.9931709170341492,tight,nan,0.9365234375,0.015625,0.015625,0.0,none,v3_t-differences_c-none_d-mixed_a-concrete_p-tight_s-05,mixed,98.87183427810669,19.872556686401367,0.14336945968011114,-0.3349983168364033,transformer,1.0,1.0,2,0.001,9.47793887462467e-05,9.47793887462467e-05,0.0,0.0,0.0,0.0,1.0,0.122,-2.36226224899292,0.9617414474487305,nan,700,0.9022456407546997,0.044921875,0.04692097008228302,28097.0,50.64756323532815,0.30215416118360294,0.8845980850905171,0.98,-2.7284913670135986,0.035,0.1,nan,5,1.0,1.0,1.0,1.0,1.0,1.0,1.0,1.0,0.9998630285263062,1.0,1.0,0.9992258548736572,0.9996659159660339,0.9990456700325012,1.0,1.0,0.994483470916748,0.9989159107208252,10000,10000,differences,"[1, 2, 3, 4, 5, 6, 7, 8, 9, 10, 11, 12, 13, 14, 15, 16, 17]",0.0,32
concrete,256,0.459,0.2393026941362916,0.8044692737430168,0.8631578947368421,-1.0940086841583252,-1.95960533618927,0.2863970994949341,0.48019665479660034,0.9724357724189758,moderate,nan,0.5244140625,0.43359375,0.39453125,0.0,none,v3_t-differences_c-none_d-mixed_a-concrete_p-moderate_s-00,mixed,85.91871762275696,28.45952796936035,0.18357959150115433,0.03705490558319055,transformer,1.0,1.0,2,0.001,5.021541255700868e-06,5.021541255700868e-06,0.0,0.0,0.0,0.0,1.0,0.466,-0.8371960520744324,0.898140013217926,nan,400,0.7001723051071167,0.224609375,0.21565359830856323,105345.0,73.55277574281818,0.2266168002093066,0.9311257373827887,0.961,-0.8758390377343872,0.495,0.1,nan,0,1.0,1.0,1.0,1.0,1.0,1.0,1.0,1.0,0.9999991655349731,1.0,1.0,0.999995231628418,0.9999746084213257,1.0,1.0,1.0,0.9999998211860657,0.9999904632568359,10000,10000,differences,"[1, 2, 3, 4, 5, 6, 7, 8, 9, 10, 11, 12, 13, 14, 15, 16, 17]",0.0,64
concrete,256,0.657,0.6846275752773375,0.5921787709497207,0.6263157894736842,-0.16875261068344116,-0.024278806522488594,-0.447697252035141,-0.38576245307922363,0.9161126613616943,moderate,nan,0.333984375,0.60546875,0.62890625,0.0,none,v3_t-differences_c-none_d-mixed_a-concrete_p-moderate_s-01,mixed,65.19675469398499,29.530311584472656,0.15191306000072474,-0.07670675141963626,transformer,1.0,1.0,2,0.001,0.000224907707888633,0.000224907707888633,0.0,0.0,0.0,0.0,1.0,0.32,-1.1663957834243774,0.8456642627716064,nan,400,0.7404704093933105,0.3984375,0.377000629901886,105345.0,74.59803059780972,0.22983724033884928,0.9561959310884554,0.968,-0.22664580952238778,0.464,0.1,nan,1,1.0,1.0,1.0,1.0,1.0,1.0,1.0,1.0,0.9993703365325928,1.0,1.0,0.9964427351951599,0.9995412826538086,0.9999173879623413,1.0,1.0,0.99952232837677,0.9997761249542236,10000,10000,differences,"[1, 2, 3, 4, 5, 6, 7, 8, 9, 10, 11, 12, 13, 14, 15, 16, 17]",0.0,64
concrete,256,0.436,0.4405705229793978,0.41899441340782123,0.4368421052631579,-1.1927506923675537,-1.1879911422729492,-1.2870187759399414,-1.1197466850280762,0.9771530628204346,moderate,nan,0.5625,0.4921875,0.37109375,0.0,none,v3_t-differences_c-none_d-mixed_a-concrete_p-moderate_s-02,mixed,89.28768920898438,28.857479095458984,0.2073540545681965,0.01106940280893208,transformer,1.0,1.0,2,0.001,0.0013436446897685528,0.0013436446897685528,0.0,0.0,0.0,0.0,1.0,0.375,-0.9911825656890869,0.8439586162567139,nan,400,0.22810031473636627,0.537109375,0.5428775548934937,105345.0,74.12016212275769,0.22836492303139858,0.9612340920348442,0.974,0.08570695793564154,0.681,0.1,nan,2,1.0,1.0,1.0,1.0,1.0,1.0,1.0,1.0,0.9999518394470215,1.0,1.0,0.9997279047966003,0.999757707118988,0.999589204788208,1.0,1.0,0.9976257085800171,0.9995436072349548,10000,10000,differences,"[1, 2, 3, 4, 5, 6, 7, 8, 9, 10, 11, 12, 13, 14, 15, 16, 17]",0.0,64
concrete,256,0.931,0.8969889064976229,1.0,0.9789473684210527,0.7475680112838745,0.6222647428512573,1.0,0.9258891940116882,0.9910877346992493,moderate,1.0,0.06640625,0.94140625,0.94140625,1.0,none,v3_t-differences_c-none_d-mixed_a-concrete_p-moderate_s-03,mixed,91.42704844474792,28.93828010559082,0.2651126644461781,0.089568681884968,transformer,1.0,1.0,2,0.001,0.0022576372139155865,0.0022576372139155865,0.0,0.0,0.0,0.0,1.0,0.54,-0.5353943705558777,0.8760367631912231,6600,400,0.7994261980056763,0.138671875,0.13585716485977173,105345.0,74.85824103519256,0.2306389511662822,0.9575403126444646,0.96,0.6742623847891479,0.921,0.1,7000,3,0.996,1.0,1.0,0.976878612716763,0.999,1.0,1.0,0.9943502824858758,0.9959909915924072,1.0,1.0,0.977350115776062,0.9995878338813782,0.9876201748847961,1.0,1.0,0.928440511226654,0.9992928504943848,10000,10000,differences,"[1, 2, 3, 4, 5, 6, 7, 8, 9, 10, 11, 12, 13, 14, 15, 16, 17]",0.0,64
concrete,256,0.992,1.0,1.0,0.9578947368421052,0.9702565670013428,1.0,1.0,0.8434556126594543,0.997894287109375,moderate,1.0,0.0048828125,0.9921875,0.9921875,1.0,none,v3_t-differences_c-none_d-mixed_a-concrete_p-moderate_s-04,mixed,91.07974767684937,29.571517944335938,0.2606299800211514,0.06821118577274822,transformer,1.0,1.0,2,0.001,0.0003333031199872494,0.0003333031199872494,0.0,0.0,0.0,0.0,1.0,0.491,-0.8066403865814209,0.91054368019104,300,400,0.9693635702133179,0.01953125,0.017626499757170677,105345.0,74.65403425802324,0.23000978814754072,0.980737948588645,0.995,0.9184193158932052,0.946,0.1,700,4,1.0,1.0,1.0,1.0,1.0,1.0,1.0,1.0,0.9998870491981506,1.0,1.0,0.9993616342544556,0.9997360706329346,0.9999992847442627,1.0,1.0,0.9999955892562866,0.9999544620513916,10000,10000,differences,"[1, 2, 3, 4, 5, 6, 7, 8, 9, 10, 11, 12, 13, 14, 15, 16, 17]",0.0,64
concrete,256,0.184,0.11568938193343899,0.30726256983240224,0.29473684210526313,-2.2571728229522705,-2.5295681953430176,-1.758583664894104,-1.8222569227218628,0.9961541891098022,moderate,nan,0.8515625,0.15234375,0.15234375,0.0,none,v3_t-differences_c-none_d-mixed_a-concrete_p-moderate_s-05,mixed,70.23546862602234,29.104045867919922,0.10978206851730944,-0.12757836608793072,transformer,1.0,1.0,2,0.001,4.88663135911338e-06,4.88663135911338e-06,0.0,0.0,0.0,0.0,1.0,0.083,-2.522418975830078,0.96717369556427,nan,400,0.65383380651474,0.189453125,0.1934323012828827,105345.0,72.97968868188977,0.22485111353497828,0.9883777012826868,0.994,-1.2171443038072227,0.241,0.1,nan,5,1.0,1.0,1.0,1.0,1.0,1.0,1.0,1.0,0.9999979138374329,1.0,1.0,0.9999882578849792,0.999961256980896,0.9999991059303284,1.0,1.0,0.9999946355819702,0.9999610781669617,10000,10000,differences,"[1, 2, 3, 4, 5, 6, 7, 8, 9, 10, 11, 12, 13, 14, 15, 16, 17]",0.0,64
concrete,256,0.995,1.0,1.0,0.9736842105263158,0.9804602265357971,1.0,1.0,0.8971590399742126,0.9975069761276245,wide,1.003968253968254,0.0078125,0.99609375,0.9921875,1.0,none,v3_t-differences_c-none_d-mixed_a-concrete_p-wide_s-00,mixed,82.12421441078186,37.53089904785156,0.15344904800464018,-0.08036853170830932,transformer,1.0,1.0,2,0.001,4.888576950179413e-05,4.888576950179413e-05,0.0,0.0,0.0,0.0,1.0,0.446,-0.7423762083053589,0.8557958006858826,3600,400,0.9775198101997375,0.001953125,0.0047211721539497375,407297.0,106.10933562795303,0.16626391007652,0.9704164312488474,0.983,0.5529211107258734,0.846,0.1,4000,0,0.999,1.0,1.0,0.9942196531791907,1.0,1.0,1.0,1.0,0.9991557598114014,1.0,1.0,0.9952303171157837,0.9990509152412415,0.9961243867874146,1.0,1.0,0.9775978922843933,0.9995484352111816,10000,10000,differences,"[1, 2, 3, 4, 5, 6, 7, 8, 9, 10, 11, 12, 13, 14, 15, 16, 17]",0.0,128
concrete,256,0.987,1.0,1.0,0.9315789473684211,0.9557271599769592,1.0,0.9999997615814209,0.766985297203064,0.9968791007995605,wide,0.9919678714859438,0.0234375,0.98828125,0.99609375,1.0,none,v3_t-differences_c-none_d-mixed_a-concrete_p-wide_s-01,mixed,88.82308268547058,37.048892974853516,0.1365485759954936,0.023554056632013487,transformer,1.0,1.0,2,0.001,0.00010663256398402154,0.00010663256398402154,0.0,0.0,0.0,0.0,1.0,0.199,-1.8147715330123901,0.8967474102973938,6600,400,0.964186429977417,0.0390625,0.038134485483169556,407297.0,108.0706184006405,0.16933706608699672,0.9600484062997335,0.972,0.8848554628251685,0.929,0.1,7000,1,0.999,1.0,1.0,0.9942196531791907,0.999,1.0,1.0,0.9943502824858758,0.9951609969139099,1.0,1.0,0.9726608991622925,0.9984683990478516,0.9983798861503601,1.0,1.0,0.9906352758407593,0.9987249970436096,10000,10000,differences,"[1, 2, 3, 4, 5, 6, 7, 8, 9, 10, 11, 12, 13, 14, 15, 16, 17]",0.0,128
concrete,256,0.175,0.10301109350237718,0.25139664804469275,0.34210526315789475,-2.2621781826019287,-2.563239097595215,-1.922111988067627,-1.5827170610427856,0.9889230728149414,wide,nan,0.84375,0.1875,0.18359375,0.0,none,v3_t-differences_c-none_d-mixed_a-concrete_p-wide_s-02,mixed,86.44502353668213,37.33990478515625,0.1561902668253607,-0.008442456370971345,transformer,1.0,1.0,2,0.001,0.004182370845228434,0.004182370845228434,0.0,0.0,0.0,0.0,1.0,0.239,-1.74851655960083,0.9191884994506836,nan,400,0.6865568161010742,0.2734375,0.2727876305580139,407297.0,106.61068517291756,0.1670494803109163,0.9842457905927884,0.987,-1.2907403076803012,0.256,0.1,nan,2,0.997,1.0,1.0,0.9826589595375722,1.0,1.0,1.0,1.0,0.9984040260314941,1.0,0.9999977350234985,0.9909861087799072,0.9981114864349365,0.9922661185264587,1.0,1.0,0.9552954435348511,0.9977658987045288,10000,10000,differences,"[1, 2, 3, 4, 5, 6, 7, 8, 9, 10, 11, 12, 13, 14, 15, 16, 17]",0.0,128
concrete,256,0.985,0.9904912836767037,0.994413407821229,0.9578947368421052,0.9451526999473572,0.9600015878677368,0.9823112487792969,0.8608316779136658,0.9875204563140869,wide,0.9762845849802372,0.0078125,0.97265625,0.99609375,1.0,none,v3_t-differences_c-none_d-mixed_a-concrete_p-wide_s-03,mixed,93.83773469924927,37.62413787841797,0.17630482976447065,-0.00036639769853382635,transformer,1.0,1.0,2,0.001,0.0013004573993384838,0.0013004573993384838,0.0,0.0,0.0,0.0,1.0,0.44,-0.6918542385101318,0.8673418164253235,3600,400,0.9308951497077942,0.03125,0.04759526625275612,407297.0,107.40238424124281,0.1682900024753866,0.9643936192916533,0.976,0.701202286403013,0.923,0.1,4000,3,1.0,1.0,1.0,1.0,0.999,1.0,1.0,0.9943502824858758,0.9969741106033325,1.0,0.9999998211860657,0.9829046130180359,0.998931348323822,0.9988380074501038,1.0,1.0,0.9932835102081299,0.9984223246574402,10000,10000,differences,"[1, 2, 3, 4, 5, 6, 7, 8, 9, 10, 11, 12, 13, 14, 15, 16, 17]",0.0,128
concrete,256,0.923,0.9619651347068146,0.8715083798882681,0.8421052631578947,0.7298262715339661,0.8752480149269104,0.5479062795639038,0.41826117038726807,0.981529176235199,wide,1.0185185185185186,0.078125,0.9375,0.921875,1.0,none,v3_t-differences_c-none_d-mixed_a-concrete_p-wide_s-04,mixed,99.24353814125061,37.47550582885742,0.19134097883892284,0.05547917414272753,transformer,1.0,1.0,2,0.001,0.00021905486937612295,0.00021905486937612295,0.0,0.0,0.0,0.0,1.0,0.461,-1.0051182508468628,0.9507214426994324,1600,400,0.8734056353569031,0.123046875,0.12635740637779236,407297.0,107.79971184961553,0.16891257956870692,0.9635057267310545,0.98,-0.15773336097005863,0.522,0.1,2000,4,1.0,1.0,1.0,1.0,1.0,1.0,1.0,1.0,0.9999992847442627,1.0,1.0,0.999995768070221,0.9999514222145081,0.999950647354126,1.0,1.0,0.9997148513793945,0.9997013807296753,10000,10000,differences,"[1, 2, 3, 4, 5, 6, 7, 8, 9, 10, 11, 12, 13, 14, 15, 16, 17]",0.0,128
concrete,256,0.24,0.1648177496038035,0.31843575418994413,0.41578947368421054,-1.8817360401153564,-2.192878007888794,-1.5706204175949097,-1.1415209770202637,0.9545325636863708,wide,nan,0.7587890625,0.28125,0.2578125,0.0,none,v3_t-differences_c-none_d-mixed_a-concrete_p-wide_s-05,mixed,92.34979009628296,38.17528533935547,0.09602940380569126,-0.07227182750066088,transformer,1.0,1.0,2,0.001,0.0004942985251545906,0.0004942985251545906,0.0,0.0,0.0,0.0,1.0,0.121,-2.32855224609375,0.9473348259925842,nan,400,0.8240542411804199,0.18359375,0.1965148150920868,407297.0,105.74466720615195,0.1656925070295471,0.9582604646866894,0.973,-1.5340492555539749,0.325,0.1,nan,5,0.996,1.0,1.0,0.976878612716763,1.0,1.0,1.0,1.0,0.998950183391571,1.0,1.0,0.9940689206123352,0.9987100958824158,0.9895932078361511,1.0,1.0,0.939845085144043,0.9966675043106079,10000,10000,differences,"[1, 2, 3, 4, 5, 6, 7, 8, 9, 10, 11, 12, 13, 14, 15, 16, 17]",0.0,128
invariant,256,0.203,0.10142630744849446,0.2905027932960894,0.45789473684210524,-2.165402889251709,-2.590083360671997,-1.7835800647735596,-1.1147345304489136,0.9933178424835205,tight,nan,0.80078125,0.234375,0.23046875,0.0,none,v3_t-differences_c-none_d-mixed_a-invariant_p-tight_s-00,mixed,68.38082981109619,19.915273666381836,0.14475731332524872,-0.3793299999781876,transformer,1.0,1.0,2,0.001,0.0007761064334772527,0.0006190569256432354,0.00015704950783401728,0.0,0.0,0.0,1.0,0.138,-2.3532049655914307,0.9743229746818542,nan,700,0.5217942595481873,0.26953125,0.2661566734313965,28097.0,52.9708199687523,0.316014288792117,0.936548679376517,0.98,-1.298706314238507,0.171,0.1,nan,0,1.0,1.0,1.0,1.0,1.0,1.0,1.0,1.0,0.999789297580719,1.0,1.0,0.9988095760345459,0.999543309211731,0.999039888381958,1.0,1.0,0.9944503903388977,0.999417245388031,10000,10000,differences,"[1, 2, 3, 4, 5, 6, 7, 8, 9, 10, 11, 12, 13, 14, 15, 16, 17]",0.0,32
invariant,256,0.163,0.10142630744849446,0.19553072625698323,0.3368421052631579,-2.2967653274536133,-2.5806636810302734,-2.134758472442627,-1.5065510272979736,0.9845930337905884,tight,nan,0.8232421875,0.16015625,0.1484375,0.0,none,v3_t-differences_c-none_d-mixed_a-invariant_p-tight_s-01,mixed,88.7469711303711,20.31188201904297,0.17599740779957967,-0.12101511033829193,transformer,1.0,1.0,2,0.001,0.06461995840072632,0.046121206134557724,0.018498754128813744,0.0,0.0,0.0,1.0,0.177,-1.9935158491134644,0.926497220993042,nan,700,0.5759618282318115,0.3046875,0.29242822527885437,28097.0,53.973490268898146,0.3219960376489496,0.9451945967005193,0.987,-1.153279890606179,0.161,0.1,nan,1,0.997,1.0,1.0,0.9826589595375722,0.997,1.0,1.0,0.9830508474576272,0.994040310382843,0.9999786615371704,1.0,0.9664042592048645,0.9979191422462463,0.9938400983810425,0.9999996423721313,0.9999999403953552,0.9643949866294861,0.9977825880050659,10000,10000,differences,"[1, 2, 3, 4, 5, 6, 7, 8, 9, 10, 11, 12, 13, 14, 15, 16, 17]",0.0,32
invariant,256,0.31,0.21077654516640254,0.41899441340782123,0.5368421052631579,-1.6415036916732788,-2.066671848297119,-1.145501971244812,-0.6967836022377014,0.9688875675201416,tight,nan,0.630859375,0.31640625,0.28125,0.0,none,v3_t-differences_c-none_d-mixed_a-invariant_p-tight_s-02,mixed,102.62101483345032,20.13878631591797,0.20627277988078946,-0.15309615366421508,transformer,1.0,1.0,2,0.001,9.174380829790607e-05,9.06803979887627e-05,1.0634089449013118e-06,0.0,0.0,0.0,1.0,0.363,-1.338267207145691,0.9176866412162781,nan,700,0.45911121368408203,0.41796875,0.4083646833896637,28097.0,52.806122165439106,0.31503173161799086,0.9329478080645156,0.978,-0.8383160620406269,0.334,0.1,nan,2,0.997,1.0,1.0,0.9826589595375722,0.999,1.0,1.0,0.9943502824858758,0.9986404776573181,1.0,1.0,0.9923191666603088,0.9990894794464111,0.9919683933258057,1.0,0.9999998211860657,0.9535748362541199,0.9974938631057739,10000,10000,differences,"[1, 2, 3, 4, 5, 6, 7, 8, 9, 10, 11, 12, 13, 14, 15, 16, 17]",0.0,32
invariant,256,0.072,0.003169572107765452,0.05027932960893855,0.32105263157894737,-2.631603479385376,-2.9707579612731934,-2.654189348220825,-1.4839749336242676,0.980056881904602,tight,nan,0.900390625,0.09765625,0.08984375,0.0,none,v3_t-differences_c-none_d-mixed_a-invariant_p-tight_s-03,mixed,58.991827964782715,19.964859008789062,0.24021187716094206,-0.0305308806496803,transformer,1.0,1.0,2,0.001,0.03398875892162323,0.0228441022336483,0.01114465482532978,0.0,0.0,0.0,1.0,0.119,-2.2619574069976807,0.9394495487213135,nan,700,0.8320288062095642,0.1171875,0.11753499507904053,28097.0,53.6809401513634,0.3202507367949449,0.9023334688812272,0.96,0.3509276359515129,0.83,0.1,nan,3,0.999,1.0,1.0,0.9942196531791907,0.998,1.0,1.0,0.9887005649717514,0.9943787455558777,1.0,1.0,0.9682414531707764,0.9993571639060974,0.9972267746925354,1.0,1.0,0.9839696884155273,0.998960018157959,10000,10000,differences,"[1, 2, 3, 4, 5, 6, 7, 8, 9, 10, 11, 12, 13, 14, 15, 16, 17]",0.0,32
invariant,256,0.09,0.009508716323296355,0.09497206703910614,0.3526315789473684,-2.619805097579956,-2.9572815895080566,-2.562418222427368,-1.5530933141708374,0.9913796186447144,tight,nan,0.912109375,0.1015625,0.1015625,0.0,none,v3_t-differences_c-none_d-mixed_a-invariant_p-tight_s-04,mixed,92.72341346740723,19.461149215698242,0.16410760759255527,-0.15892198966845736,transformer,1.0,1.0,2,0.001,0.0015033811796456575,0.0012018101988360286,0.0003015710099134594,0.0,0.0,0.0,1.0,0.339,-1.4057995080947876,0.9214220643043518,nan,400,0.8127774000167847,0.115234375,0.11462319642305374,28097.0,52.18613809734803,0.3113330192994762,0.9334727224696309,0.983,-2.293719178776428,0.068,0.1,nan,4,1.0,1.0,1.0,1.0,1.0,1.0,1.0,1.0,0.9998204112052917,1.0,1.0,0.998985230922699,0.9996339678764343,0.9997374415397644,1.0,1.0,0.9984822273254395,0.9994474053382874,10000,10000,differences,"[1, 2, 3, 4, 5, 6, 7, 8, 9, 10, 11, 12, 13, 14, 15, 16, 17]",0.0,32
invariant,256,0.342,0.20443740095087162,0.5139664804469274,0.6368421052631579,-1.5249336957931519,-2.1159775257110596,-0.7579654455184937,-0.2846106290817261,0.9654024243354797,tight,nan,0.6298828125,0.34765625,0.25390625,0.0,none,v3_t-differences_c-none_d-mixed_a-invariant_p-tight_s-05,mixed,58.69602656364441,19.76127052307129,0.24352109769814867,-0.11252106376246909,transformer,1.0,1.0,2,0.001,0.0033999881707131863,0.002091817557811737,0.0013081706129014492,0.0,0.0,0.0,1.0,0.156,-2.2557125091552734,0.9655219912528992,nan,700,0.6137559413909912,0.287109375,0.2871151864528656,28097.0,50.50127299278873,0.30128142017297505,0.8907803193591823,0.976,-0.6326122071828433,0.46,0.1,nan,5,0.994,1.0,1.0,0.9653179190751445,0.999,1.0,1.0,0.9943502824858758,0.9965952038764954,1.0,1.0,0.980763852596283,0.9998538494110107,0.9861013293266296,1.0,1.0,0.9196606278419495,0.9978293180465698,10000,10000,differences,"[1, 2, 3, 4, 5, 6, 7, 8, 9, 10, 11, 12, 13, 14, 15, 16, 17]",0.0,32
invariant,256,0.158,0.006339144215530904,0.21787709497206703,0.6052631578947368,-2.2582948207855225,-2.965226650238037,-1.8914611339569092,-0.25613346695899963,0.97029709815979,moderate,nan,0.80859375,0.17578125,0.140625,0.0,none,v3_t-differences_c-none_d-mixed_a-invariant_p-moderate_s-00,mixed,93.11707425117493,28.473745346069336,0.1669772760511154,-0.04750386312903621,transformer,1.0,1.0,2,0.001,0.0003342315903864801,0.0003090735408477485,2.5158064090646803e-05,0.0,0.0,0.0,1.0,0.128,-2.107156276702881,0.9090456962585449,nan,400,0.9102416038513184,0.1171875,0.10211671888828278,105345.0,73.89537327083464,0.2276723464449806,0.9256200023795713,0.962,-2.205015184193818,0.166,0.1,nan,0,0.999,1.0,1.0,0.9942196531791907,1.0,1.0,1.0,1.0,0.999276876449585,1.0,1.0,0.9959141612052917,0.9991742968559265,0.9965816736221313,1.0,1.0,0.9802405834197998,0.9993546009063721,10000,10000,differences,"[1, 2, 3, 4, 5, 6, 7, 8, 9, 10, 11, 12, 13, 14, 15, 16, 17]",0.0,64
invariant,256,0.303,0.2900158478605388,0.25139664804469275,0.39473684210526316,-1.6973644495010376,-1.7412190437316895,-1.9458096027374268,-1.3176593780517578,0.9728178977966309,moderate,nan,0.65234375,0.3046875,0.2890625,0.0,none,v3_t-differences_c-none_d-mixed_a-invariant_p-moderate_s-01,mixed,58.9574236869812,29.548648834228516,0.10322830987839886,-0.16554658145523493,transformer,1.0,1.0,2,0.001,0.00010952838783850893,0.00010693410877138376,2.594280886114575e-06,0.0,0.0,0.0,1.0,0.233,-1.5934706926345825,0.8679834008216858,nan,400,0.14397457242012024,0.521484375,0.5184640884399414,105345.0,75.10248265325373,0.23139146190981277,0.9495996990479563,0.972,-2.1055203150185697,0.094,0.1,nan,1,0.999,1.0,1.0,0.9942196531791907,1.0,1.0,1.0,1.0,0.9986504912376404,1.0,1.0,0.9923754334449768,0.99847412109375,0.9984623789787292,1.0,1.0,0.9911121726036072,0.9992796778678894,10000,10000,differences,"[1, 2, 3, 4, 5, 6, 7, 8, 9, 10, 11, 12, 13, 14, 15, 16, 17]",0.0,64
invariant,256,0.445,0.4120443740095087,0.5363128491620112,0.46842105263157896,-1.1051969528198242,-1.2331115007400513,-0.7949583530426025,-0.972663164138794,0.9586547613143921,moderate,nan,0.5419921875,0.47265625,0.37890625,0.0,none,v3_t-differences_c-none_d-mixed_a-invariant_p-moderate_s-02,mixed,91.70993947982788,28.867095947265625,0.21363227267166232,0.030418121509332895,transformer,1.0,1.0,2,0.001,0.0006067879730835557,0.0005485191941261292,5.826877531944774e-05,0.0,0.0,0.0,1.0,0.165,-1.8992077112197876,0.8950899839401245,nan,400,0.24441121518611908,0.6640625,0.6475504636764526,105345.0,74.27545547410848,0.22884338332091841,0.952098843606046,0.972,0.02172975487012585,0.552,0.1,nan,2,1.0,1.0,1.0,1.0,0.999,1.0,1.0,0.9943502824858758,0.9974393248558044,1.0,1.0,0.9855327606201172,0.9994311332702637,0.9987077713012695,1.0,1.0,0.9925304055213928,0.9986110925674438,10000,10000,differences,"[1, 2, 3, 4, 5, 6, 7, 8, 9, 10, 11, 12, 13, 14, 15, 16, 17]",0.0,64
invariant,256,0.738,0.6418383518225039,0.9553072625698324,0.8526315789473684,0.04990943893790245,-0.3221059739589691,0.8548786044120789,0.5270264744758606,0.9683108925819397,moderate,nan,0.265625,0.74609375,0.51953125,0.0,none,v3_t-differences_c-none_d-mixed_a-invariant_p-moderate_s-03,mixed,95.21745729446411,29.008092880249023,0.2582103349651095,0.0701690964271605,transformer,1.0,1.0,2,0.001,0.00022305229504127055,0.00022024335339665413,2.8089448278478812e-06,0.0,0.0,0.0,1.0,0.484,-0.7399264574050903,0.8609641194343567,nan,400,0.6101648211479187,0.314453125,0.3148871064186096,105345.0,74.99044955143852,0.2310462868597282,0.9666063502996571,0.965,0.08506571172624144,0.724,0.1,nan,3,1.0,1.0,1.0,1.0,1.0,1.0,1.0,1.0,0.9996175765991211,1.0,1.0,0.997839093208313,0.9994170665740967,0.9999784231185913,1.0,1.0,0.999875009059906,0.9997342824935913,10000,10000,differences,"[1, 2, 3, 4, 5, 6, 7, 8, 9, 10, 11, 12, 13, 14, 15, 16, 17]",0.0,64
invariant,256,0.996,1.0,1.0,0.9789473684210527,0.9880591034889221,1.0,1.0,0.9371530413627625,0.9969620108604431,moderate,1.0,0.0,0.9921875,0.9921875,1.0,none,v3_t-differences_c-none_d-mixed_a-invariant_p-moderate_s-04,mixed,108.09683036804199,29.59600067138672,0.2567397196150103,0.0563774496558644,transformer,1.0,1.0,2,0.001,0.00019710026390384883,0.0001962230307981372,8.772382784627553e-07,0.0,0.0,0.0,1.0,0.175,-1.7755024433135986,0.8793017864227295,600,400,0.9870986342430115,0.0078125,0.0083503108471632,105345.0,74.45783879091547,0.22940530805114037,0.9650351310111692,0.993,0.9278373726545843,0.971,0.1,1000,4,0.999,1.0,1.0,0.9942196531791907,0.998,1.0,1.0,0.9887005649717514,0.9965999722480774,1.0,1.0,0.980790913105011,0.998461127281189,0.9981399178504944,1.0,1.0,0.9892479181289673,0.9989826679229736,10000,10000,differences,"[1, 2, 3, 4, 5, 6, 7, 8, 9, 10, 11, 12, 13, 14, 15, 16, 17]",0.0,64
invariant,256,0.089,0.01901743264659271,0.12290502793296089,0.2894736842105263,-2.631049394607544,-2.9238131046295166,-2.454378366470337,-1.8252084255218506,0.9958276152610779,moderate,nan,0.923828125,0.0625,0.0625,0.0,none,v3_t-differences_c-none_d-mixed_a-invariant_p-moderate_s-05,mixed,86.56017231941223,29.006898880004883,0.11191542392708502,-0.12369810954596644,transformer,1.0,1.0,2,0.001,2.1534775441978127e-05,2.1393447241280228e-05,1.4132848491499317e-07,0.0,0.0,0.0,1.0,0.072,-2.484391212463379,0.950620710849762,nan,400,0.829497754573822,0.091796875,0.09014134109020233,105345.0,72.9549502926368,0.2247748943228789,0.9875985083274919,0.995,-1.9361046385812162,0.11,0.1,nan,5,1.0,1.0,1.0,1.0,1.0,1.0,1.0,1.0,1.0,1.0,1.0,1.0,0.9999953508377075,1.0,1.0,1.0,0.9999999403953552,0.9999918341636658,10000,10000,differences,"[1, 2, 3, 4, 5, 6, 7, 8, 9, 10, 11, 12, 13, 14, 15, 16, 17]",0.0,64
invariant,256,0.49,0.33914421553090335,0.7262569832402235,0.7684210526315789,-0.9399641752243042,-1.495293140411377,-0.09336449205875397,0.1067264974117279,0.964859664440155,wide,nan,0.4453125,0.42578125,0.3203125,0.0,none,v3_t-differences_c-none_d-mixed_a-invariant_p-wide_s-00,mixed,73.40052723884583,37.53440475463867,0.16258595523618705,-0.07121184953171386,transformer,1.0,1.0,2,0.001,0.0015689458232373,0.0012947607319802046,0.0002741850330494344,0.0,0.0,0.0,1.0,0.902,0.7069538235664368,0.9290916919708252,600,400,0.5682519674301147,0.2890625,0.29218703508377075,407297.0,108.15623809800145,0.16947122455268268,0.9688472414137363,0.971,0.03600842748365796,0.626,0.1,1000,0,0.998,1.0,1.0,0.9884393063583815,0.999,1.0,1.0,0.9943502824858758,0.9964630007743835,0.9999786615371704,1.0,0.9800925254821777,0.998167872428894,0.995238184928894,0.9999772906303406,1.0,0.9725610613822937,0.9973884224891663,10000,10000,differences,"[1, 2, 3, 4, 5, 6, 7, 8, 9, 10, 11, 12, 13, 14, 15, 16, 17]",0.0,128
invariant,256,0.399,0.2266244057052298,0.664804469273743,0.7210526315789474,-1.3609672784805298,-2.067242383956909,-0.3289194107055664,0.012312231585383415,0.9804128408432007,wide,nan,0.6552734375,0.39453125,0.37890625,0.0,none,v3_t-differences_c-none_d-mixed_a-invariant_p-wide_s-01,mixed,103.84181904792786,36.975643157958984,0.14150910947258036,0.012412575536382878,transformer,1.0,1.0,2,0.001,0.0005350717692635953,0.0004960232763551176,3.90485001844354e-05,0.0,0.0,0.0,1.0,0.217,-1.6886723041534424,0.8904650807380676,nan,400,0.5704625844955444,0.349609375,0.3482053577899933,407297.0,107.69389311450823,0.16874677100385096,0.9575308882691586,0.972,0.3219473725195129,0.875,0.1,nan,1,0.998,1.0,1.0,0.9884393063583815,0.999,1.0,1.0,0.9943502824858758,0.9978979229927063,1.0,1.0,0.9881237745285034,0.9991216659545898,0.9939852356910706,1.0,1.0,0.9652327299118042,0.9990476965904236,10000,10000,differences,"[1, 2, 3, 4, 5, 6, 7, 8, 9, 10, 11, 12, 13, 14, 15, 16, 17]",0.0,128
invariant,256,0.986,1.0,1.0,0.9263157894736842,0.950363039970398,1.0,0.9999468326568604,0.7388027906417847,0.9976257085800171,wide,1.0,0.015625,0.98828125,0.98828125,1.0,none,v3_t-differences_c-none_d-mixed_a-invariant_p-wide_s-02,mixed,89.0578043460846,36.80016326904297,0.23292273379323633,0.08309089764797613,transformer,1.0,1.0,2,0.001,5.240898190095322e-06,5.240164682618342e-06,7.333248452923158e-10,0.0,0.0,0.0,1.0,0.675,-0.055947355926036835,0.8784704804420471,1600,400,0.9740474820137024,0.01171875,0.01415873784571886,407297.0,106.93938587530603,0.16756452513426368,0.9725577027767616,0.977,0.8889160357807221,0.943,0.1,2000,2,0.999,1.0,1.0,0.9942196531791907,0.999,1.0,1.0,0.9943502824858758,0.9986118078231812,1.0,1.0,0.9921571612358093,0.9991645216941833,0.99595046043396,1.0,1.0,0.9765923023223877,0.9996849894523621,10000,10000,differences,"[1, 2, 3, 4, 5, 6, 7, 8, 9, 10, 11, 12, 13, 14, 15, 16, 17]",0.0,128
invariant,256,0.802,0.7606973058637084,0.9273743016759777,0.8210526315789474,0.2693777084350586,0.12042088806629181,0.7260510325431824,0.33383673429489136,0.9630389213562012,wide,0.9327217125382263,0.177734375,0.7734375,0.81640625,1.0,none,v3_t-differences_c-none_d-mixed_a-invariant_p-wide_s-03,mixed,87.9941234588623,37.544822692871094,0.18434992294288005,0.04258736103493837,transformer,1.0,1.0,2,0.001,0.002358056837692857,0.0017863971879705787,0.000571659707929939,0.0,0.0,0.0,1.0,0.482,-0.759520411491394,0.8897483944892883,nan,400,0.3251243829727173,0.36328125,0.3931593596935272,407297.0,106.8349251940939,0.16740084451931303,0.9525685516016057,0.969,-0.2207865526708397,0.716,0.1,nan,3,0.998,1.0,1.0,0.9884393063583815,0.999,1.0,1.0,0.9943502824858758,0.9972320795059204,1.0,1.0,0.9843615293502808,0.9995512962341309,0.9937531352043152,1.0,1.0,0.9638910293579102,0.9979234337806702,10000,10000,differences,"[1, 2, 3, 4, 5, 6, 7, 8, 9, 10, 11, 12, 13, 14, 15, 16, 17]",0.0,128
invariant,256,0.509,0.5293185419968305,0.4860335195530726,0.4631578947368421,-0.9396999478340149,-0.8769040107727051,-1.04473078250885,-1.0492984056472778,0.9944716095924377,wide,nan,0.5234375,0.5078125,0.51953125,0.0,none,v3_t-differences_c-none_d-mixed_a-invariant_p-wide_s-04,mixed,85.92312240600586,37.7546501159668,0.09825412578005646,-0.047836519713856746,transformer,1.0,1.0,2,0.001,1.2057329513481818e-05,1.201251052407315e-05,4.4818616373731857e-08,0.0,0.0,0.0,1.0,0.121,-2.366976022720337,0.9571364521980286,nan,400,-0.48191308975219727,0.857421875,0.8568859100341797,407297.0,106.8415957284633,0.16741129665455634,0.989902729300947,0.985,-0.7152119927979954,0.502,0.1,nan,4,1.0,1.0,1.0,1.0,1.0,1.0,1.0,1.0,1.0,1.0,1.0,1.0,0.9999980330467224,1.0,1.0,1.0,1.0,0.9999969005584717,10000,10000,differences,"[1, 2, 3, 4, 5, 6, 7, 8, 9, 10, 11, 12, 13, 14, 15, 16, 17]",0.0,128
invariant,256,0.311,0.22979397781299524,0.40782122905027934,0.48947368421052634,-1.6760778427124023,-2.002901554107666,-1.2738080024719238,-0.9696597456932068,0.9727931022644043,wide,nan,0.7001953125,0.3203125,0.31640625,0.0,none,v3_t-differences_c-none_d-mixed_a-invariant_p-wide_s-05,mixed,83.12131190299988,38.08602523803711,0.09474955175475866,-0.11736166588077006,transformer,1.0,1.0,2,0.001,0.0010106214322149754,0.0009146971278823912,9.592431160854176e-05,0.0,0.0,0.0,1.0,0.139,-2.2427573204040527,0.9499160647392273,nan,400,0.8578346967697144,0.208984375,0.21293000876903534,407297.0,105.62697149340282,0.16550808829499272,0.9806810111020317,0.992,-0.2638652954594731,0.503,0.1,nan,5,1.0,1.0,1.0,1.0,1.0,1.0,1.0,1.0,0.9998993277549744,1.0,1.0,0.9994313716888428,0.9995907545089722,0.9987426996231079,1.0,1.0,0.9927323460578918,0.9989058375358582,10000,10000,differences,"[1, 2, 3, 4, 5, 6, 7, 8, 9, 10, 11, 12, 13, 14, 15, 16, 17]",0.0,128
latent,256,0.992,1.0,1.0,0.9578947368421052,0.9750275611877441,1.0,1.0,0.8685665726661682,0.9975470900535583,tight,1.0,0.0166015625,1.0,1.0,1.0,none,v3_t-differences_c-none_d-mixed_a-latent_p-tight_s-00,mixed,117.69379591941833,7.066312789916992,0.9999911394066501,0.9999665296498694,transformer,1.0,1.0,2,0.001,5.4245010687736794e-05,4.85119528548239e-07,4.5695088338182366e-12,3.699895751196891e-05,2.5514136723359115e-06,0.0001420951448380947,1.0,0.175,-2.135214328765869,0.9589946269989014,3300,700,0.9954634308815002,0.009765625,0.009990514256060123,28097.0,34.89604672820553,0.20818347526006978,0.9999550031720682,1.0,0.9573354844572193,0.993,0.1,4000,0,1.0,1.0,1.0,1.0,1.0,1.0,1.0,1.0,1.0,1.0,1.0,1.0,0.9999992847442627,1.0,1.0,1.0,1.0,0.9999991655349731,10000,10000,differences,"[1, 2, 3, 4, 5, 6, 7, 8, 9, 10, 11, 12, 13, 14, 15, 16, 17]",0.0,32
latent,256,0.971,1.0,0.9776536312849162,0.868421052631579,0.8939123749732971,0.9999991059303284,0.9259966015815735,0.5113657712936401,0.997002363204956,tight,1.0,0.0400390625,0.96875,0.96875,1.0,none,v3_t-differences_c-none_d-mixed_a-latent_p-tight_s-01,mixed,113.43474841117859,7.032802581787109,0.999988742400326,0.9999549277908331,transformer,1.0,1.0,2,0.001,5.501935811480507e-05,1.347051352240669e-06,1.3841962515429018e-12,3.1804524041945115e-05,3.362355982972076e-06,0.0001850542612373829,1.0,0.181,-2.100800037384033,0.9537965059280396,6300,700,0.969826340675354,0.048828125,0.04964809864759445,28097.0,38.48534899997964,0.2295966005494977,0.9999339964665012,1.0,0.9286624146619973,0.973,0.1,7000,1,1.0,1.0,1.0,1.0,1.0,1.0,1.0,1.0,1.0,1.0,1.0,1.0,0.9999986290931702,1.0,1.0,1.0,1.0,0.9999985098838806,10000,10000,differences,"[1, 2, 3, 4, 5, 6, 7, 8, 9, 10, 11, 12, 13, 14, 15, 16, 17]",0.0,32
latent,256,0.915,0.96513470681458,0.9329608938547486,0.7315789473684211,0.6705833077430725,0.8581912517547607,0.7503961324691772,-0.027664415538311005,0.9930275678634644,tight,1.0,0.12109375,0.94140625,0.94140625,1.0,none,v3_t-differences_c-none_d-mixed_a-latent_p-tight_s-02,mixed,108.63303208351135,7.4233856201171875,0.999988716504644,0.9999531400302568,transformer,1.0,1.0,2,0.001,4.691486537922174e-05,8.701236993147177e-07,5.370425285033953e-11,1.9797265849774703e-05,7.811284376657568e-06,0.00018436135724186897,1.0,0.288,-1.636660099029541,0.9380133748054504,3300,700,0.7841706275939941,0.158203125,0.15538296103477478,28097.0,36.36066542001695,0.21692112430000263,0.9999567155436689,1.0,0.7273385807306427,0.915,0.1,4000,2,1.0,1.0,1.0,1.0,1.0,1.0,1.0,1.0,1.0,1.0,1.0,1.0,0.9999991655349731,1.0,1.0,1.0,1.0,0.9999988675117493,10000,10000,differences,"[1, 2, 3, 4, 5, 6, 7, 8, 9, 10, 11, 12, 13, 14, 15, 16, 17]",0.0,32
latent,256,0.999,1.0,1.0,0.9947368421052631,0.995747447013855,1.0,1.0,0.9776182770729065,0.9993152618408203,tight,1.0,0.00390625,1.0,1.0,1.0,none,v3_t-differences_c-none_d-mixed_a-latent_p-tight_s-03,mixed,121.52557826042175,7.226223945617676,0.9995419778825861,0.9984194767466702,transformer,1.0,1.0,2,0.001,0.0002035051438724622,1.9073595467489213e-06,5.387901062803291e-12,6.194588786456734e-05,0.00010859982285182923,0.00031052064150571823,1.0,0.126,-2.393644094467163,0.9732110500335693,6300,700,0.9975975155830383,0.0078125,0.008097616955637932,28097.0,37.772617138663385,0.22534457174597525,0.9998917093938527,1.0,0.9819336212343085,0.998,0.1,7000,3,1.0,1.0,1.0,1.0,1.0,1.0,1.0,1.0,1.0,1.0,1.0,1.0,0.9999983906745911,1.0,1.0,1.0,1.0,0.9999970197677612,10000,10000,differences,"[1, 2, 3, 4, 5, 6, 7, 8, 9, 10, 11, 12, 13, 14, 15, 16, 17]",0.0,32
latent,256,0.989,1.0,1.0,0.9421052631578948,0.9685518741607666,1.0,1.0,0.8344835638999939,0.997519850730896,tight,1.0,0.0078125,0.98828125,0.98828125,1.0,none,v3_t-differences_c-none_d-mixed_a-latent_p-tight_s-04,mixed,92.25315690040588,6.863223075866699,0.9998736207155475,0.9994368847924722,transformer,1.0,1.0,2,0.001,8.5200990724843e-05,1.375132114844746e-06,6.979527199246771e-12,3.901285526808351e-05,2.4416054657194763e-05,0.00020396942272782326,1.0,0.535,-0.7448349595069885,0.9492490291595459,1300,700,0.9972288012504578,0.015625,0.013666144572198391,28097.0,37.06464935215198,0.2211209645472551,0.9999318478878856,1.0,0.9697817718496795,0.99,0.1,2000,4,1.0,1.0,1.0,1.0,1.0,1.0,1.0,1.0,1.0,1.0,1.0,1.0,0.9999988079071045,1.0,1.0,1.0,1.0,0.9999985694885254,10000,10000,differences,"[1, 2, 3, 4, 5, 6, 7, 8, 9, 10, 11, 12, 13, 14, 15, 16, 17]",0.0,32
latent,256,0.993,1.0,1.0,0.9631578947368421,0.9723233580589294,1.0,1.0,0.8543333411216736,0.9999526143074036,tight,1.0,0.0078125,0.9765625,0.9765625,1.0,none,v3_t-differences_c-none_d-mixed_a-latent_p-tight_s-05,mixed,115.6602680683136,7.277001857757568,0.9997473073299673,0.9991532714847471,transformer,1.0,1.0,2,0.001,0.00016701011918485165,7.24529058970802e-07,7.675479684070199e-15,9.31983013288118e-05,5.082626375951804e-05,0.00022261030972003937,1.0,0.57,-0.4780453145503998,0.8950608968734741,3600,400,0.9922091364860535,0.0078125,0.007796754594892263,28097.0,35.61486592062317,0.21247181997506537,0.9998990030865954,1.0,0.9621279311533933,0.982,0.1,4000,5,1.0,1.0,1.0,1.0,1.0,1.0,1.0,1.0,1.0,1.0,1.0,1.0,0.9999994039535522,1.0,1.0,1.0,1.0,0.9999994039535522,10000,10000,differences,"[1, 2, 3, 4, 5, 6, 7, 8, 9, 10, 11, 12, 13, 14, 15, 16, 17]",0.0,32
latent,256,1.0,1.0,1.0,1.0,0.9999988079071045,1.0,1.0,0.9999932646751404,0.9999605417251587,moderate,1.0,0.0,1.0,1.0,1.0,none,v3_t-differences_c-none_d-mixed_a-latent_p-moderate_s-00,mixed,116.13050293922424,7.4444804191589355,0.9999720849652892,0.999932247267858,transformer,1.0,1.0,2,0.001,4.60537921753712e-05,4.904877641820349e-07,2.2574398947372565e-12,2.46096242335625e-05,9.237964150088374e-06,0.00011715712025761604,1.0,0.552,-0.5441311001777649,0.8667423725128174,3600,400,0.9988584518432617,0.0,0.0002622266474645585,105345.0,50.974423596856525,0.1570526829391795,0.9999725268925134,1.0,0.9931106019571683,1.0,0.1,4000,0,1.0,1.0,1.0,1.0,1.0,1.0,1.0,1.0,1.0,1.0,1.0,1.0,0.9999991655349731,1.0,1.0,1.0,1.0,0.999998927116394,10000,10000,differences,"[1, 2, 3, 4, 5, 6, 7, 8, 9, 10, 11, 12, 13, 14, 15, 16, 17]",0.0,64
latent,256,1.0,1.0,1.0,1.0,0.9999959468841553,1.0,1.0,0.9999786615371704,0.9999551177024841,moderate,1.0,0.0,1.0,1.0,1.0,none,v3_t-differences_c-none_d-mixed_a-latent_p-moderate_s-01,mixed,136.13363313674927,8.075546264648438,0.9999946749730618,0.9999851236217586,transformer,1.0,1.0,2,0.001,4.527238343143836e-05,9.360879289488366e-07,5.860871683804891e-12,1.862310637079645e-05,4.719121534435544e-06,0.0002099405974149704,1.0,0.137,-2.242093563079834,0.9448947906494141,3600,400,0.9969402551651001,0.001953125,0.0018119732849299908,105345.0,51.11815747984209,0.15749552839694633,0.9999713684088435,1.0,0.9956462757017973,1.0,0.1,4000,1,1.0,1.0,1.0,1.0,1.0,1.0,1.0,1.0,1.0,1.0,1.0,1.0,0.9999992251396179,1.0,1.0,1.0,1.0,0.9999990463256836,10000,10000,differences,"[1, 2, 3, 4, 5, 6, 7, 8, 9, 10, 11, 12, 13, 14, 15, 16, 17]",0.0,64
latent,256,0.995,1.0,1.0,0.9736842105263158,0.9799782633781433,1.0,1.0,0.8946225047111511,0.9989698529243469,moderate,1.0,0.00390625,0.99609375,0.99609375,1.0,none,v3_t-differences_c-none_d-mixed_a-latent_p-moderate_s-02,mixed,118.53327536582947,7.906383991241455,0.9995936648410985,0.9982281526537611,transformer,1.0,1.0,2,0.001,0.0001751897216308862,6.687929499094025e-07,2.6633751627758162e-12,7.885696686571464e-05,7.188621384557337e-05,0.00023777736350893974,1.0,0.701,0.04959994554519653,0.9049343466758728,600,400,0.9874486923217773,0.01171875,0.012543682008981705,105345.0,51.90522584737382,0.1599204935079798,0.9999342670929536,1.0,0.9786086023358245,0.989,0.1,1000,2,1.0,1.0,1.0,1.0,1.0,1.0,1.0,1.0,1.0,1.0,1.0,1.0,0.9999986290931702,1.0,1.0,1.0,1.0,0.9999985098838806,10000,10000,differences,"[1, 2, 3, 4, 5, 6, 7, 8, 9, 10, 11, 12, 13, 14, 15, 16, 17]",0.0,64
latent,256,1.0,1.0,1.0,1.0,0.9994838833808899,1.0,1.0,0.9972834587097168,0.9995886087417603,moderate,1.0,0.0009765625,1.0,1.0,1.0,none,v3_t-differences_c-none_d-mixed_a-latent_p-moderate_s-03,mixed,134.0713973045349,8.16343879699707,0.9999566736975484,0.9998910927590267,transformer,1.0,1.0,2,0.001,0.0004326667112763971,3.8250086618063506e-06,6.687379539016547e-10,0.00038735437556169927,1.8208602341474034e-05,0.0002327803522348404,1.0,0.444,-0.6152598261833191,0.7959596514701843,1600,400,0.9979069232940674,0.0,7.566130807390437e-05,105345.0,50.272592737144215,0.1548903353987921,0.9999450600159219,1.0,0.9914787974488559,0.999,0.1,2000,3,1.0,1.0,1.0,1.0,1.0,1.0,1.0,1.0,1.0,1.0,1.0,1.0,0.9999986290931702,1.0,1.0,1.0,1.0,0.9999985098838806,10000,10000,differences,"[1, 2, 3, 4, 5, 6, 7, 8, 9, 10, 11, 12, 13, 14, 15, 16, 17]",0.0,64
latent,256,0.999,1.0,1.0,0.9947368421052631,0.9986193180084229,1.0,1.0,0.9927332997322083,0.9993045330047607,moderate,1.0,0.0,1.0,1.0,1.0,none,v3_t-differences_c-none_d-mixed_a-latent_p-moderate_s-04,mixed,104.11585092544556,8.184447288513184,0.9999991815196483,0.9999969604526063,transformer,1.0,1.0,2,0.001,4.3280175304971635e-05,3.465278837211372e-07,1.1868289554253786e-13,3.582138742785901e-05,3.029883259841881e-07,6.80927187204361e-05,1.0,0.281,-1.2344988584518433,0.8355833888053894,600,400,0.9982617497444153,0.0,6.25407337793149e-05,105345.0,51.463873694541114,0.15856068333589118,0.999989542793412,1.0,0.9984106280038748,1.0,0.1,1000,4,1.0,1.0,1.0,1.0,1.0,1.0,1.0,1.0,1.0,1.0,1.0,1.0,0.9999997019767761,1.0,1.0,1.0,1.0,0.9999996423721313,10000,10000,differences,"[1, 2, 3, 4, 5, 6, 7, 8, 9, 10, 11, 12, 13, 14, 15, 16, 17]",0.0,64
latent,256,1.0,1.0,1.0,1.0,0.9999865889549255,1.0,1.0,0.9999290108680725,0.9999154210090637,moderate,1.0,0.0,1.0,1.0,1.0,none,v3_t-differences_c-none_d-mixed_a-latent_p-moderate_s-05,mixed,105.01274037361145,7.655518054962158,0.9999997788624859,0.9999995399590345,transformer,1.0,1.0,2,0.001,1.9377983335289173e-05,7.024244723652373e-07,3.9135060751933903e-13,1.118004547606688e-05,1.200890693553447e-07,7.375422865152359e-05,1.0,0.134,-2.122439384460449,0.9240047931671143,1600,400,0.9978907108306885,0.0,0.000112807349069044,105345.0,50.099021528488116,0.1543555608574255,0.9999882691408343,1.0,0.9964770451765523,1.0,0.1,2000,5,1.0,1.0,1.0,1.0,1.0,1.0,1.0,1.0,1.0,1.0,1.0,1.0,0.9999994039535522,1.0,1.0,1.0,1.0,0.9999992847442627,10000,10000,differences,"[1, 2, 3, 4, 5, 6, 7, 8, 9, 10, 11, 12, 13, 14, 15, 16, 17]",0.0,64
latent,256,1.0,1.0,1.0,1.0,1.0,1.0,1.0,1.0,0.9999997615814209,wide,1.0,0.0,1.0,1.0,1.0,none,v3_t-differences_c-none_d-mixed_a-latent_p-wide_s-00,mixed,115.18828654289246,8.569783210754395,0.9999807230048765,0.9999508764446444,transformer,1.0,1.0,2,0.001,6.146848318167031e-05,2.0501761355262715e-07,9.455212796798205e-15,4.5895772927906364e-05,6.6538209466671105e-06,8.713873103260994e-05,1.0,0.509,-0.5461798906326294,0.8545584082603455,1600,400,0.9986087679862976,0.0,1.3458171110869444e-07,407297.0,71.71600994637336,0.11237262167561324,0.9999782044083618,1.0,0.9959600225594514,1.0,0.1,2000,0,1.0,1.0,1.0,1.0,1.0,1.0,1.0,1.0,1.0,1.0,1.0,1.0,0.9999997615814209,1.0,1.0,1.0,1.0,0.9999997615814209,10000,10000,differences,"[1, 2, 3, 4, 5, 6, 7, 8, 9, 10, 11, 12, 13, 14, 15, 16, 17]",0.0,128
latent,256,1.0,1.0,1.0,1.0,0.9999999403953552,1.0,1.0,0.9999993443489075,0.9999865889549255,wide,1.0,0.0,1.0,1.0,1.0,none,v3_t-differences_c-none_d-mixed_a-latent_p-wide_s-01,mixed,85.92541480064392,8.422657012939453,0.9996063270676578,0.9993328752945053,transformer,1.0,1.0,2,0.001,0.00030696613248437643,2.2354236079991097e-06,1.794905196694785e-11,0.00020187345216982067,6.5484011429362e-05,0.0003737322986125946,1.0,0.14,-2.2306787967681885,0.9452580809593201,3600,400,0.9991438388824463,0.0,2.2560332581633702e-05,407297.0,72.68668235675909,0.11389357918042696,0.9998281054494431,1.0,0.9960834242708839,1.0,0.1,4000,1,1.0,1.0,1.0,1.0,1.0,1.0,1.0,1.0,1.0,1.0,1.0,1.0,0.9999982714653015,1.0,1.0,1.0,1.0,0.9999974966049194,10000,10000,differences,"[1, 2, 3, 4, 5, 6, 7, 8, 9, 10, 11, 12, 13, 14, 15, 16, 17]",0.0,128
latent,256,1.0,1.0,1.0,1.0,0.9999253153800964,1.0,1.0,0.9996067881584167,0.9995829463005066,wide,1.0,0.0,1.0,1.0,1.0,none,v3_t-differences_c-none_d-mixed_a-latent_p-wide_s-02,mixed,122.88237738609314,8.325328826904297,0.9968265075409951,0.992655287634136,transformer,1.0,1.0,2,0.001,0.0019631923642009497,4.017146784462966e-05,1.0753748824754439e-07,0.001249851775355637,0.0004894829471595585,0.001835786271840334,1.0,0.271,-1.5790538787841797,0.8991684317588806,1600,400,0.9984265565872192,0.0,0.0009427325567230582,407297.0,74.26007251571164,0.1163589418966784,0.9987442119142111,0.999,0.9955609791642059,0.996,0.1,2000,2,1.0,1.0,1.0,1.0,1.0,1.0,1.0,1.0,0.9999938011169434,1.0,1.0,0.9999650120735168,0.9998722672462463,0.9996387958526611,1.0,1.0,0.9979121088981628,0.9994577765464783,10000,10000,differences,"[1, 2, 3, 4, 5, 6, 7, 8, 9, 10, 11, 12, 13, 14, 15, 16, 17]",0.0,128
latent,256,1.0,1.0,1.0,1.0,1.0,1.0,1.0,1.0,0.9999993443489075,wide,1.0,0.0,1.0,1.0,1.0,none,v3_t-differences_c-none_d-mixed_a-latent_p-wide_s-03,mixed,105.68536400794983,8.393173217773438,0.9999907988292974,0.9999805361071331,transformer,1.0,1.0,2,0.001,0.00010431588452775031,6.281155719989329e-07,1.0455118080966372e-13,8.786231774138287e-05,6.56270321996999e-06,9.262748062610626e-05,1.0,0.383,-0.9468073844909668,0.8461830615997314,300,400,0.9998964071273804,0.0,1.737195702844474e-07,407297.0,71.55395806506378,0.11211870076222388,0.9999731978801737,1.0,0.9992309398144716,1.0,0.1,700,3,1.0,1.0,1.0,1.0,1.0,1.0,1.0,1.0,1.0,1.0,1.0,1.0,0.9999995231628418,1.0,1.0,1.0,1.0,0.9999995231628418,10000,10000,differences,"[1, 2, 3, 4, 5, 6, 7, 8, 9, 10, 11, 12, 13, 14, 15, 16, 17]",0.0,128
latent,256,1.0,1.0,1.0,1.0,0.9999935030937195,1.0,1.0,0.9999657869338989,0.9999147653579712,wide,1.0,0.0,1.0,1.0,1.0,none,v3_t-differences_c-none_d-mixed_a-latent_p-wide_s-04,mixed,118.58404183387756,8.202116012573242,0.9984755616537453,0.9965050082898437,transformer,1.0,1.0,2,0.001,0.0009769359603524208,3.0384922865778208e-05,6.276824393580682e-08,0.0004118395736441016,0.00040246598655357957,0.001321826595813036,1.0,0.145,-2.1986844539642334,0.9397891759872437,3600,400,0.9990129470825195,0.0,0.000121165910968557,407297.0,75.47144880827457,0.11825706101865371,0.9994259227511866,1.0,0.997126116743802,1.0,0.1,4000,4,1.0,1.0,1.0,1.0,1.0,1.0,1.0,1.0,0.999538242816925,1.0,1.0,0.9973913431167603,0.9996438026428223,0.9999964237213135,1.0,1.0,0.9999790787696838,0.9999380111694336,10000,10000,differences,"[1, 2, 3, 4, 5, 6, 7, 8, 9, 10, 11, 12, 13, 14, 15, 16, 17]",0.0,128
latent,256,1.0,1.0,1.0,1.0,0.9999862909317017,1.0,1.0,0.9999278783798218,0.9998912215232849,wide,1.0,0.0,1.0,1.0,1.0,none,v3_t-differences_c-none_d-mixed_a-latent_p-wide_s-05,mixed,102.08248162269592,8.627766609191895,0.999964829470359,0.9999317257880118,transformer,1.0,1.0,2,0.001,0.00011194428225280717,7.153606702559046e-07,1.2530384715936371e-12,7.36450165277347e-05,1.2986187357455492e-05,0.0002459771931171417,1.0,0.142,-2.1077513694763184,0.9243128895759583,1600,400,0.9991728663444519,0.0,0.0008774931193329394,407297.0,72.71861873093877,0.11394362064391701,0.999922846018922,1.0,0.9964554437906753,0.997,0.1,2000,5,1.0,1.0,1.0,1.0,1.0,1.0,1.0,1.0,1.0,1.0,1.0,1.0,0.9999992251396179,1.0,1.0,1.0,1.0,0.9999990463256836,10000,10000,differences,"[1, 2, 3, 4, 5, 6, 7, 8, 9, 10, 11, 12, 13, 14, 15, 16, 17]",0.0,128
concrete,256,0.484,0.3201267828843106,0.6759776536312849,0.8473684210526315,-0.990139901638031,-1.6385778188705444,-0.22981564700603485,0.44705167412757874,0.9723320603370667,tight,nan,0.474609375,0.5,0.38671875,0.0,none,v3_t-differences_c-none_d-hard_a-concrete_p-tight_s-00,hard,105.77035284042358,19.965591430664062,0.25407907963975573,-0.23279086023227102,transformer,1.0,1.0,2,0.001,1.1864168300235178e-05,1.1864168300235178e-05,0.0,0.0,0.0,0.0,1.0,0.383,-1.352291464805603,0.9601477384567261,nan,2000,0.894690990447998,0.12109375,0.11933737248182297,28097.0,52.91177970645818,0.31566206531303964,0.9382656588709576,1.0,-0.25172820085814496,0.404,0.1,nan,0,1.0,,,1.0,0.909,0.8619582664526485,0.975,1.0,0.6663183569908142,0.4883301258087158,0.9254433512687683,1.0,0.9899181127548218,1.0,,,1.0,0.9999899864196777,10000,10000,differences,"[1, 2, 3]",0.0,32
concrete,256,0.289,0.24088748019017434,0.39106145251396646,0.3526315789473684,-1.831838607788086,-2.0314157009124756,-1.4171960353851318,-1.5596702098846436,0.9972002506256104,tight,nan,0.70703125,0.2734375,0.25390625,0.0,none,v3_t-differences_c-none_d-hard_a-concrete_p-tight_s-01,hard,90.62784171104431,20.414913177490234,0.1479923551841735,-0.28183995414792234,transformer,1.0,1.0,2,0.001,0.0007819051388651133,0.0007819051388651133,0.0,0.0,0.0,0.0,1.0,0.101,-2.5426201820373535,0.9859285354614258,nan,2000,0.21134816110134125,0.421875,0.42002516984939575,28097.0,54.66017271894872,0.3260926603972244,0.9594336330806122,1.0,-0.6432399335175756,0.294,0.1,nan,1,0.999,,,0.999,1.0,1.0,1.0,1.0,0.9992260932922363,1.0,1.0,0.9956275224685669,0.999510645866394,0.9986017942428589,,,0.9986017942428589,0.9993849396705627,10000,10000,differences,"[1, 2, 3]",0.0,32
concrete,256,0.219,0.044374009508716325,0.4245810055865922,0.6052631578947368,-2.090812921524048,-2.8030755519866943,-1.237226128578186,-0.5295206308364868,0.9890806674957275,tight,nan,0.7666015625,0.1796875,0.17578125,0.0,none,v3_t-differences_c-none_d-hard_a-concrete_p-tight_s-02,hard,76.3050889968872,19.93170928955078,0.26207898851330813,0.006971695376568887,transformer,1.0,1.0,2,0.001,3.5711827877094038e-06,3.5711827877094038e-06,0.0,0.0,0.0,0.0,1.0,0.469,-1.012683629989624,0.9603333473205566,nan,2000,0.6540558338165283,0.197265625,0.19344936311244965,28097.0,52.51957750047972,0.3133222582030478,0.9570278862831878,1.0,-0.5634309379820877,0.189,0.1,nan,2,1.0,,,1.0,0.908,0.8523274478330658,1.0,1.0,0.6402708888053894,0.422585666179657,0.9999998211860657,1.0,0.9960499405860901,1.0,,,1.0,0.9999971985816956,10000,10000,differences,"[1, 2, 3]",0.0,32
concrete,256,0.002,0.0,0.0,0.010526315789473684,-2.991476535797119,-2.9999725818634033,-2.9999890327453613,-2.9552412033081055,0.9998976588249207,tight,nan,0.9990234375,0.0,0.0,0.0,none,v3_t-differences_c-none_d-hard_a-concrete_p-tight_s-03,hard,89.84993410110474,19.757658004760742,0.04924175581134922,-0.379297964192834,transformer,1.0,1.0,2,0.001,2.485935283402796e-06,2.485935283402796e-06,0.0,0.0,0.0,0.0,1.0,0.028,-2.8655130863189697,0.9944882988929749,nan,2000,0.9871768951416016,0.0,1.5890804206719622e-05,28097.0,53.64436000490082,0.3200325062866178,0.9207155106889363,0.999,-1.0100481450265755,0.007,0.1,nan,3,1.0,,,1.0,0.907,0.8507223113964687,1.0,1.0,0.6549334526062012,0.44617679715156555,0.9998267889022827,1.0,0.9894367456436157,1.0,,,1.0,0.9999979734420776,10000,10000,differences,"[1, 2, 3]",0.0,32
concrete,256,0.178,0.02694136291600634,0.25139664804469275,0.6105263157894737,-2.2762951850891113,-2.8872268199920654,-1.9613747596740723,-0.5440472364425659,0.9950821399688721,tight,nan,0.798828125,0.18359375,0.18359375,0.0,none,v3_t-differences_c-none_d-hard_a-concrete_p-tight_s-04,hard,64.47514343261719,19.219552993774414,0.25174389209724435,-0.029248991531714036,transformer,1.0,1.0,2,0.001,9.978193702409044e-07,9.978193702409044e-07,0.0,0.0,0.0,0.0,1.0,0.167,-2.3046841621398926,0.9858121275901794,nan,2000,0.7530794143676758,0.142578125,0.14095838367938995,28097.0,51.666667613921355,0.3082339527668944,0.9347119254648478,0.998,-0.5938594236696308,0.18,0.1,nan,4,1.0,,,1.0,0.861,0.7849117174959872,0.975,1.0,0.4494672119617462,0.14534977078437805,0.9095717072486877,1.0,0.9988267421722412,1.0,,,1.0,0.999998927116394,10000,10000,differences,"[1, 2, 3]",0.0,32
concrete,256,0.255,0.011093502377179081,0.39664804469273746,0.9315789473684211,-1.9626253843307495,-2.9460766315460205,-1.3500858545303345,0.7263914346694946,0.9921707510948181,tight,nan,0.7470703125,0.25,0.2265625,0.0,none,v3_t-differences_c-none_d-hard_a-concrete_p-tight_s-05,hard,95.76203870773315,19.925962448120117,0.27108668046046625,-0.0024822948563809066,transformer,1.0,1.0,2,0.001,8.80405366388004e-07,8.80405366388004e-07,0.0,0.0,0.0,0.0,1.0,0.264,-1.851095199584961,0.9748169183731079,nan,2000,0.7459854483604431,0.12109375,0.12104097008705139,28097.0,50.12487378750281,0.29903589089420385,0.9131736436371515,1.0,-0.5027881900315543,0.335,0.1,nan,5,1.0,,,1.0,0.845,0.7608346709470305,0.97,1.0,0.38530564308166504,0.04350977763533592,0.9059953093528748,1.0,0.9982165098190308,1.0,,,1.0,0.9999991059303284,10000,10000,differences,"[1, 2, 3]",0.0,32
concrete,256,0.47,0.35657686212361334,0.6424581005586593,0.6842105263157895,-1.0577101707458496,-1.5258649587631226,-0.3587362766265869,-0.16145043075084686,0.979659914970398,moderate,nan,0.5205078125,0.4140625,0.36328125,0.0,none,v3_t-differences_c-none_d-hard_a-concrete_p-moderate_s-00,hard,54.802335262298584,28.379657745361328,0.18200996184702872,-0.03750577592347504,transformer,1.0,1.0,2,0.001,5.125441020936705e-05,5.125441020936705e-05,0.0,0.0,0.0,0.0,1.0,0.337,-1.5126163959503174,0.9630656838417053,nan,2000,0.5082058906555176,0.357421875,0.35149064660072327,105345.0,75.67303787993045,0.23314934797878,0.955441963371431,1.0,-0.11279803478999262,0.471,0.1,nan,0,1.0,,,1.0,1.0,1.0,1.0,1.0,1.0,1.0,1.0,1.0,0.999987781047821,1.0,,,1.0,0.9999768137931824,10000,10000,differences,"[1, 2, 3]",0.0,64
concrete,256,0.224,0.05071315372424723,0.4692737430167598,0.5684210526315789,-2.0837182998657227,-2.79526424407959,-1.0927057266235352,-0.6542739272117615,0.9929240942001343,moderate,nan,0.7197265625,0.203125,0.203125,0.0,none,v3_t-differences_c-none_d-hard_a-concrete_p-moderate_s-01,hard,85.8373761177063,29.3931941986084,0.14854991348071325,-0.06406350944436491,transformer,1.0,1.0,2,0.001,2.0593355998244078e-07,2.0593355998244078e-07,0.0,0.0,0.0,0.0,1.0,0.296,-1.7614189386367798,0.976005494594574,nan,2000,0.7070415616035461,0.169921875,0.16964629292488098,105345.0,73.65206381394457,0.22692270769886602,0.9498904812762532,1.0,-0.5330545552111785,0.226,0.1,nan,1,1.0,,,1.0,0.983,0.9727126805778491,1.0,1.0,0.9350859522819519,0.8958040475845337,1.0,1.0,0.998823881149292,1.0,,,1.0,0.9999997615814209,10000,10000,differences,"[1, 2, 3]",0.0,64
concrete,256,0.899,0.9793977812995246,0.8324022346368715,0.6947368421052632,0.6191035509109497,0.9221764206886292,0.36305323243141174,-0.14619113504886627,0.9938997626304626,moderate,0.995260663507109,0.0703125,0.890625,0.89453125,1.0,none,v3_t-differences_c-none_d-hard_a-concrete_p-moderate_s-02,hard,70.88731980323792,28.84069061279297,0.19651309404256329,0.005775571019672368,transformer,1.0,1.0,2,0.001,3.862998880777013e-07,3.862998880777013e-07,0.0,0.0,0.0,0.0,1.0,0.911,0.6756107807159424,0.9868917465209961,0,2000,0.7101886868476868,0.146484375,0.14736074209213257,105345.0,73.39453806578726,0.22612926842441944,0.9666595379036679,1.0,0.29307821740620743,0.893,0.1,2000,2,1.0,,,1.0,1.0,1.0,1.0,1.0,1.0,1.0,1.0,1.0,0.9999994039535522,1.0,,,1.0,0.9999996423721313,10000,10000,differences,"[1, 2, 3]",0.0,64
concrete,256,0.288,0.0491283676703645,0.5865921787709497,0.8,-1.8351186513900757,-2.7850098609924316,-0.6494616866111755,0.20250621438026428,0.9936143755912781,moderate,nan,0.70703125,0.34375,0.3359375,0.0,none,v3_t-differences_c-none_d-hard_a-concrete_p-moderate_s-03,hard,92.99603033065796,29.166149139404297,0.2327128360920797,0.07122604602701646,transformer,1.0,1.0,2,0.001,2.0693389046755328e-07,2.0693389046755328e-07,0.0,0.0,0.0,0.0,1.0,0.297,-1.5678584575653076,0.9220651388168335,nan,1000,0.8021167516708374,0.107421875,0.11089383810758591,105345.0,73.57899846070153,0.22669759265200506,0.9462536991093113,1.0,-0.6790264391588556,0.263,0.1,nan,3,1.0,,,1.0,0.863,0.7817014446227929,0.995,1.0,0.4622574746608734,0.14157333970069885,0.9852864146232605,1.0,0.9978047013282776,1.0,,,1.0,0.9999997615814209,10000,10000,differences,"[1, 2, 3]",0.0,64
concrete,256,0.272,0.03645007923930269,0.5642458100558659,0.7789473684210526,-1.9072133302688599,-2.846498727798462,-0.7527491450309753,0.12457507103681564,0.9923648238182068,moderate,nan,0.740234375,0.296875,0.28125,0.0,none,v3_t-differences_c-none_d-hard_a-concrete_p-moderate_s-04,hard,73.00860834121704,29.574106216430664,0.24735551285652452,0.08987945256453542,transformer,1.0,1.0,2,0.001,2.3612432187292143e-07,2.3612432187292143e-07,0.0,0.0,0.0,0.0,1.0,0.289,-1.8129464387893677,0.9874268770217896,nan,2000,0.8679842948913574,0.09765625,0.09488716721534729,105345.0,73.2375587730278,0.22564561373341693,0.9448740086322746,0.999,-0.4143143937037448,0.261,0.1,nan,4,1.0,,,1.0,0.879,0.812199036918138,0.98,1.0,0.5241644382476807,0.2524227499961853,0.9495252966880798,1.0,0.9981656074523926,1.0,,,1.0,0.9999997615814209,10000,10000,differences,"[1, 2, 3]",0.0,64
concrete,256,0.958,1.0,0.9720670391061452,0.8052631578947368,0.8385804295539856,1.0,0.8911207914352417,0.25299882888793945,0.9977244138717651,moderate,1.0042872454448017,0.0576171875,0.97265625,0.96875,1.0,none,v3_t-differences_c-none_d-hard_a-concrete_p-moderate_s-05,hard,69.9359827041626,29.29953956604004,0.13179681891998962,-0.05050333903601244,transformer,1.0,1.0,2,0.001,1.857298173035815e-07,1.857298173035815e-07,0.0,0.0,0.0,0.0,1.0,0.249,-1.8273518085479736,0.9559869170188904,1000,1000,0.9066482782363892,0.05078125,0.05140978842973709,105345.0,71.88105756118775,0.22146622062414661,0.9752157607411515,1.0,0.5004612544013295,0.963,0.1,2000,5,1.0,,,1.0,1.0,1.0,1.0,1.0,1.0,1.0,1.0,1.0,0.9999997615814209,1.0,,,1.0,0.9999997615814209,10000,10000,differences,"[1, 2, 3]",0.0,64
concrete,256,0.821,0.7702060221870047,0.9608938547486033,0.8578947368421053,0.347682386636734,0.14311856031417847,0.8575766682624817,0.5466755032539368,0.9750635027885437,wide,1.2055045871559633,0.2490234375,0.890625,0.78125,1.0,none,v3_t-differences_c-none_d-hard_a-concrete_p-wide_s-00,hard,89.94894194602966,37.4859733581543,0.1976480208728668,-0.013022970402198832,transformer,1.0,1.0,2,0.001,0.033090636134147644,0.033090636134147644,0.0,0.0,0.0,0.0,1.0,0.825,0.36328595876693726,0.9703602194786072,0,2000,0.6172719597816467,0.3046875,0.3051794171333313,407297.0,110.43641992170907,0.17304406706886152,0.9697613739205031,0.999,0.1356800714961337,0.782,0.1,2000,0,0.998,,,0.998,0.986,0.9791332263242376,1.0,0.9943502824858758,0.955534040927887,0.931947648525238,1.0,0.9883086681365967,0.9962244033813477,0.9932631850242615,,,0.9932631850242615,0.9974770545959473,10000,10000,differences,"[1, 2, 3]",0.0,128
concrete,256,0.262,0.1949286846275753,0.3016759776536313,0.4473684210526316,-1.9184597730636597,-2.1850051879882812,-1.7642426490783691,-1.1785365343093872,0.988860547542572,wide,nan,0.74609375,0.2890625,0.27734375,0.0,none,v3_t-differences_c-none_d-hard_a-concrete_p-wide_s-01,hard,99.8658275604248,37.016693115234375,0.17260609374779257,0.02216181220841576,transformer,1.0,1.0,2,0.001,0.0013269898481667042,0.0013269898481667042,0.0,0.0,0.0,0.0,1.0,0.353,-1.5395500659942627,0.982933759689331,nan,2000,0.7012726068496704,0.21875,0.21709942817687988,407297.0,110.07902683895931,0.17248406383238263,0.9540282375937392,1.0,-0.37550340104378055,0.281,0.1,nan,1,0.999,,,0.999,1.0,1.0,1.0,1.0,0.9999763369560242,1.0,1.0,0.9998661875724792,0.999856173992157,0.9974976778030396,,,0.9974976778030396,0.9970535635948181,10000,10000,differences,"[1, 2, 3]",0.0,128
concrete,256,0.099,0.030110935023771792,0.18994413407821228,0.24210526315789474,-2.6000912189483643,-2.8794260025024414,-2.2241153717041016,-2.0266144275665283,0.9993568062782288,wide,nan,0.90625,0.06640625,0.06640625,0.0,none,v3_t-differences_c-none_d-hard_a-concrete_p-wide_s-02,hard,83.77355360984802,37.55281066894531,0.09922330477830528,-0.04042986783281202,transformer,1.0,1.0,2,0.001,1.2277698147045157e-07,1.2277698147045157e-07,0.0,0.0,0.0,0.0,1.0,0.105,-2.5392606258392334,0.9899401664733887,nan,1000,0.6280236840248108,0.181640625,0.1808302104473114,407297.0,103.56397889943474,0.1622755620228965,0.9875152725495083,1.0,-1.07177601423669,0.099,0.1,nan,2,1.0,,,1.0,1.0,1.0,1.0,1.0,1.0,1.0,1.0,1.0,0.9999998807907104,1.0,,,1.0,0.9999998807907104,10000,10000,differences,"[1, 2, 3]",0.0,128
concrete,256,0.974,0.993660855784469,1.0,0.8842105263157894,0.8986002802848816,0.9782821536064148,1.0,0.5384435653686523,0.9986003041267395,wide,1.0,0.015625,0.984375,0.984375,1.0,none,v3_t-differences_c-none_d-hard_a-concrete_p-wide_s-03,hard,77.32999229431152,37.650352478027344,0.1922130550555134,0.07169625198419526,transformer,1.0,1.0,2,0.001,3.5559770594773e-07,3.5559770594773e-07,0.0,0.0,0.0,0.0,1.0,0.715,0.08280501514673233,0.8526129126548767,1000,1000,0.8954343795776367,0.048828125,0.04939722269773483,407297.0,105.17665944607202,0.16480248928901745,0.9660597038838985,1.0,0.43221662211115863,0.968,0.1,2000,3,1.0,,,1.0,1.0,1.0,1.0,1.0,0.9999998807907104,0.9999998211860657,1.0,1.0,0.999992311000824,1.0,,,1.0,0.9999996423721313,10000,10000,differences,"[1, 2, 3]",0.0,128
concrete,256,0.716,0.6513470681458003,0.8603351955307262,0.7947368421052632,-0.10478472709655762,-0.37232616543769836,0.4881877303123474,0.22509199380874634,0.9912155270576477,wide,nan,0.326171875,0.7421875,0.74609375,0.0,none,v3_t-differences_c-none_d-hard_a-concrete_p-wide_s-04,hard,99.44701290130615,37.85845184326172,0.18141385543546334,0.0751880011736111,transformer,1.0,1.0,2,0.001,9.091527317650616e-07,9.091527317650616e-07,0.0,0.0,0.0,0.0,1.0,0.674,-0.2589862644672394,0.9838675260543823,nan,2000,0.7937337160110474,0.13671875,0.13447041809558868,407297.0,106.74099118140572,0.16725365825953403,0.9544055149260322,1.0,0.054362134021793795,0.737,0.1,nan,4,1.0,,,1.0,0.961,0.9373996789727127,1.0,1.0,0.8467825651168823,0.7540676593780518,0.9999923706054688,1.0,0.9990556836128235,1.0,,,1.0,0.9999992251396179,10000,10000,differences,"[1, 2, 3]",0.0,128
concrete,256,0.707,0.606973058637084,0.9497206703910615,0.8105263157894737,-0.152886301279068,-0.5474551916122437,0.8051928877830505,0.2548863887786865,0.9931224584579468,wide,nan,0.25,0.68359375,0.3671875,0.0,none,v3_t-differences_c-none_d-hard_a-concrete_p-wide_s-05,hard,104.08536386489868,37.92136001586914,0.1632361846542378,0.015967579663708813,transformer,1.0,1.0,2,0.001,6.55815199479548e-07,6.55815199479548e-07,0.0,0.0,0.0,0.0,1.0,0.532,-0.8127701282501221,0.970153272151947,nan,2000,0.6883354187011719,0.224609375,0.220228910446167,407297.0,104.579697532956,0.16386710296081128,0.956447699670936,1.0,0.10603154046124097,0.765,0.1,nan,5,1.0,,,1.0,1.0,1.0,1.0,1.0,1.0,1.0,1.0,1.0,0.9999990463256836,1.0,,,1.0,0.9999994039535522,10000,10000,differences,"[1, 2, 3]",0.0,128
invariant,256,0.126,0.003169572107765452,0.15083798882681565,0.5105263157894737,-2.460317373275757,-2.9757227897644043,-2.2990448474884033,-0.9005650281906128,0.9911643266677856,tight,nan,0.8505859375,0.16015625,0.1171875,0.0,none,v3_t-differences_c-none_d-hard_a-invariant_p-tight_s-00,hard,78.2029619216919,19.93484878540039,0.25477228539361474,-0.20733153488150544,transformer,1.0,1.0,2,0.001,1.1920111319341231e-05,1.1918837117264047e-05,1.2740088983775877e-09,0.0,0.0,0.0,1.0,0.376,-1.3376474380493164,0.9348673820495605,nan,2000,0.8471570014953613,0.115234375,0.1192619651556015,28097.0,53.1745535220434,0.31722972615903633,0.8981367122337214,0.998,-0.6163760718866937,0.163,0.1,nan,0,1.0,,,1.0,0.928,0.8892455858747994,0.985,1.0,0.7251131534576416,0.5749243497848511,0.9496764540672302,1.0,0.9952126741409302,1.0,,,1.0,0.9999926686286926,10000,10000,differences,"[1, 2, 3]",0.0,32
invariant,256,0.105,0.03803486529318542,0.1452513966480447,0.2894736842105263,-2.5678277015686035,-2.842616319656372,-2.3773326873779297,-1.8347063064575195,0.9966660737991333,tight,nan,0.875,0.12109375,0.12109375,0.0,none,v3_t-differences_c-none_d-hard_a-invariant_p-tight_s-01,hard,88.70205497741699,20.393226623535156,0.18241939549816066,-0.15345126847414953,transformer,1.0,1.0,2,0.001,0.00019309011986479163,0.00018992350669577718,3.166620444972068e-06,0.0,0.0,0.0,1.0,0.04,-2.7968506813049316,0.9901703000068665,nan,2000,0.7872775793075562,0.123046875,0.1224246621131897,28097.0,54.563358602947744,0.32551508496925985,0.976188279846003,1.0,-1.025369563017327,0.104,0.1,nan,1,1.0,,,1.0,1.0,1.0,1.0,1.0,0.9999996423721313,1.0,1.0,0.9999979138374329,0.9999812841415405,0.999998927116394,,,0.999998927116394,0.9999369978904724,10000,10000,differences,"[1, 2, 3]",0.0,32
invariant,256,0.151,0.006339144215530904,0.24022346368715083,0.5473684210526316,-2.375800609588623,-2.9721531867980957,-2.004326105117798,-0.7452493906021118,0.9944095611572266,tight,nan,0.8408203125,0.12109375,0.11328125,0.0,none,v3_t-differences_c-none_d-hard_a-invariant_p-tight_s-02,hard,87.69113779067993,19.84236717224121,0.269740488044481,0.027307855288782226,transformer,1.0,1.0,2,0.001,3.5273733374197036e-06,3.5273405956104398e-06,3.272516979624385e-11,0.0,0.0,0.0,1.0,0.428,-1.1928420066833496,0.9671614766120911,nan,2000,0.7802877426147461,0.134765625,0.13399100303649902,28097.0,52.624937717560236,0.3139508181174936,0.9382399006849201,1.0,-0.60309214108153,0.141,0.1,nan,2,1.0,,,1.0,0.923,0.8780096308186196,0.995,1.0,0.7014693021774292,0.5276923179626465,0.9785850048065186,1.0,0.9971321821212769,1.0,,,1.0,0.9999968409538269,10000,10000,differences,"[1, 2, 3]",0.0,32
invariant,256,0.0,0.0,0.0,0.0,-2.999941825866699,-2.9999423027038574,-2.9999794960021973,-2.999906301498413,0.9999927878379822,tight,nan,1.0,0.0,0.0,0.0,none,v3_t-differences_c-none_d-hard_a-invariant_p-tight_s-03,hard,91.1203441619873,19.586889266967773,0.06984933085004946,-0.42784232137281797,transformer,1.0,1.0,2,0.001,3.4577903988974867e-06,3.4577594760776265e-06,3.0989141808213105e-11,0.0,0.0,0.0,1.0,0.01,-2.9187862873077393,0.9930667281150818,nan,2000,0.989861249923706,0.0,0.0010814007837325335,28097.0,53.668509324868005,0.32017657674236577,0.8990321522577897,0.994,-0.6837964730120614,0.0,0.1,nan,3,1.0,,,1.0,0.873,0.7961476725521669,1.0,1.0,0.5277114510536194,0.2425951212644577,0.9978735446929932,1.0,0.9883742332458496,1.0,,,1.0,0.9999966621398926,10000,10000,differences,"[1, 2, 3]",0.0,32
invariant,256,0.169,0.009508716323296355,0.3128491620111732,0.5631578947368421,-2.316913604736328,-2.955522298812866,-1.7475491762161255,-0.7324603199958801,0.996807336807251,tight,nan,0.8291015625,0.171875,0.16796875,0.0,none,v3_t-differences_c-none_d-hard_a-invariant_p-tight_s-04,hard,94.48379874229431,19.159486770629883,0.2548344004975486,-0.07637677124930044,transformer,1.0,1.0,2,0.001,9.058036312126205e-07,9.058033469955262e-07,2.7847873746572605e-13,0.0,0.0,0.0,1.0,0.229,-2.0376741886138916,0.9808587431907654,nan,2000,0.7569410800933838,0.140625,0.13986456394195557,28097.0,51.607898831378655,0.3078833488866946,0.9412215932181331,1.0,-0.622709704432673,0.185,0.1,nan,4,1.0,,,1.0,0.819,0.7495987158908507,0.875,1.0,0.2789413630962372,-0.0015973952831700444,0.5146828293800354,1.0,0.9994814991950989,1.0,,,1.0,0.9999990463256836,10000,10000,differences,"[1, 2, 3]",0.0,32
invariant,256,0.442,0.1410459587955626,0.9217877094972067,0.9894736842105263,-1.1842505931854248,-2.3763442039489746,0.7267271280288696,0.9744123220443726,0.9798011183738708,tight,nan,0.5283203125,0.40234375,0.2578125,0.0,none,v3_t-differences_c-none_d-hard_a-invariant_p-tight_s-05,hard,88.3813009262085,19.677217483520508,0.30528293202408974,0.06659960922298847,transformer,1.0,1.0,2,0.001,1.8921529090221156e-06,1.892150294224848e-06,2.6318522014512347e-12,0.0,0.0,0.0,1.0,0.384,-1.3316242694854736,0.9609817862510681,nan,2000,0.8550072908401489,0.162109375,0.1561601161956787,28097.0,50.360535641884915,0.3004418067050583,0.9129469615240308,1.0,-0.2496762034342146,0.415,0.1,nan,5,1.0,,,1.0,0.881,0.8089887640449438,1.0,1.0,0.5583798885345459,0.2911476492881775,0.9999746680259705,1.0,0.9928897619247437,1.0,,,1.0,0.9999980926513672,10000,10000,differences,"[1, 2, 3]",0.0,32
invariant,256,0.437,0.4294770206022187,0.3743016759776536,0.5210526315789473,-1.1405138969421387,-1.187071442604065,-1.3500442504882812,-0.7884935736656189,0.9608812928199768,moderate,nan,0.59765625,0.42578125,0.47265625,0.0,none,v3_t-differences_c-none_d-hard_a-invariant_p-moderate_s-00,hard,99.64155125617981,28.500167846679688,0.18833916209555962,0.001072039299082993,transformer,1.0,1.0,2,0.001,0.002360240090638399,0.001758130849339068,0.0006021092412993312,0.0,0.0,0.0,1.0,0.21,-2.040318489074707,0.9605095386505127,nan,2000,0.6138359308242798,0.4765625,0.4651271402835846,105345.0,75.39744552806842,0.23230024532683521,0.9420146820625037,0.999,-0.05412784165922924,0.464,0.1,nan,0,1.0,,,1.0,0.983,0.9727126805778491,1.0,1.0,0.9352588057518005,0.8960862159729004,1.0,0.9999831914901733,0.9988805055618286,0.9999650120735168,,,0.9999650120735168,0.9997231364250183,10000,10000,differences,"[1, 2, 3]",0.0,64
invariant,256,0.246,0.07131537242472266,0.49162011173184356,0.5947368421052631,-1.9839718341827393,-2.6961727142333984,-0.9459663033485413,-0.5966258645057678,0.9889705777168274,moderate,nan,0.734375,0.2421875,0.2421875,0.0,none,v3_t-differences_c-none_d-hard_a-invariant_p-moderate_s-01,hard,94.21507000923157,29.39276123046875,0.16325574443806654,-0.03974776093969368,transformer,1.0,1.0,2,0.001,3.462903634954273e-07,3.462903634954273e-07,9.48674868045743e-15,0.0,0.0,0.0,1.0,0.272,-1.8207441568374634,0.9562984704971313,nan,2000,0.6182557344436646,0.23046875,0.23139092326164246,105345.0,73.85014592693472,0.2275330005691376,0.9591089992304996,1.0,-0.3839837332627434,0.21,0.1,nan,1,1.0,,,1.0,1.0,1.0,1.0,1.0,1.0,1.0,1.0,1.0,0.9999958276748657,1.0,,,1.0,0.9999996423721313,10000,10000,differences,"[1, 2, 3]",0.0,64
invariant,256,0.554,0.5293185419968305,0.6256983240223464,0.5684210526315789,-0.7507332563400269,-0.8375012278556824,-0.4681845009326935,-0.7287627458572388,0.9897792935371399,moderate,nan,0.4658203125,0.546875,0.44140625,0.0,none,v3_t-differences_c-none_d-hard_a-invariant_p-moderate_s-02,hard,80.67045879364014,28.703018188476562,0.21223322496354377,0.014277118971104428,transformer,1.0,1.0,2,0.001,8.542530736121989e-07,8.542529030819423e-07,1.6047859113625662e-13,0.0,0.0,0.0,1.0,0.447,-1.1551947593688965,0.980653703212738,nan,2000,0.2846256494522095,0.37109375,0.3730626702308655,105345.0,73.4568675566662,0.22632130617743432,0.9651374044450904,1.0,-0.01343956276319691,0.587,0.1,nan,2,1.0,,,1.0,1.0,1.0,1.0,1.0,1.0,1.0,1.0,1.0,0.9999992251396179,1.0,,,1.0,0.9999992847442627,10000,10000,differences,"[1, 2, 3]",0.0,64
invariant,256,0.371,0.08399366085578447,0.7653631284916201,0.9526315789473684,-1.482327938079834,-2.638211727142334,0.15717999637126923,0.8118348717689514,0.9869218468666077,moderate,nan,0.6015625,0.42578125,0.3671875,0.0,none,v3_t-differences_c-none_d-hard_a-invariant_p-moderate_s-03,hard,102.35030508041382,28.840295791625977,0.2906139923325588,0.13374171385663558,transformer,1.0,1.0,2,0.001,3.0856431294523645e-06,3.085629032284487e-06,1.4012808274843636e-11,0.0,0.0,0.0,1.0,0.228,-2.052316665649414,0.9877952337265015,nan,2000,0.8745895028114319,0.09765625,0.09479183703660965,105345.0,74.98197152799975,0.23102016598904193,0.9575586279202271,1.0,-0.21104768024391518,0.47,0.1,nan,3,1.0,,,1.0,0.905,0.8475120385232745,1.0,1.0,0.634374737739563,0.4131220281124115,0.9999986290931702,1.0,0.9947549104690552,1.0,,,1.0,0.999997079372406,10000,10000,differences,"[1, 2, 3]",0.0,64
invariant,256,0.293,0.02377179080824089,0.5754189944134078,0.9210526315789473,-1.8150287866592407,-2.89827823638916,-0.6455482244491577,0.6807253360748291,0.992061197757721,moderate,nan,0.69921875,0.29296875,0.265625,0.0,none,v3_t-differences_c-none_d-hard_a-invariant_p-moderate_s-04,hard,95.56412363052368,29.443675994873047,0.27221827139843563,0.10368437295157364,transformer,1.0,1.0,2,0.001,9.84666371550702e-07,9.846660304901889e-07,2.9766526700100715e-13,0.0,0.0,0.0,1.0,0.395,-1.3321183919906616,0.9680482149124146,nan,2000,0.8780592083930969,0.095703125,0.09440798312425613,105345.0,74.06173091321358,0.22818489592017785,0.953144561873566,0.999,-0.9015945322305252,0.241,0.1,nan,4,1.0,,,1.0,0.864,0.7929373996789727,0.965,1.0,0.4683959186077118,0.18382343649864197,0.8843696117401123,1.0,0.9954571723937988,1.0,,,1.0,0.9999989867210388,10000,10000,differences,"[1, 2, 3]",0.0,64
invariant,256,0.2,0.13312202852614896,0.2569832402234637,0.3684210526315789,-2.1806273460388184,-2.458343744277954,-1.9445372819900513,-1.4807382822036743,0.995474636554718,moderate,nan,0.8076171875,0.19140625,0.19140625,0.0,none,v3_t-differences_c-none_d-hard_a-invariant_p-moderate_s-05,hard,95.5974509716034,29.228784561157227,0.19300638337350304,0.01306753316297365,transformer,1.0,1.0,2,0.001,1.2902629578093183e-06,1.2902623893751297e-06,6.164120863044742e-13,0.0,0.0,0.0,1.0,0.185,-2.2277705669403076,0.9921490550041199,nan,2000,0.5462935566902161,0.240234375,0.2416589856147766,105345.0,72.94163903364712,0.22473388220758433,0.9793526971838372,1.0,-0.38962781920815304,0.212,0.1,nan,5,1.0,,,1.0,1.0,1.0,1.0,1.0,1.0,1.0,1.0,1.0,0.9999986886978149,1.0,,,1.0,0.9999985098838806,10000,10000,differences,"[1, 2, 3]",0.0,64
invariant,256,0.663,0.6053882725832013,0.7653631284916201,0.7578947368421053,-0.3146870732307434,-0.5280175805091858,0.0688023641705513,0.03250737115740776,0.9788536429405212,wide,nan,0.3076171875,0.7109375,0.3671875,0.0,none,v3_t-differences_c-none_d-hard_a-invariant_p-wide_s-00,hard,97.73513913154602,36.624595642089844,0.27308694802516364,0.08633787446108583,transformer,1.0,1.0,2,0.001,3.548805761965923e-05,3.542780541465618e-05,6.025135235177004e-08,0.0,0.0,0.0,1.0,0.968,0.8865287899971008,0.9913875460624695,nan,2000,0.3948707580566406,0.4140625,0.4261762499809265,407297.0,109.63826285035191,0.1717934257868883,0.9648603702056645,1.0,-0.18838112693121123,0.645,0.1,nan,0,1.0,,,1.0,0.994,0.9903691813804173,1.0,1.0,0.9762559533119202,0.9618875980377197,1.0,1.0,0.9966714382171631,0.9999997615814209,,,0.9999997615814209,0.9999577403068542,10000,10000,differences,"[1, 2, 3]",0.0,128
invariant,256,0.775,0.8795562599049128,0.6480446927374302,0.5473684210526316,0.16237585246562958,0.5858532786369324,-0.3641459345817566,-0.7479759454727173,0.971296489238739,wide,0.9310344827586207,0.265625,0.79296875,0.83203125,1.0,none,v3_t-differences_c-none_d-hard_a-invariant_p-wide_s-01,hard,98.78929710388184,36.92628860473633,0.18325698837903745,0.007822942651889389,transformer,1.0,1.0,2,0.001,0.0017201525624841452,0.001648767152801156,7.138539513107389e-05,0.0,0.0,0.0,1.0,0.556,-0.6466732025146484,0.9483972191810608,nan,2000,0.7308834195137024,0.22265625,0.21919453144073486,407297.0,110.38819557679857,0.17296850380104675,0.9596934641427918,1.0,0.19241882128720855,0.771,0.1,nan,1,1.0,,,1.0,1.0,1.0,1.0,1.0,0.9999973773956299,1.0,1.0,0.9999852776527405,0.9999420046806335,0.9985007047653198,,,0.9985007047653198,0.9978310465812683,10000,10000,differences,"[1, 2, 3]",0.0,128
invariant,256,0.227,0.1648177496038035,0.31843575418994413,0.3473684210526316,-2.0853633880615234,-2.3311665058135986,-1.7249011993408203,-1.6086313724517822,0.9978088140487671,wide,nan,0.78125,0.203125,0.203125,0.0,none,v3_t-differences_c-none_d-hard_a-invariant_p-wide_s-02,hard,70.65970993041992,37.53395080566406,0.10779315452510564,-0.04215852657321273,transformer,1.0,1.0,2,0.001,1.4555747895883542e-07,1.455574647479807e-07,1.2677598025729632e-14,0.0,0.0,0.0,1.0,0.198,-2.1635212898254395,0.987189769744873,nan,1000,0.280892014503479,0.34375,0.34142327308654785,407297.0,104.06926927711706,0.16306730719235144,0.9910936599816801,1.0,-0.5819339281558595,0.225,0.1,nan,2,1.0,,,1.0,1.0,1.0,1.0,1.0,1.0,1.0,1.0,1.0,0.9999997615814209,1.0,,,1.0,0.9999998807907104,10000,10000,differences,"[1, 2, 3]",0.0,128
invariant,256,1.0,1.0,1.0,1.0,0.9952692985534668,0.9933739900588989,1.0,0.9971069097518921,0.9943013191223145,wide,1.0,0.0,1.0,1.0,1.0,none,v3_t-differences_c-none_d-hard_a-invariant_p-wide_s-03,hard,79.08599257469177,37.394920349121094,0.21573511953631558,0.014207439743151869,transformer,1.0,1.0,2,0.001,8.995560347102582e-05,8.93657052074559e-05,5.899003667764191e-07,0.0,0.0,0.0,1.0,0.898,0.6626062989234924,0.9591236710548401,0,1000,0.9379621148109436,0.001953125,0.01328991912305355,407297.0,108.17434531740908,0.1694995969581973,0.9635294975159445,0.999,0.35969701172302393,0.984,0.1,1000,3,1.0,,,1.0,0.985,0.9759229534510433,1.0,1.0,0.9523014426231384,0.9234374165534973,0.9999999403953552,0.999999463558197,0.9861148595809937,0.9996029138565063,,,0.9996029138565063,0.9990950226783752,10000,10000,differences,"[1, 2, 3]",0.0,128
invariant,256,0.731,0.6212361331220285,0.9553072625698324,0.8842105263157894,-0.045545436441898346,-0.4779772460460663,0.8294684290885925,0.5662281513214111,0.9841851592063904,wide,nan,0.34765625,0.7890625,0.5390625,0.0,none,v3_t-differences_c-none_d-hard_a-invariant_p-wide_s-04,hard,101.11509299278259,37.61642074584961,0.20155761259773944,0.120164499673803,transformer,1.0,1.0,2,0.001,1.3559995750256348e-05,1.3556799785874318e-05,3.195916198350801e-09,0.0,0.0,0.0,1.0,0.615,-0.49856969714164734,0.9751798510551453,nan,2000,0.8786808848381042,0.078125,0.07747897505760193,407297.0,109.88724052121923,0.1721835516965,0.9615030508313878,1.0,0.14407529542991948,0.836,0.1,nan,4,1.0,,,1.0,0.935,0.8972712680577849,0.995,1.0,0.765085756778717,0.629277765750885,0.9802300930023193,0.9999983906745911,0.9933525919914246,0.9999887943267822,,,0.9999887943267822,0.9998983144760132,10000,10000,differences,"[1, 2, 3]",0.0,128
invariant,256,0.92,0.9524564183835182,0.9664804469273743,0.7684210526315789,0.6788567304611206,0.8031556010246277,0.856290876865387,0.09889214485883713,0.9890086650848389,wide,1.0341463414634147,0.08203125,0.91015625,0.8828125,1.0,none,v3_t-differences_c-none_d-hard_a-invariant_p-wide_s-05,hard,104.17585706710815,37.62508010864258,0.20785192050371182,0.0598674865546726,transformer,1.0,1.0,2,0.001,0.0018847619649022818,0.0014490492176264524,0.00043571271817199886,0.0,0.0,0.0,1.0,0.391,-1.1035857200622559,0.9107052087783813,nan,1000,0.8261807560920715,0.11328125,0.10162876546382904,407297.0,107.31344708600766,0.16815064584768774,0.9641005952861191,1.0,0.22041479874327363,0.905,0.1,nan,5,1.0,,,1.0,0.999,1.0,1.0,0.9943502824858758,0.9960348010063171,1.0,1.0,0.977597713470459,0.9999265670776367,0.999923825263977,,,0.999923825263977,0.9995782971382141,10000,10000,differences,"[1, 2, 3]",0.0,128
latent,256,0.921,0.8763866877971473,1.0,0.9947368421052631,0.7024118304252625,0.534725546836853,1.0,0.9789474606513977,0.9953742623329163,tight,0.9951573849878934,0.107421875,0.91015625,0.9140625,1.0,none,v3_t-differences_c-none_d-hard_a-latent_p-tight_s-00,hard,111.86129808425903,6.771030902862549,0.9999795457997507,0.9999581799072683,transformer,1.0,1.0,2,0.001,0.00010127724817721173,6.812745709794399e-07,1.8241468618008117e-16,6.970678805373609e-05,1.816373878682498e-05,0.00012725451961159706,1.0,0.69,-0.1799856275320053,0.978230893611908,5000,2000,0.9253743886947632,0.064453125,0.06286881119012833,28097.0,36.41960588807719,0.2172727524248102,0.9985259906335251,1.0,0.5024542628531181,0.986,0.1,7000,0,1.0,,,1.0,0.981,0.9695024077046549,1.0,1.0,0.926440417766571,0.8819268345832825,1.0,1.0,0.9979509115219116,1.0,,,1.0,0.9999996423721313,10000,10000,differences,"[1, 2, 3]",0.0,32
latent,256,0.963,1.0,0.9888268156424581,0.8157894736842105,0.860322892665863,1.0,0.9692174196243286,0.2938579022884369,0.998185932636261,tight,1.0,0.04296875,0.984375,0.984375,1.0,none,v3_t-differences_c-none_d-hard_a-latent_p-tight_s-01,hard,117.66517114639282,6.924530506134033,0.9999973906818526,0.9999916474400674,transformer,1.0,1.0,2,0.001,4.5614557166118175e-05,7.697231012571137e-07,1.2231985850640406e-14,2.0322362615843304e-05,3.616884214352467e-06,0.0002090558409690857,1.0,0.915,0.6990110874176025,0.9818402528762817,0,2000,0.9869376420974731,0.03125,0.031273722648620605,28097.0,38.9754405669394,0.23252039780366826,0.9993890630992985,1.0,0.5777941551643018,0.968,0.1,2000,1,1.0,,,1.0,1.0,1.0,1.0,1.0,1.0,1.0,1.0,1.0,0.9999991655349731,1.0,,,1.0,0.9999994039535522,10000,10000,differences,"[1, 2, 3]",0.0,32
latent,256,0.527,0.44532488114104596,0.7541899441340782,0.5842105263157895,-0.8793625235557556,-1.2078019380569458,0.0417511872947216,-0.6563842296600342,0.9976056814193726,tight,nan,0.4775390625,0.55859375,0.55859375,0.0,none,v3_t-differences_c-none_d-hard_a-latent_p-tight_s-02,hard,115.67511320114136,7.373885154724121,0.9999840578110302,0.9999230322014239,transformer,1.0,1.0,2,0.001,3.771398405660875e-05,3.127569812022557e-07,8.102252364104831e-16,2.0543626305880025e-05,1.0160973943129648e-05,6.696628406643867e-05,1.0,0.412,-1.3061169385910034,0.9865835905075073,nan,2000,0.3833980858325958,0.3671875,0.3679232895374298,28097.0,37.22763954083844,0.2220933344027383,0.9990557196804902,1.0,-0.12193909699503891,0.542,0.1,nan,2,1.0,,,1.0,1.0,1.0,1.0,1.0,1.0,1.0,1.0,1.0,0.9999996423721313,1.0,,,1.0,0.9999995827674866,10000,10000,differences,"[1, 2, 3]",0.0,32
latent,256,0.728,0.572107765451664,1.0,0.9894736842105263,-0.08455468714237213,-0.7061086297035217,0.9999991655349731,0.9578947424888611,0.9993903040885925,tight,nan,0.2890625,0.71484375,0.70703125,0.0,none,v3_t-differences_c-none_d-hard_a-latent_p-tight_s-03,hard,115.57479906082153,7.198641300201416,0.9999615017763192,0.9998839036555012,transformer,1.0,1.0,2,0.001,6.070724339224398e-05,3.1011992973617453e-07,7.909755656511819e-16,2.248931923531927e-05,2.9471420930349268e-05,8.436385542154312e-05,1.0,0.651,-0.38349416851997375,0.9938684105873108,nan,2000,0.9974642992019653,0.001953125,0.0031658022198826075,28097.0,38.06596624424444,0.22709463921751308,0.9989436030098378,1.0,0.2853500906162104,0.999,0.1,nan,3,1.0,,,1.0,0.953,0.9245585874799358,1.0,1.0,0.812002420425415,0.6982382535934448,1.0,1.0,0.999995231628418,1.0,,,1.0,0.9999995231628418,10000,10000,differences,"[1, 2, 3]",0.0,32
latent,256,0.948,1.0,0.9608938547486033,0.7631578947368421,0.7934942841529846,1.0,0.8453448414802551,0.05882904306054115,0.9995043873786926,tight,1.0,0.048828125,0.94140625,0.94140625,1.0,none,v3_t-differences_c-none_d-hard_a-latent_p-tight_s-04,hard,115.22494864463806,6.715550899505615,0.9999977132652677,0.9999898630114795,transformer,1.0,1.0,2,0.001,4.08969572163187e-05,6.902131985953019e-07,2.4902053965227184e-16,2.8187416319269687e-05,4.05531000069459e-06,7.964018732309341e-05,1.0,0.912,0.6740021109580994,0.9916762113571167,0,2000,0.9855486750602722,0.03125,0.030266718938946724,28097.0,37.22365645442457,0.2220695720327954,0.9995045575366281,1.0,0.6980774539110921,0.945,0.1,2000,4,1.0,,,1.0,1.0,1.0,1.0,1.0,1.0,1.0,1.0,1.0,0.9999994039535522,1.0,,,1.0,0.9999994039535522,10000,10000,differences,"[1, 2, 3]",0.0,32
latent,256,0.546,0.5340729001584786,0.5698324022346368,0.5631578947368421,-0.8162170648574829,-0.8640561103820801,-0.7206684350967407,-0.7473578453063965,0.9993927478790283,tight,nan,0.4091796875,0.515625,0.515625,0.0,none,v3_t-differences_c-none_d-hard_a-latent_p-tight_s-05,hard,100.50554943084717,6.778465747833252,0.9999936924949349,0.9999777645886505,transformer,1.0,1.0,2,0.001,4.626876761903986e-05,2.7955897508036287e-07,2.0999015479785524e-17,3.002811354235746e-05,9.161600246443413e-06,6.799492985010147e-05,1.0,0.584,-0.6148245930671692,0.9854807257652283,nan,2000,0.8425757884979248,0.083984375,0.08472716808319092,28097.0,36.056768136919096,0.2151081283176736,0.9991397370256516,1.0,0.09474081091780784,0.525,0.1,nan,5,1.0,,,1.0,1.0,1.0,1.0,1.0,1.0,1.0,1.0,1.0,0.9999995231628418,1.0,,,1.0,0.9999997615814209,10000,10000,differences,"[1, 2, 3]",0.0,32
latent,256,0.531,0.4041204437400951,0.7541899441340782,0.7421052631578947,-0.8227814435958862,-1.3360828161239624,0.09659791737794876,0.015767117962241173,0.9849411249160767,moderate,nan,0.482421875,0.50390625,0.5,0.0,none,v3_t-differences_c-none_d-hard_a-latent_p-moderate_s-00,hard,127.33954095840454,7.578603744506836,0.9999360869730793,0.9996929949685784,transformer,1.0,1.0,2,0.001,6.441952427849174e-05,1.5510393041040516e-06,3.0124269371307674e-14,3.587952960515395e-05,1.3924410268373322e-05,0.00013064546510577202,1.0,0.202,-2.1353368759155273,0.982345461845398,nan,2000,0.8891410231590271,0.1484375,0.14154279232025146,105345.0,53.19500254874649,0.1638943077671667,0.9991284349355,1.0,-0.07253110718167499,0.536,0.1,nan,0,1.0,,,1.0,1.0,1.0,1.0,1.0,1.0,1.0,1.0,1.0,0.9999991655349731,1.0,,,1.0,0.9999984502792358,10000,10000,differences,"[1, 2, 3]",0.0,64
latent,256,0.992,1.0,1.0,0.9578947368421052,0.9731099605560303,1.0,1.0,0.858473539352417,0.9990125894546509,moderate,1.0,0.00390625,0.99609375,0.99609375,1.0,none,v3_t-differences_c-none_d-hard_a-latent_p-moderate_s-01,hard,97.35489535331726,7.9666571617126465,0.9999971341005324,0.9999899354675914,transformer,1.0,1.0,2,0.001,0.00030810749740339816,6.904889460201957e-07,1.0468247362699357e-12,0.00023224676260724664,4.646150841836061e-07,0.0007470562122762203,1.0,0.985,0.942077100276947,0.9969792366027832,0,2000,0.9962128400802612,0.00390625,0.004240631591528654,105345.0,51.48546719615432,0.15862721311932193,0.9995017648063669,1.0,0.1530292701640752,0.994,0.1,2000,1,1.0,,,1.0,1.0,1.0,1.0,1.0,1.0,1.0,1.0,1.0,0.9999997019767761,1.0,,,1.0,0.9999994039535522,10000,10000,differences,"[1, 2, 3]",0.0,64
latent,256,1.0,1.0,1.0,1.0,1.0,1.0,1.0,1.0,0.9999992251396179,moderate,1.0,0.0,1.0,1.0,1.0,none,v3_t-differences_c-none_d-hard_a-latent_p-moderate_s-02,hard,124.43844079971313,7.9378342628479,0.9999998646071064,0.9999995926609229,transformer,1.0,1.0,2,0.001,2.129824315488804e-05,1.5976144140950055e-07,1.027074776511767e-15,1.4794687558605801e-05,1.4141849646875926e-07,6.202375516295433e-05,1.0,0.994,0.9771926403045654,0.9978087544441223,0,2000,0.999312162399292,0.0,5.519339651982591e-07,105345.0,52.02655351459326,0.16029430520229662,0.9998795259023414,1.0,0.05601953016915295,0.702,0.1,2000,2,1.0,,,1.0,1.0,1.0,1.0,1.0,1.0,1.0,1.0,1.0,0.9999998807907104,1.0,,,1.0,0.9999998807907104,10000,10000,differences,"[1, 2, 3]",0.0,64
latent,256,0.963,0.9413629160063391,1.0,1.0,0.8838251233100891,0.8158876895904541,1.0,1.0,0.9948374032974243,moderate,1.0042194092827004,0.04296875,0.97265625,0.96875,1.0,none,v3_t-differences_c-none_d-hard_a-latent_p-moderate_s-03,hard,110.85391497612,7.970262050628662,0.9999842412518133,0.9999558444425062,transformer,1.0,1.0,2,0.001,2.828455217240844e-05,1.7908266158883634e-07,3.393057285605485e-16,9.274644980905578e-06,1.3046892490820028e-05,5.7839322835206985e-05,1.0,0.656,-0.3079044222831726,0.9806071519851685,5000,2000,0.9498413801193237,0.046875,0.04682024568319321,105345.0,51.2835233150457,0.15800502210482234,0.9996422566126256,1.0,0.521703533717505,1.0,0.1,7000,3,1.0,,,1.0,0.996,0.9935794542536116,1.0,1.0,0.9877193570137024,0.9802879095077515,1.0,1.0,0.9994335770606995,1.0,,,1.0,0.9999997615814209,10000,10000,differences,"[1, 2, 3]",0.0,64
latent,256,0.989,1.0,1.0,0.9421052631578948,0.9562703371047974,1.0,1.0,0.7698437571525574,0.9994553327560425,moderate,1.0,0.009765625,0.98046875,0.98046875,1.0,none,v3_t-differences_c-none_d-hard_a-latent_p-moderate_s-04,hard,114.11120080947876,8.290411949157715,0.9999997062361456,0.9999991730106605,transformer,1.0,1.0,2,0.001,3.321309486636892e-05,1.9297083042602026e-07,4.571715278412869e-16,2.6852034352486953e-05,5.87978547628154e-07,5.580112338066101e-05,1.0,0.83,0.4809296727180481,0.9583607316017151,0,2000,0.9922777414321899,0.005859375,0.005795576609671116,105345.0,52.39694648676666,0.16143548946524602,0.9995872690718277,1.0,0.5386770752445976,0.987,0.1,2000,4,1.0,,,1.0,1.0,1.0,1.0,1.0,1.0,1.0,1.0,1.0,0.9999997615814209,1.0,,,1.0,0.9999997615814209,10000,10000,differences,"[1, 2, 3]",0.0,64
latent,256,0.745,0.595879556259905,1.0,1.0,-0.014845378696918488,-0.6083128452301025,1.0,1.0,0.9963180422782898,moderate,nan,0.240234375,0.7421875,0.73046875,0.0,none,v3_t-differences_c-none_d-hard_a-latent_p-moderate_s-05,hard,108.74608874320984,7.652231216430664,0.999989477048137,0.9999784505666616,transformer,1.0,1.0,2,0.001,3.285911589046009e-05,1.717720010674384e-07,5.471685137892603e-16,2.023610613832716e-05,6.494218723673839e-06,5.957018584012985e-05,1.0,0.602,-0.5084155797958374,0.965757429599762,nan,1000,0.9939654469490051,0.0078125,0.0067978510633111,105345.0,50.447342544134294,0.1554287412128127,0.9996223198075369,1.0,0.33246683854724757,0.797,0.1,nan,5,1.0,,,1.0,0.881,0.8089887640449438,1.0,1.0,0.5454345941543579,0.27036041021347046,1.0,1.0,0.9936004281044006,1.0,,,1.0,0.9999997615814209,10000,10000,differences,"[1, 2, 3]",0.0,64
latent,256,0.51,0.34548335974643424,0.7597765363128491,0.8210526315789474,-0.7069272994995117,-1.2390689849853516,0.0728120431303978,0.3257468044757843,0.9182075262069702,wide,nan,0.4365234375,0.4609375,0.2734375,0.0,none,v3_t-differences_c-none_d-hard_a-latent_p-wide_s-00,hard,111.46415090560913,8.511931419372559,0.997993012960629,0.9970224443259325,transformer,1.0,1.0,2,0.001,0.013768579810857773,0.008141452446579933,0.001330510014668107,0.0018148358212783933,0.0004868218384217471,0.019949596375226974,1.0,0.535,-0.8155420422554016,0.9840216040611267,nan,2000,0.9274536967277527,0.203125,0.19479642808437347,407297.0,76.08935137046517,0.11922525948515171,0.9816252029334086,0.999,0.020335224887329417,0.698,0.1,nan,0,0.997,,,0.997,0.919,0.8747993579454254,0.99,0.9943502824858758,0.7445790767669678,0.6051914095878601,0.9672496318817139,0.9835869073867798,0.9777643084526062,0.9929952025413513,,,0.9929952025413513,0.9961327910423279,10000,10000,differences,"[1, 2, 3]",0.0,128
latent,256,0.812,0.757527733755943,0.9162011173184358,0.8947368421052632,0.2505341172218323,0.03105420246720314,0.672559916973114,0.581845760345459,0.998397707939148,wide,1.0,0.16015625,0.76171875,0.76171875,1.0,none,v3_t-differences_c-none_d-hard_a-latent_p-wide_s-01,hard,98.34899711608887,8.384127616882324,0.999982099775123,0.9999556030677137,transformer,1.0,1.0,2,0.001,4.169772728346288e-05,1.2949240613124857e-07,2.4650278715611764e-16,2.803841562126763e-05,8.88508111529518e-06,4.644738510251045e-05,1.0,0.653,-0.37254711985588074,0.9919648766517639,nan,2000,0.4612208604812622,0.3828125,0.38427799940109253,407297.0,72.45273921376487,0.11352701104144443,0.9996850965085502,1.0,0.3599803580532789,0.818,0.1,nan,1,1.0,,,1.0,0.977,0.9630818619582665,1.0,1.0,0.906815767288208,0.8504267334938049,1.0,1.0,0.998466432094574,1.0,,,1.0,0.9999998807907104,10000,10000,differences,"[1, 2, 3]",0.0,128
latent,256,0.999,1.0,1.0,0.9947368421052631,0.9986216425895691,1.0,1.0,0.9927453994750977,0.9995495676994324,wide,0.99609375,0.0,0.99609375,1.0,1.0,none,v3_t-differences_c-none_d-hard_a-latent_p-wide_s-02,hard,109.52426767349243,8.155221939086914,0.9984067435190112,0.9975503091907522,transformer,1.0,1.0,2,0.001,0.00150661903899163,0.00015899122809059918,7.86679379416455e-07,0.0003700212109833956,0.0003455368569120765,0.006312830373644829,1.0,0.52,-0.8891475200653076,0.9896577000617981,2000,2000,0.9960799217224121,0.001953125,0.00174893403891474,407297.0,76.99397013396451,0.12064271678858211,0.990227948904027,1.0,0.5632010525364293,0.994,0.1,4000,2,1.0,,,1.0,0.999,1.0,0.995,1.0,0.9962815046310425,1.0,0.981407642364502,0.9999999403953552,0.9999510645866394,0.9999958276748657,,,0.9999958276748657,0.9998722076416016,10000,10000,differences,"[1, 2, 3]",0.0,128
latent,256,0.775,0.7432646592709984,0.8268156424581006,0.8315789473684211,0.10459718108177185,-0.027092359960079193,0.3090269863605499,0.3493506610393524,0.9977713823318481,wide,1.0,0.2001953125,0.828125,0.828125,1.0,none,v3_t-differences_c-none_d-hard_a-latent_p-wide_s-03,hard,133.0913007259369,8.372445106506348,0.9999875236882144,0.9999722119703569,transformer,1.0,1.0,2,0.001,8.830194565234706e-05,1.3074125604362052e-07,3.301736413630733e-17,6.948418740648776e-05,9.499327461526264e-06,9.187683463096619e-05,1.0,0.945,0.8194650411605835,0.9643120169639587,0,1000,0.688154935836792,0.2109375,0.2069796919822693,407297.0,73.0667297909203,0.11448907977464183,0.9994183920726128,1.0,0.3361450167310771,0.78,0.1,1000,3,1.0,,,1.0,1.0,1.0,1.0,1.0,1.0,1.0,1.0,1.0,0.9999998807907104,1.0,,,1.0,0.9999998807907104,10000,10000,differences,"[1, 2, 3]",0.0,128
latent,256,0.97,0.9524564183835182,1.0,1.0,0.8840124607086182,0.8161846399307251,1.0,1.0,0.9962635636329651,wide,1.0,0.0234375,0.97265625,0.97265625,1.0,none,v3_t-differences_c-none_d-hard_a-latent_p-wide_s-04,hard,99.50563025474548,8.478442192077637,0.9999933729339152,0.9999829552852537,transformer,1.0,1.0,2,0.001,1.749920738802757e-05,8.706962972837573e-08,8.374788457431904e-18,8.180937584256753e-06,5.398761004471453e-06,3.832438960671425e-05,1.0,0.786,0.16928420960903168,0.9910474419593811,2000,2000,0.9892727732658386,0.021484375,0.02035677433013916,407297.0,73.16517285923695,0.11464333132434189,0.9997343054353424,1.0,0.4866115347343333,0.976,0.1,4000,4,1.0,,,1.0,0.987,0.9791332263242376,1.0,1.0,0.9511070847511292,0.9215201735496521,1.0,1.0,0.9994491338729858,1.0,,,1.0,0.9999999403953552,10000,10000,differences,"[1, 2, 3]",0.0,128
latent,256,1.0,1.0,1.0,1.0,0.9999917149543762,1.0,1.0,0.9999561309814453,0.9999542236328125,wide,1.0,0.0,1.0,1.0,1.0,none,v3_t-differences_c-none_d-hard_a-latent_p-wide_s-05,hard,78.81526637077332,8.562179565429688,0.9999872347221028,0.9999603320621692,transformer,1.0,1.0,2,0.001,2.6362751668784767e-05,1.5336348724304116e-07,6.752386778042488e-16,1.0665077752491925e-05,8.687773515703157e-06,6.856536492705345e-05,1.0,0.986,0.961958646774292,0.9930188059806824,0,2000,0.9977105855941772,0.00390625,0.0033078277483582497,407297.0,73.11232755908208,0.11456052742984081,0.9995144386960106,1.0,0.6315805400976271,0.999,0.1,2000,5,1.0,,,1.0,1.0,1.0,1.0,1.0,1.0,1.0,1.0,1.0,0.9999998807907104,1.0,,,1.0,0.9999997615814209,10000,10000,differences,"[1, 2, 3]",0.0,128
