abstraction,batch_size,calib_combo_accuracy,calib_combo_accuracy_far,calib_combo_accuracy_middle,calib_combo_accuracy_near,calib_combo_brier_skill,calib_combo_brier_skill_far,calib_combo_brier_skill_middle,calib_combo_brier_skill_near,calib_combo_confidence,capacity,causal_normalized,causal_random,causal_source_to_target,causal_target_to_target,causal_valid,compression,config_id,difficulty,elapsed_seconds,embedding_participation_rank,embedding_rank_axis_cosine,embedding_rank_axis_cosine_min,family,invariant_weight,latent_weight,layers,learning_rate,loss,loss_binary,loss_invariant,loss_latent,loss_mapping,loss_representation,mapping_weight,paired_hidden_cosine,paired_prediction_disagreement,paired_probability_gap,parameter_count,parameter_l2,parameter_rms,probe_source_r2,probe_source_sign_accuracy,probe_target_r2,probe_target_sign_accuracy,representation_weight,seed,source_accuracy,source_accuracy_far,source_accuracy_middle,source_accuracy_near,source_all_accuracy,source_all_accuracy_far,source_all_accuracy_middle,source_all_accuracy_near,source_all_brier_skill,source_all_brier_skill_far,source_all_brier_skill_middle,source_all_brier_skill_near,source_all_confidence,source_brier_skill,source_brier_skill_far,source_brier_skill_middle,source_brier_skill_near,source_confidence,step,steps,train_dists,weight_decay,width
concrete,256,0.285,0.25757575757575757,0.1831831831831832,0.4124629080118694,-1.84321928024292,-1.9435113668441772,-2.2544562816619873,-1.3386545181274414,0.9972928762435913,moderate,nan,0.65625,0.28515625,0.28515625,0.0,high,v2_c-high_d-easy_a-concrete_p-moderate_s-00,easy,95.16258502006531,28.556581497192383,0.01457212605342915,-0.20575998280551278,transformer,1.0,1.0,2,0.001,3.4928152814472924e-08,3.4928152814472924e-08,0.0,0.0,0.0,0.0,1.0,0.3606645166873932,0.337890625,0.3377601206302643,105217.0,65.16786981935749,0.2009049178621598,0.9754531796314692,1.0,-2.5789754461734806,0.277,0.1,0,1.0,1.0,1.0,,0.857,1.0,0.9696969696969697,0.6041666666666666,0.432272344827652,1.0,0.8787912726402283,-0.5706213712692261,0.998678982257843,1.0,1.0,1.0,,1.0,10000,10000,"[5, 6, 7, 8, 9]",0.01,64
concrete,256,0.576,0.6333333333333333,0.5915915915915916,0.5044510385756676,-0.6908304691314697,-0.46688929200172424,-0.63351970911026,-0.9667503237724304,0.9987056851387024,moderate,nan,0.39453125,0.58984375,0.58984375,0.0,high,v2_c-high_d-easy_a-concrete_p-moderate_s-01,easy,80.13737034797668,29.420745849609375,0.029019974007170476,-0.18844206021170434,transformer,1.0,1.0,2,0.001,4.0908652465532214e-08,4.0908652465532214e-08,0.0,0.0,0.0,0.0,1.0,0.3043386936187744,0.3515625,0.351615846157074,105217.0,65.96270057583479,0.20335528808734946,0.9748168129633676,1.0,-0.30217284695764657,0.548,0.1,1,1.0,1.0,1.0,,0.899,1.0,0.9878787878787879,0.7113095238095238,0.5960522294044495,1.0,0.9515150785446167,-0.15460647642612457,0.9998476505279541,1.0,1.0,1.0,,0.9999999403953552,10000,10000,"[5, 6, 7, 8, 9]",0.01,64
concrete,256,0.31,0.20303030303030303,0.26126126126126126,0.4629080118694362,-1.760025978088379,-2.187878131866455,-1.9550341367721558,-1.1483672857284546,0.9999184608459473,moderate,nan,0.7265625,0.37109375,0.37109375,0.0,high,v2_c-high_d-easy_a-concrete_p-moderate_s-02,easy,77.54577994346619,28.594390869140625,0.06671910927258778,-0.13187090429981535,transformer,1.0,1.0,2,0.001,4.21024282104554e-08,4.21024282104554e-08,0.0,0.0,0.0,0.0,1.0,0.27571338415145874,0.361328125,0.36116909980773926,105217.0,65.31597565233139,0.20136151081649464,0.9730638031202127,1.0,-2.569542360999166,0.309,0.1,2,1.0,1.0,1.0,,0.878,1.0,0.9818181818181818,0.6547619047619048,0.5176563858985901,1.0,0.928555965423584,-0.3653782308101654,0.9980431795120239,1.0,1.0,1.0,,0.9999999403953552,10000,10000,"[5, 6, 7, 8, 9]",0.01,64
concrete,256,0.516,0.4636363636363636,0.5825825825825826,0.5014836795252225,-0.8745566606521606,-0.9686393737792969,-0.6682308316230774,-0.9863049387931824,0.9902387261390686,moderate,nan,0.501953125,0.52734375,0.5546875,0.0,high,v2_c-high_d-easy_a-concrete_p-moderate_s-03,easy,103.58962273597717,29.165502548217773,0.07232275824242322,-0.10570264682187158,transformer,1.0,1.0,2,0.001,2.018970235440065e-08,2.018970235440065e-08,0.0,0.0,0.0,0.0,1.0,0.349376380443573,0.32421875,0.323996365070343,105217.0,66.01559487776838,0.20351835503145554,0.9698309879550198,1.0,-1.2644555662277113,0.535,0.1,3,1.0,1.0,1.0,,0.861,1.0,0.9787878787878788,0.6071428571428571,0.4440499544143677,1.0,0.9149947762489319,-0.5711259245872498,0.9998095631599426,1.0,1.0,1.0,,1.0,10000,10000,"[5, 6, 7, 8, 9]",0.01,64
concrete,256,0.412,0.16363636363636364,0.6186186186186187,0.45103857566765576,-1.3473776578903198,-2.345445394515991,-0.5108668208122253,-1.1966239213943481,0.9986940622329712,moderate,nan,0.62109375,0.41796875,0.4140625,0.0,high,v2_c-high_d-easy_a-concrete_p-moderate_s-04,easy,62.48974609375,29.605106353759766,0.05295766046411043,-0.21071891124267272,transformer,1.0,1.0,2,0.001,6.572585675712617e-08,6.572585675712617e-08,0.0,0.0,0.0,0.0,1.0,0.11108344793319702,0.4609375,0.46078211069107056,105217.0,65.83371701863409,0.2029576468718731,0.9775853128797237,1.0,-1.488409157176382,0.41,0.1,4,1.0,1.0,1.0,,0.909,1.0,0.9696969696969697,0.7589285714285714,0.6458686590194702,1.0,0.8784654140472412,0.06540204584598541,0.9981650710105896,1.0,1.0,1.0,,0.9999999403953552,10000,10000,"[5, 6, 7, 8, 9]",0.01,64
concrete,256,0.275,0.12424242424242424,0.30930930930930933,0.3887240356083086,-1.8799128532409668,-2.503000259399414,-1.711047649383545,-1.4366281032562256,0.9968084096908569,moderate,nan,0.7421875,0.2421875,0.2421875,0.0,high,v2_c-high_d-easy_a-concrete_p-moderate_s-05,easy,73.3662645816803,28.97874641418457,0.019648641260560207,-0.19291307832261845,transformer,1.0,1.0,2,0.001,4.364811445611849e-08,4.364811445611849e-08,0.0,0.0,0.0,0.0,1.0,0.24387703835964203,0.380859375,0.38493630290031433,105217.0,64.39391781782253,0.1985189143955949,0.9754545030806019,1.0,-1.874016613851531,0.283,0.1,5,1.0,1.0,1.0,,0.88,1.0,0.9787878787878788,0.6636904761904762,0.5206766128540039,1.0,0.9151519536972046,-0.3432246446609497,0.999885082244873,1.0,1.0,1.0,,0.9999999403953552,10000,10000,"[5, 6, 7, 8, 9]",0.01,64
concrete,256,0.176,0.06363636363636363,0.057057057057057055,0.4035608308605341,-2.296600580215454,-2.74737548828125,-2.7717690467834473,-1.385660171508789,0.9993056654930115,tight,nan,0.84375,0.16796875,0.16796875,0.0,high,v2_c-high_d-easy_a-concrete_p-tight_s-00,easy,52.713008880615234,19.953828811645508,0.0010980737935120397,-0.5111063711267405,transformer,1.0,1.0,2,0.001,1.6418555048858252e-07,1.6418555048858252e-07,0.0,0.0,0.0,0.0,1.0,0.782219409942627,0.115234375,0.11253634840250015,28033.0,47.19189549887681,0.2818594712951239,0.9587478179110765,1.0,-3.621253076293561,0.176,0.1,0,1.0,1.0,1.0,,0.876,1.0,0.9575757575757575,0.6726190476190477,0.5069191455841064,1.0,0.8303170800209045,-0.3008497655391693,0.9995691180229187,1.0,1.0,1.0,,0.9999998807907104,10000,10000,"[5, 6, 7, 8, 9]",0.01,32
concrete,256,0.293,0.15151515151515152,0.2852852852852853,0.4391691394658754,-1.8267682790756226,-2.393937349319458,-1.8551772832870483,-1.243308186531067,0.9998316764831543,tight,nan,0.6669921875,0.23828125,0.23828125,0.0,high,v2_c-high_d-easy_a-concrete_p-tight_s-01,easy,59.868510246276855,20.085895538330078,0.03794132104208884,-0.24065512702660105,transformer,1.0,1.0,2,0.001,1.7425958276362508e-07,1.7425958276362508e-07,0.0,0.0,0.0,0.0,1.0,0.5746954083442688,0.22265625,0.2232062816619873,28033.0,47.90264633711978,0.28610451916556806,0.9656310068429468,1.0,-2.5097201776970977,0.291,0.1,1,1.0,1.0,1.0,,0.881,1.0,0.9848484848484849,0.6607142857142857,0.5249686241149902,1.0,0.9394237995147705,-0.3542894124984741,0.9998533725738525,1.0,1.0,1.0,,0.9999997615814209,10000,10000,"[5, 6, 7, 8, 9]",0.01,32
concrete,256,0.613,0.6515151515151515,0.6606606606606606,0.5281899109792285,-0.5391514897346497,-0.3942175805568695,-0.346143513917923,-0.8717919588088989,0.9981666803359985,tight,nan,0.33984375,0.55078125,0.55078125,0.0,high,v2_c-high_d-easy_a-concrete_p-tight_s-02,easy,88.8751232624054,19.733842849731445,0.10228616687039574,-0.2873496586949392,transformer,1.0,1.0,2,0.001,1.3612884686153848e-07,1.3612884686153848e-07,0.0,0.0,0.0,0.0,1.0,0.5689845681190491,0.21875,0.21949253976345062,28033.0,46.90756556624177,0.2801612753731611,0.957408779295768,1.0,0.10394964682097341,0.658,0.1,2,1.0,1.0,1.0,,0.862,1.0,0.9666666666666667,0.6220238095238095,0.44948726892471313,1.0,0.866666853427887,-0.5074785351753235,0.999602198600769,1.0,1.0,1.0,,0.9999998807907104,10000,10000,"[5, 6, 7, 8, 9]",0.01,32
concrete,256,0.333,0.23636363636363636,0.2672672672672673,0.49258160237388726,-1.6666972637176514,-2.054544687271118,-1.9316047430038452,-1.0251429080963135,0.9959311485290527,tight,nan,0.7099609375,0.37109375,0.37109375,0.0,high,v2_c-high_d-easy_a-concrete_p-tight_s-03,easy,72.19128513336182,19.52915382385254,0.06528498381517196,-0.24316524366139614,transformer,1.0,1.0,2,0.001,4.377415052658762e-08,4.377415052658762e-08,0.0,0.0,0.0,0.0,1.0,0.11891329288482666,0.447265625,0.4454207420349121,28033.0,47.522441166631666,0.2838336964489852,0.9577249280705992,1.0,-1.929905801088322,0.344,0.1,3,1.0,1.0,1.0,,0.854,1.0,0.9666666666666667,0.5982142857142857,0.41927415132522583,1.0,0.8667060732841492,-0.5974370837211609,0.999064028263092,1.0,1.0,1.0,,0.9999999403953552,10000,10000,"[5, 6, 7, 8, 9]",0.01,32
concrete,256,0.38,0.21818181818181817,0.38738738738738737,0.5311572700296736,-1.4805402755737305,-2.126235008239746,-1.4525457620620728,-0.8759200572967529,0.9989373087882996,tight,nan,0.6572265625,0.41796875,0.41796875,0.0,high,v2_c-high_d-easy_a-concrete_p-tight_s-04,easy,76.68456649780273,19.261991500854492,0.066243290824551,-0.2605440295310598,transformer,1.0,1.0,2,0.001,8.137097040616936e-08,8.137097040616936e-08,0.0,0.0,0.0,0.0,1.0,0.42681869864463806,0.3671875,0.36415785551071167,28033.0,46.435373827144765,0.2773410514231615,0.9637218906115081,1.0,-2.028893950245605,0.4,0.1,4,1.0,1.0,1.0,,0.903,1.0,0.9818181818181818,0.7291666666666666,0.6146544218063354,1.0,0.9260902404785156,-0.07427196204662323,0.997901976108551,1.0,1.0,1.0,,0.9999998807907104,10000,10000,"[5, 6, 7, 8, 9]",0.01,32
concrete,256,0.249,0.18181818181818182,0.2072072072072072,0.3560830860534125,-1.9920330047607422,-2.2723350524902344,-2.1719977855682373,-1.5397241115570068,0.9971184134483337,tight,nan,0.697265625,0.2421875,0.2421875,0.0,high,v2_c-high_d-easy_a-concrete_p-tight_s-05,easy,59.93505620956421,19.644075393676758,0.025579846961807078,-0.4332858373303708,transformer,1.0,1.0,2,0.001,6.984608091897826e-08,6.984608091897826e-08,0.0,0.0,0.0,0.0,1.0,0.39668816328048706,0.318359375,0.3141257166862488,28033.0,45.10532861344238,0.2693971907926495,0.9584662361485541,1.0,-2.0184248799158278,0.269,0.1,5,1.0,1.0,1.0,,0.872,1.0,0.9787878787878788,0.6398809523809523,0.4896922707557678,1.0,0.9151515364646912,-0.43543970584869385,0.9997442364692688,1.0,1.0,1.0,,0.9999999403953552,10000,10000,"[5, 6, 7, 8, 9]",0.01,32
concrete,256,0.472,0.5121212121212121,0.42342342342342343,0.4807121661721068,-1.0922949314117432,-0.9513680934906006,-1.293412685394287,-1.0315639972686768,0.9954993724822998,wide,nan,0.55859375,0.4921875,0.5,0.0,high,v2_c-high_d-easy_a-concrete_p-wide_s-00,easy,90.55301022529602,37.561241149902344,0.03400231166615213,-0.2138204626906225,transformer,1.0,1.0,2,0.001,2.969297874244603e-08,2.969297874244603e-08,0.0,0.0,0.0,0.0,1.0,0.045714057981967926,0.513671875,0.5145054459571838,407041.0,93.01165820086139,0.14578683536130133,0.9888913114349173,1.0,-0.6603605059397724,0.471,0.1,0,1.0,1.0,1.0,,0.886,1.0,0.9878787878787879,0.6726190476190477,0.5456666350364685,1.0,0.9586345553398132,-0.3115559220314026,0.9990960955619812,1.0,1.0,1.0,,1.0,10000,10000,"[5, 6, 7, 8, 9]",0.01,128
concrete,256,0.216,0.06060606060606061,0.1981981981981982,0.3857566765578635,-2.1346421241760254,-2.757575273513794,-2.2070980072021484,-1.4530528783798218,0.9996020793914795,wide,nan,0.796875,0.1875,0.1875,0.0,high,v2_c-high_d-easy_a-concrete_p-wide_s-01,easy,86.3278636932373,37.138729095458984,0.02007135870341546,-0.1312145980005664,transformer,1.0,1.0,2,0.001,2.8688999620385403e-08,2.8688999620385403e-08,0.0,0.0,0.0,0.0,1.0,0.6007386445999146,0.205078125,0.20524045825004578,407041.0,93.27667280766919,0.14620222028829183,0.9868361383463814,1.0,-2.3059875123834432,0.239,0.1,1,1.0,1.0,1.0,,0.888,1.0,0.9787878787878788,0.6875,0.5542342066764832,1.0,0.9151868224143982,-0.24338534474372864,0.9987179040908813,1.0,1.0,1.0,,1.0,10000,10000,"[5, 6, 7, 8, 9]",0.01,128
concrete,256,0.474,0.5060606060606061,0.4144144144144144,0.5014836795252225,-1.1013561487197876,-0.9711586833000183,-1.3402700424194336,-0.9927713871002197,0.9992712736129761,wide,nan,0.5869140625,0.52734375,0.5859375,0.0,high,v2_c-high_d-easy_a-concrete_p-wide_s-02,easy,64.88090348243713,37.25006866455078,0.05321890849825908,-0.1542128456621531,transformer,1.0,1.0,2,0.001,2.0907956255200588e-08,2.0907956255200588e-08,0.0,0.0,0.0,0.0,1.0,0.4912927746772766,0.28125,0.2808498442173004,407041.0,92.35316481874169,0.1447547102692158,0.9869042196137762,1.0,-0.37100788847697874,0.589,0.1,2,1.0,1.0,1.0,,0.885,1.0,0.990909090909091,0.6666666666666666,0.5396666526794434,1.0,0.9636363387107849,-0.3343254327774048,0.9983854293823242,1.0,1.0,1.0,,1.0,10000,10000,"[5, 6, 7, 8, 9]",0.01,128
concrete,256,0.823,1.0,0.8918918918918919,0.5816023738872403,0.2954619228839874,1.0,0.5786922574043274,-0.6743104457855225,0.9984820485115051,wide,1.0,0.1640625,0.7890625,0.7890625,1.0,high,v2_c-high_d-easy_a-concrete_p-wide_s-03,easy,75.15777683258057,37.58377456665039,0.031620322607850554,-0.136017135315131,transformer,1.0,1.0,2,0.001,1.94954239418621e-08,1.94954239418621e-08,0.0,0.0,0.0,0.0,1.0,0.8551360368728638,0.072265625,0.07126381993293762,407041.0,92.80444413275532,0.14546204722381553,0.9866642455960437,1.0,0.5186793102342021,0.817,0.1,3,1.0,1.0,1.0,,0.849,1.0,0.9606060606060606,0.5892857142857143,0.3960002064704895,1.0,0.842424213886261,-0.6428564190864563,1.0,1.0,1.0,1.0,,1.0,10000,10000,"[5, 6, 7, 8, 9]",0.01,128
concrete,256,0.383,0.2696969696969697,0.4024024024024024,0.47477744807121663,-1.4578571319580078,-1.8998905420303345,-1.3886723518371582,-1.0933691263198853,0.9983328580856323,wide,nan,0.5830078125,0.375,0.375,0.0,high,v2_c-high_d-easy_a-concrete_p-wide_s-04,easy,91.60755276679993,37.83218765258789,0.01424398677459724,-0.07433972196096343,transformer,1.0,1.0,2,0.001,1.9686003938090835e-08,1.9686003938090835e-08,0.0,0.0,0.0,0.0,1.0,0.05141402781009674,0.5,0.49938851594924927,407041.0,92.54386225332829,0.14505361017098792,0.9872440368123723,1.0,-3.006658333484247,0.283,0.1,4,1.0,1.0,1.0,,0.878,1.0,0.9878787878787879,0.6488095238095238,0.5121269822120667,1.0,0.9515153169631958,-0.40438416600227356,0.9994871616363525,1.0,1.0,1.0,,1.0,10000,10000,"[5, 6, 7, 8, 9]",0.01,128
concrete,256,0.849,0.9818181818181818,0.9519519519519519,0.6172106824925816,0.4136921167373657,0.9795698523521423,0.8078219294548035,-0.5298833847045898,0.9969526529312134,wide,1.0,0.1953125,0.84765625,0.84765625,1.0,high,v2_c-high_d-easy_a-concrete_p-wide_s-05,easy,67.25019526481628,37.882232666015625,0.0063010110488968445,-0.12733295067544684,transformer,1.0,1.0,2,0.001,1.9756496882905594e-08,1.9756496882905594e-08,0.0,0.0,0.0,0.0,1.0,0.9167718291282654,0.052734375,0.04203728586435318,407041.0,91.45514609775904,0.14334715222800187,0.9829936599483018,1.0,-0.15741094767444563,0.704,0.1,5,1.0,1.0,1.0,,0.861,1.0,0.9787878787878788,0.6071428571428571,0.44653016328811646,1.0,0.9151515364646912,-0.5638983249664307,0.999606192111969,1.0,1.0,1.0,,1.0,10000,10000,"[5, 6, 7, 8, 9]",0.01,128
invariant,256,0.308,0.22424242424242424,0.30930930930930933,0.3887240356083086,-1.7591923475265503,-2.1030397415161133,-1.7519841194152832,-1.429609775543213,0.9975745677947998,moderate,nan,0.6630859375,0.29296875,0.29296875,0.0,high,v2_c-high_d-easy_a-invariant_p-moderate_s-00,easy,80.61384892463684,28.551944732666016,0.013032920589704651,-0.19948110919688244,transformer,1.0,1.0,2,0.001,4.777703210834261e-08,4.777703210834261e-08,2.615362984809014e-16,0.0,0.0,0.0,1.0,0.15931066870689392,0.458984375,0.4593953490257263,105217.0,65.21033310833981,0.20103582721378963,0.9752561833477263,1.0,-1.809965539338064,0.363,0.1,0,1.0,1.0,1.0,,0.849,1.0,0.9575757575757575,0.5922619047619048,0.3981797993183136,1.0,0.8325134515762329,-0.6266359090805054,0.9992852807044983,1.0,1.0,1.0,,0.9999999403953552,10000,10000,"[5, 6, 7, 8, 9]",0.01,64
invariant,256,0.34,0.22424242424242424,0.40540540540540543,0.3887240356083086,-1.6400094032287598,-2.10302996635437,-1.3783671855926514,-1.4451431035995483,0.9999006986618042,moderate,nan,0.69921875,0.33984375,0.33984375,0.0,high,v2_c-high_d-easy_a-invariant_p-moderate_s-01,easy,82.4337854385376,29.40066909790039,0.03019231270872842,-0.19252112522303025,transformer,1.0,1.0,2,0.001,3.492268163540757e-08,3.492267808269389e-08,3.901205479674022e-15,0.0,0.0,0.0,1.0,0.09427950531244278,0.478515625,0.4783441424369812,105217.0,66.07815325546596,0.2037112151904229,0.9722759728551481,1.0,-2.1052344097278337,0.341,0.1,1,1.0,1.0,1.0,,0.913,1.0,0.990909090909091,0.75,0.6513606309890747,1.0,0.9637174010276794,-0.0019823198672384024,0.999386727809906,1.0,1.0,1.0,,1.0,10000,10000,"[5, 6, 7, 8, 9]",0.01,64
invariant,256,0.254,0.23030303030303031,0.15915915915915915,0.37091988130563797,-1.9842721223831177,-2.078787326812744,-2.3641815185546875,-1.5163195133209229,0.9995718002319336,moderate,nan,0.78125,0.30859375,0.30859375,0.0,high,v2_c-high_d-easy_a-invariant_p-moderate_s-02,easy,88.98698425292969,28.620357513427734,0.06405533956327811,-0.1278465749229618,transformer,1.0,1.0,2,0.001,4.0977010229426014e-08,4.0977010229426014e-08,1.9458185124624617e-16,0.0,0.0,0.0,1.0,0.1408976912498474,0.4453125,0.4426632225513458,105217.0,65.34261298092491,0.20144363058391968,0.9694682374641084,1.0,-2.5471236844187066,0.25,0.1,2,1.0,1.0,1.0,,0.905,1.0,0.9848484848484849,0.7321428571428571,0.6220450401306152,1.0,0.939393937587738,-0.06534220278263092,0.999715268611908,1.0,1.0,1.0,,0.9999999403953552,10000,10000,"[5, 6, 7, 8, 9]",0.01,64
invariant,256,0.558,0.5424242424242425,0.5705705705705706,0.5608308605341247,-0.7682077884674072,-0.8303019404411316,-0.7182953357696533,-0.7567234039306641,0.9992335438728333,moderate,nan,0.4345703125,0.62109375,0.61328125,0.0,high,v2_c-high_d-easy_a-invariant_p-moderate_s-03,easy,80.95248675346375,29.16196632385254,0.08059049690753753,-0.09888541435102528,transformer,1.0,1.0,2,0.001,2.392754261393293e-08,2.392754261393293e-08,1.2070508018971438e-16,0.0,0.0,0.0,1.0,0.4739723801612854,0.267578125,0.2693149447441101,105217.0,66.04212545165015,0.20360014568659476,0.9706842558114278,1.0,-1.3352019866491052,0.566,0.1,3,1.0,1.0,1.0,,0.878,1.0,0.9666666666666667,0.6696428571428571,0.5193976759910583,1.0,0.8711062073707581,-0.30377188324928284,0.9988779425621033,1.0,1.0,1.0,,1.0,10000,10000,"[5, 6, 7, 8, 9]",0.01,64
invariant,256,0.313,0.14242424242424243,0.45345345345345345,0.34124629080118696,-1.7344720363616943,-2.430299758911133,-1.1578752994537354,-1.6228501796722412,0.9968747496604919,moderate,nan,0.734375,0.3203125,0.3203125,0.0,high,v2_c-high_d-easy_a-invariant_p-moderate_s-04,easy,64.70792984962463,29.58748435974121,0.057358226396048595,-0.2087233464935653,transformer,1.0,1.0,2,0.001,4.2864225946459555e-08,4.2864225946459555e-08,7.783761093794518e-16,0.0,0.0,0.0,1.0,0.0637635588645935,0.4765625,0.4766293168067932,105217.0,65.83712897790708,0.20296816554310465,0.9707792794756371,1.0,-1.9655766639781524,0.3,0.1,4,1.0,1.0,1.0,,0.906,1.0,0.9636363636363636,0.7559523809523809,0.6260790228843689,1.0,0.8545469045639038,0.02999575436115265,0.9995416402816772,1.0,1.0,1.0,,0.9999999403953552,10000,10000,"[5, 6, 7, 8, 9]",0.01,64
invariant,256,0.332,0.20909090909090908,0.4264264264264264,0.3590504451038576,-1.6685353517532349,-2.162560224533081,-1.2935365438461304,-1.555319905281067,0.9992203712463379,moderate,nan,0.6826171875,0.28515625,0.28515625,0.0,high,v2_c-high_d-easy_a-invariant_p-moderate_s-05,easy,92.38588786125183,29.006715774536133,0.024851161808268362,-0.17913844463105338,transformer,1.0,1.0,2,0.001,2.9395456735414882e-08,2.9395453182701203e-08,2.677292210560736e-15,0.0,0.0,0.0,1.0,0.26904866099357605,0.35546875,0.35690999031066895,105217.0,64.34258943312366,0.1983606749911076,0.967002214320678,1.0,-1.6425322399187934,0.345,0.1,5,1.0,1.0,1.0,,0.893,1.0,0.9939393939393939,0.6875,0.5744897723197937,1.0,0.9753695130348206,-0.24220892786979675,0.9990314841270447,1.0,1.0,1.0,,1.0,10000,10000,"[5, 6, 7, 8, 9]",0.01,64
invariant,256,0.137,0.0,0.03003003003003003,0.3768545994065282,-2.450869560241699,-2.9999966621398926,-2.8838164806365967,-1.485341191291809,0.9988096356391907,tight,nan,0.88671875,0.125,0.125,0.0,high,v2_c-high_d-easy_a-invariant_p-tight_s-00,easy,80.86698818206787,19.890714645385742,0.0014089402278608498,-0.49395521648939533,transformer,1.0,1.0,2,0.001,1.8025288284206908e-07,1.8025288284206908e-07,2.2768237681261713e-16,0.0,0.0,0.0,1.0,0.871573269367218,0.0625,0.06396247446537018,28033.0,47.064045714435395,0.2810958725401489,0.9633503875690245,1.0,-4.650282591793671,0.137,0.1,0,1.0,1.0,1.0,,0.879,1.0,0.9636363636363636,0.6755952380952381,0.5133494734764099,1.0,0.8502413630485535,-0.30128028988838196,0.9980096220970154,1.0,1.0,1.0,,0.9999997615814209,10000,10000,"[5, 6, 7, 8, 9]",0.01,32
invariant,256,0.186,0.0,0.1831831831831832,0.37091988130563797,-2.2504234313964844,-2.9999966621398926,-2.2505593299865723,-1.516286015510559,0.9989693760871887,tight,nan,0.80078125,0.18359375,0.18359375,0.0,high,v2_c-high_d-easy_a-invariant_p-tight_s-01,easy,90.54054474830627,20.16925621032715,0.04408628623305511,-0.2601072834385072,transformer,1.0,1.0,2,0.001,1.7805771790335712e-07,1.7805771790335712e-07,3.109224591793568e-15,0.0,0.0,0.0,1.0,0.6913843750953674,0.162109375,0.16265596449375153,28033.0,47.99396037422445,0.2866499036208451,0.9671672479889251,1.0,-3.116058029095247,0.199,0.1,1,1.0,1.0,1.0,,0.866,1.0,0.9727272727272728,0.6279761904761905,0.4683557450771332,1.0,0.8909092545509338,-0.47513189911842346,0.998779296875,1.0,1.0,1.0,,0.9999997615814209,10000,10000,"[5, 6, 7, 8, 9]",0.01,32
invariant,256,0.628,0.703030303030303,0.6006006006006006,0.5816023738872403,-0.4831375479698181,-0.1893564909696579,-0.5818856358528137,-0.6732403039932251,0.9980495572090149,tight,nan,0.31640625,0.578125,0.578125,0.0,high,v2_c-high_d-easy_a-invariant_p-tight_s-02,easy,83.71632504463196,19.818927764892578,0.11584962492291884,-0.2671594433383763,transformer,1.0,1.0,2,0.001,1.2516798619799374e-07,1.2516798619799374e-07,1.7853677876513785e-15,0.0,0.0,0.0,1.0,0.6516627669334412,0.1640625,0.16388528048992157,28033.0,46.94469416822437,0.2803830305710423,0.9566867882622747,1.0,0.074218297760821,0.684,0.1,2,1.0,1.0,1.0,,0.853,1.0,0.9636363636363636,0.5982142857142857,0.4148334264755249,1.0,0.8545472025871277,-0.5987118482589722,0.9995811581611633,1.0,1.0,1.0,,0.9999998807907104,10000,10000,"[5, 6, 7, 8, 9]",0.01,32
invariant,256,0.373,0.4393939393939394,0.2972972972972973,0.3827893175074184,-1.485959768295288,-1.2346378564834595,-1.7591320276260376,-1.4621315002441406,0.9962479472160339,tight,nan,0.625,0.39453125,0.39453125,0.0,high,v2_c-high_d-easy_a-invariant_p-tight_s-03,easy,97.78611660003662,19.583656311035156,0.08889793887350578,-0.2187411821327614,transformer,1.0,1.0,2,0.001,5.9164754873108905e-08,5.9164754873108905e-08,1.3679710476588019e-16,0.0,0.0,0.0,1.0,0.5377901792526245,0.24609375,0.2504280209541321,28033.0,47.49033844494629,0.28364195894690525,0.9635814848530111,1.0,-1.3510696588308062,0.386,0.1,3,1.0,1.0,1.0,,0.86,1.0,0.9575757575757575,0.625,0.44108372926712036,1.0,0.8303065299987793,-0.4967781603336334,0.9998584985733032,1.0,1.0,1.0,,0.9999999403953552,10000,10000,"[5, 6, 7, 8, 9]",0.01,32
invariant,256,0.369,0.18787878787878787,0.39039039039039036,0.5252225519287834,-1.520056962966919,-2.2468276023864746,-1.4286715984344482,-0.8986832499504089,0.997664213180542,tight,nan,0.6591796875,0.38671875,0.38671875,0.0,high,v2_c-high_d-easy_a-invariant_p-tight_s-04,easy,48.712589263916016,19.288198471069336,0.07393284214538338,-0.24536501111759776,transformer,1.0,1.0,2,0.001,1.2117263281652413e-07,1.2117263281652413e-07,1.2749692388002234e-15,0.0,0.0,0.0,1.0,0.44613736867904663,0.36328125,0.3584885895252228,28033.0,46.38444462525772,0.27703687042416547,0.9651264983559605,1.0,-1.6792813334716232,0.4,0.1,4,1.0,1.0,1.0,,0.909,1.0,0.990909090909091,0.7380952380952381,0.6363862156867981,1.0,0.9608233571052551,-0.043706685304641724,0.9983973503112793,1.0,1.0,1.0,,0.9999998807907104,10000,10000,"[5, 6, 7, 8, 9]",0.01,32
invariant,256,0.408,0.29393939393939394,0.4924924924924925,0.4362017804154303,-1.348042368888855,-1.8012769222259521,-0.9962007999420166,-1.2518877983093262,0.9952853322029114,tight,nan,0.51953125,0.4140625,0.4140625,0.0,high,v2_c-high_d-easy_a-invariant_p-tight_s-05,easy,83.58640193939209,19.62017822265625,0.02715459683724705,-0.4328375499224817,transformer,1.0,1.0,2,0.001,7.430889326087708e-08,7.430889326087708e-08,1.6963417661587546e-16,0.0,0.0,0.0,1.0,0.3660863935947418,0.357421875,0.3531036972999573,28033.0,45.079348880550064,0.269242023603453,0.9648445899578089,1.0,-1.2692436263927176,0.442,0.1,5,1.0,1.0,1.0,,0.882,1.0,0.9757575757575757,0.6726190476190477,0.5308252573013306,1.0,0.9030303955078125,-0.30111539363861084,0.9991121888160706,1.0,1.0,1.0,,0.9999999403953552,10000,10000,"[5, 6, 7, 8, 9]",0.01,32
invariant,256,0.205,0.12727272727272726,0.11711711711711711,0.36795252225519287,-2.182802438735962,-2.497816324234009,-2.53155255317688,-1.5297213792800903,0.9968768358230591,wide,nan,0.7734375,0.171875,0.171875,0.0,high,v2_c-high_d-easy_a-invariant_p-wide_s-00,easy,84.08019661903381,37.53545379638672,0.03310704101274855,-0.21495407979335635,transformer,1.0,1.0,2,0.001,2.775469809535025e-08,2.775469631899341e-08,9.147668897935561e-16,0.0,0.0,0.0,1.0,0.4908647835254669,0.271484375,0.2685076892375946,407041.0,92.91025238009833,0.14562789148284325,0.9906788669326303,1.0,-3.397513606199438,0.159,0.1,0,1.0,1.0,1.0,,0.895,1.0,0.9848484848484849,0.7023809523809523,0.580958366394043,1.0,0.939393937587738,-0.18762396275997162,0.9997721910476685,1.0,1.0,1.0,,1.0,10000,10000,"[5, 6, 7, 8, 9]",0.01,128
invariant,256,0.203,0.03636363636363636,0.16516516516516516,0.4035608308605341,-2.1859774589538574,-2.8545453548431396,-2.337153434753418,-1.38191556930542,0.9993662238121033,wide,nan,0.8125,0.18359375,0.18359375,0.0,high,v2_c-high_d-easy_a-invariant_p-wide_s-01,easy,87.40771555900574,37.12567901611328,0.014142562978813273,-0.13290034426293776,transformer,1.0,1.0,2,0.001,1.8731958206785748e-08,1.8731958206785748e-08,1.2955861100718993e-17,0.0,0.0,0.0,1.0,0.5568512678146362,0.21484375,0.21936404705047607,407041.0,93.20048375342728,0.14608280126790288,0.9888836957170457,1.0,-3.19273579487717,0.18,0.1,1,1.0,1.0,1.0,,0.899,1.0,0.996969696969697,0.7023809523809523,0.5984078645706177,1.0,0.9878787994384766,-0.1833098977804184,0.9994763731956482,1.0,1.0,1.0,,1.0,10000,10000,"[5, 6, 7, 8, 9]",0.01,128
invariant,256,0.582,0.6545454545454545,0.5255255255255256,0.5667655786350149,-0.6702955961227417,-0.3818178176879883,-0.8976732492446899,-0.7281023263931274,0.9997468590736389,wide,nan,0.45703125,0.61328125,0.6171875,0.0,high,v2_c-high_d-easy_a-invariant_p-wide_s-02,easy,82.58708429336548,37.23965072631836,0.05931352852374705,-0.1394429590413877,transformer,1.0,1.0,2,0.001,2.4315529145724213e-08,2.4315529145724213e-08,8.495540878822436e-16,0.0,0.0,0.0,1.0,0.04596175625920296,0.509765625,0.5097839832305908,407041.0,92.43547698143892,0.14488372667364824,0.991703690190194,1.0,0.15640325412645661,0.753,0.1,2,1.0,1.0,1.0,,0.888,1.0,0.990909090909091,0.6755952380952381,0.5583418011665344,1.0,0.9636363387107849,-0.27874454855918884,0.9989210367202759,1.0,1.0,1.0,,1.0,10000,10000,"[5, 6, 7, 8, 9]",0.01,128
invariant,256,0.842,1.0,0.963963963963964,0.5667655786350149,0.3696121573448181,1.0,0.8558743000030518,-0.7281721234321594,0.9997907876968384,wide,1.0,0.15625,0.81640625,0.81640625,1.0,high,v2_c-high_d-easy_a-invariant_p-wide_s-03,easy,88.74977231025696,37.581974029541016,0.028434659359273924,-0.13854695579272513,transformer,1.0,1.0,2,0.001,2.305385926604231e-08,2.305385748968547e-08,9.267959223148697e-16,0.0,0.0,0.0,1.0,0.9313940405845642,0.029296875,0.029436632990837097,407041.0,92.77957498108748,0.1454230672186215,0.9891993078963879,1.0,0.3797017873628814,0.814,0.1,3,1.0,1.0,1.0,,0.854,1.0,0.9606060606060606,0.6041666666666666,0.4159987270832062,1.0,0.842424213886261,-0.5833370685577393,0.9999803304672241,1.0,1.0,1.0,,1.0,10000,10000,"[5, 6, 7, 8, 9]",0.01,128
invariant,256,0.269,0.1787878787878788,0.23723723723723725,0.3887240356083086,-1.9245716333389282,-2.2848713397979736,-2.047895908355713,-1.4498956203460693,0.9981691241264343,wide,nan,0.7373046875,0.2421875,0.2421875,0.0,high,v2_c-high_d-easy_a-invariant_p-wide_s-04,easy,78.14170551300049,37.8516845703125,0.01819651381242247,-0.07692608096661331,transformer,1.0,1.0,2,0.001,1.7770798166338864e-08,1.7770798166338864e-08,1.3393599290617767e-17,0.0,0.0,0.0,1.0,0.1320989429950714,0.46484375,0.46520352363586426,407041.0,92.62491398703338,0.14518065097410848,0.9874215319826497,1.0,-2.2670782061910195,0.316,0.1,4,1.0,1.0,1.0,,0.896,1.0,0.9878787878787879,0.7023809523809523,0.5886250138282776,1.0,0.951517641544342,-0.17671367526054382,0.9976245164871216,1.0,1.0,1.0,,1.0,10000,10000,"[5, 6, 7, 8, 9]",0.01,128
invariant,256,0.752,0.8636363636363636,0.8558558558558559,0.5400593471810089,0.011813686229288578,0.4531964361667633,0.4137587547302246,-0.8175750374794006,0.9938199520111084,wide,nan,0.23828125,0.734375,0.734375,0.0,high,v2_c-high_d-easy_a-invariant_p-wide_s-05,easy,97.59088397026062,37.87175750732422,0.0037272482101035178,-0.12735824194120632,transformer,1.0,1.0,2,0.001,2.5493330113590673e-08,2.5493328337233834e-08,1.7850279156812927e-15,0.0,0.0,0.0,1.0,0.5631098747253418,0.255859375,0.2577579915523529,407041.0,91.46187906353585,0.14335770550478658,0.9819954840207538,1.0,-0.06177947422993357,0.7,0.1,5,1.0,1.0,1.0,,0.877,1.0,0.9787878787878788,0.6547619047619048,0.5101999640464783,1.0,0.9151515364646912,-0.3744048476219177,0.9990010857582092,1.0,1.0,1.0,,1.0,10000,10000,"[5, 6, 7, 8, 9]",0.01,128
latent,256,0.86,1.0,1.0,0.5845697329376854,0.44456034898757935,1.0,1.0,-0.6481887698173523,0.9967263340950012,moderate,1.0,0.125,0.8671875,0.8671875,1.0,high,v2_c-high_d-easy_a-latent_p-moderate_s-00,easy,96.87811946868896,7.467291831970215,0.9999954285903657,0.9999822900086336,transformer,1.0,1.0,2,0.001,1.3827970178681426e-05,9.170273642666871e-07,1.179773111682444e-15,6.687813765893225e-06,5.561702778322797e-07,5.6669581681489944e-05,1.0,0.9456666707992554,0.0546875,0.053501177579164505,105217.0,48.25893356595736,0.14877664577742802,0.9999981096525815,1.0,0.7687654240687457,0.854,0.1,0,1.0,1.0,1.0,,0.863,1.0,0.9848484848484849,0.6071428571428571,0.45799893140792847,1.0,0.939394474029541,-0.5535751581192017,0.9985703825950623,1.0,1.0,1.0,,0.9999991655349731,10000,10000,"[5, 6, 7, 8, 9]",0.01,64
latent,256,0.881,1.0,1.0,0.6468842729970327,0.5399131178855896,1.0,0.9996216297149658,-0.36486896872520447,0.9949368238449097,moderate,1.0,0.125,0.87890625,0.87890625,1.0,high,v2_c-high_d-easy_a-latent_p-moderate_s-01,easy,113.62692284584045,7.962208271026611,0.9999971147972093,0.999989834467719,transformer,1.0,1.0,2,0.001,2.820510053425096e-05,7.559160621894989e-07,1.3730325724444587e-15,1.8485279724700376e-05,7.551816452178173e-07,8.208723738789558e-05,1.0,0.9984561204910278,0.0078125,0.009893185459077358,105217.0,47.83723394302156,0.14747659517974446,0.9999924904380013,1.0,0.8568620586415645,0.885,0.1,1,1.0,1.0,1.0,,0.912,1.0,0.996969696969697,0.7410714285714286,0.6553918719291687,1.0,0.9853450059890747,-0.011226145550608635,0.9953274726867676,1.0,1.0,1.0,,0.9999992847442627,10000,10000,"[5, 6, 7, 8, 9]",0.01,64
latent,256,0.856,1.0,0.9669669669669669,0.6053412462908012,0.4240036904811859,1.0,0.8678684234619141,-0.5786246061325073,0.9999967813491821,moderate,1.0,0.15625,0.86328125,0.86328125,1.0,high,v2_c-high_d-easy_a-latent_p-moderate_s-02,easy,118.88744330406189,8.0062894821167,0.9999657023398729,0.9999265037474926,transformer,1.0,1.0,2,0.001,4.9643545935396105e-05,3.0798764782957733e-06,1.1399399897334475e-14,1.5897989214863628e-05,3.854393526125932e-06,0.0002681128680706024,1.0,0.9988969564437866,0.0,3.4801783499460726e-07,105217.0,48.31899118588144,0.14896179639277402,0.9999904622569556,1.0,0.6653477861807866,0.856,0.1,2,1.0,1.0,1.0,,0.865,1.0,0.9848484848484849,0.6130952380952381,0.4619004428386688,1.0,0.9451967477798462,-0.547662079334259,0.9991030097007751,1.0,1.0,1.0,,0.9999969601631165,10000,10000,"[5, 6, 7, 8, 9]",0.01,64
latent,256,0.964,1.0,1.0,0.8931750741839762,0.867539644241333,1.0,1.0,0.6069428324699402,0.9954769015312195,moderate,1.0,0.03125,0.96484375,0.96484375,1.0,high,v2_c-high_d-easy_a-latent_p-moderate_s-03,easy,104.72441124916077,7.753904819488525,0.9999951840725693,0.9999919050752305,transformer,1.0,1.0,2,0.001,0.00021899658895563334,5.10489428506844e-08,4.399486811933121e-17,0.0002059534890577197,1.1480400416985503e-06,0.00011844001710414886,1.0,0.9796372652053833,0.01953125,0.019175652414560318,105217.0,47.514862162435996,0.14648276069844024,0.9999631366933702,1.0,0.939901398446308,0.96,0.1,3,1.0,1.0,1.0,,0.988,1.0,1.0,0.9642857142857143,0.954990565776825,1.0,0.9999895691871643,0.8660534620285034,0.9988448619842529,1.0,1.0,1.0,,0.9999998807907104,10000,10000,"[5, 6, 7, 8, 9]",0.01,64
latent,256,0.856,1.0,0.9669669669669669,0.6053412462908012,0.42410343885421753,1.0,0.8678776025772095,-0.5783376097679138,0.9999572038650513,moderate,1.0,0.12109375,0.8515625,0.8515625,1.0,high,v2_c-high_d-easy_a-latent_p-moderate_s-04,easy,72.1092119216919,8.133267402648926,0.9988136639559227,0.9979516135037579,transformer,1.0,1.0,2,0.001,0.0005036886432208121,2.1580111933872104e-05,1.8104188287404455e-11,0.0001126285205828026,0.00018851760250981897,0.001809623558074236,1.0,0.9967942237854004,0.0,2.3078397134668194e-05,105217.0,48.07139043302825,0.14819847224158622,0.9999255727679718,1.0,0.7232685384080224,0.856,0.1,4,1.0,1.0,1.0,,0.838,1.0,0.9575757575757575,0.5595238095238095,0.3520566523075104,1.0,0.8303117156028748,-0.7617447376251221,0.9999719262123108,1.0,1.0,1.0,,0.9999786615371704,10000,10000,"[5, 6, 7, 8, 9]",0.01,64
latent,256,0.953,1.0,1.0,0.8605341246290801,0.8262354731559753,1.0,1.0,0.4843781590461731,0.997337281703949,moderate,1.0,0.03515625,0.9375,0.9375,1.0,high,v2_c-high_d-easy_a-latent_p-moderate_s-05,easy,95.88859295845032,7.628243446350098,0.9999991528353529,0.9999986626488275,transformer,1.0,1.0,2,0.001,8.327038813149557e-06,8.328935052759334e-08,1.1302085023178257e-16,5.58598549105227e-06,2.3767526613482914e-07,2.4200882762670517e-05,1.0,0.9644819498062134,0.01953125,0.02122490108013153,105217.0,46.38794215408538,0.14300859816493275,0.9999975349335318,1.0,0.9235882049750669,0.946,0.1,5,1.0,1.0,1.0,,0.984,1.0,1.0,0.9523809523809523,0.9350505471229553,1.0,1.0,0.8066981434822083,0.9994432330131531,1.0,1.0,1.0,,0.9999999403953552,10000,10000,"[5, 6, 7, 8, 9]",0.01,64
latent,256,0.892,1.0,0.975975975975976,0.7032640949554896,0.5651116371154785,1.0,0.9039040803909302,-0.1955145299434662,0.9977303147315979,tight,1.0,0.10546875,0.90234375,0.90234375,1.0,high,v2_c-high_d-easy_a-latent_p-tight_s-00,easy,119.38858699798584,6.802974700927734,0.9999960401923328,0.9999910627824455,transformer,1.0,1.0,2,0.001,0.00029262155294418335,1.404031593210675e-07,4.3474371336327116e-18,0.0002873026533052325,4.919961611449253e-07,4.6865083277225494e-05,1.0,0.7205493450164795,0.162109375,0.16293689608573914,28033.0,33.056190513570826,0.19743221336400268,0.999956406504496,1.0,0.8764801082564428,0.891,0.1,0,1.0,1.0,1.0,,0.899,1.0,0.990909090909091,0.7083333333333334,0.6007512807846069,1.0,0.9707447290420532,-0.1595073640346527,0.9985814094543457,1.0,1.0,1.0,,0.9999998807907104,10000,10000,"[5, 6, 7, 8, 9]",0.01,32
latent,256,0.815,0.8727272727272727,0.8708708708708709,0.7032640949554896,0.2611440420150757,0.48503825068473816,0.48336663842201233,-0.1776844710111618,0.9958431720733643,tight,1.0,0.208984375,0.796875,0.796875,1.0,high,v2_c-high_d-easy_a-latent_p-tight_s-01,easy,75.06195759773254,6.869418621063232,0.9999997043515748,0.9999994988148624,transformer,1.0,1.0,2,0.001,1.3788142496196087e-05,6.774763505745796e-07,1.2547598664767933e-17,7.274418749148026e-06,9.194339867235612e-08,5.74430450797081e-05,1.0,0.5241794586181641,0.302734375,0.30557286739349365,28033.0,35.399923063834166,0.21143044781699513,0.9999968588249312,1.0,0.6476126777362057,0.827,0.1,1,1.0,1.0,1.0,,0.936,1.0,0.990909090909091,0.8184523809523809,0.7461899518966675,1.0,0.9633559584617615,0.2806025445461273,0.9973303079605103,1.0,1.0,1.0,,0.999999463558197,10000,10000,"[5, 6, 7, 8, 9]",0.01,32
latent,256,0.884,1.0,0.8888888888888888,0.7655786350148368,0.5333871841430664,1.0,0.55562824010849,0.05448953062295914,0.9975633025169373,tight,1.0,0.125,0.8984375,0.8984375,1.0,high,v2_c-high_d-easy_a-latent_p-tight_s-02,easy,119.85325288772583,7.321727275848389,0.9999892751794793,0.9999740981444657,transformer,1.0,1.0,2,0.001,5.6858618336264044e-05,1.75554490056129e-07,3.480863632593622e-16,4.9003974709194154e-05,1.8158538068746566e-06,5.8632344007492065e-05,1.0,0.8186999559402466,0.109375,0.1078922301530838,28033.0,34.33709005477024,0.20508254534681586,0.999967844251025,1.0,0.7214670700908982,0.884,0.1,2,1.0,1.0,1.0,,0.963,1.0,0.9666666666666667,0.9226190476190477,0.8522435426712036,1.0,0.8666672110557556,0.6912004351615906,0.999261736869812,1.0,1.0,1.0,,0.9999997615814209,10000,10000,"[5, 6, 7, 8, 9]",0.01,32
latent,256,0.871,1.0,0.972972972972973,0.6439169139465876,0.48795944452285767,1.0,0.879891037940979,-0.40072494745254517,0.9954289793968201,tight,1.0,0.130859375,0.85546875,0.85546875,1.0,high,v2_c-high_d-easy_a-latent_p-tight_s-03,easy,119.24228549003601,7.4768829345703125,0.9999945492059849,0.9999910934652111,transformer,1.0,1.0,2,0.001,0.0002609706425573677,1.1329331783827001e-07,3.978910799947474e-18,0.0002531982318032533,9.981948778658989e-07,6.660912185907364e-05,1.0,0.9073121547698975,0.0625,0.06851562112569809,28033.0,34.374350607113286,0.20530508863465272,0.9999684209756329,1.0,0.8442474779659798,0.874,0.1,3,1.0,1.0,1.0,,0.93,1.0,0.9939393939393939,0.7976190476190477,0.7273404598236084,1.0,0.9848418235778809,0.20340073108673096,0.9965963959693909,1.0,1.0,1.0,,0.9999998807907104,10000,10000,"[5, 6, 7, 8, 9]",0.01,32
latent,256,0.856,1.0,0.9669669669669669,0.6053412462908012,0.42426660656929016,1.0,0.8678680658340454,-0.5778440237045288,0.9999659657478333,tight,1.0,0.12109375,0.8515625,0.8515625,1.0,high,v2_c-high_d-easy_a-latent_p-tight_s-04,easy,117.44996118545532,6.542440414428711,0.9999998846851604,0.9999997558800381,transformer,1.0,1.0,2,0.001,3.7586657981591998e-06,1.7814653574532713e-07,5.4155175559795575e-18,4.48324783519638e-07,1.566305130040746e-08,3.1165312975645065e-05,1.0,0.9921315908432007,0.0,0.00014312447456177324,28033.0,34.00034298199472,0.20307128152938878,0.9999993664198298,1.0,0.8086075041917786,0.857,0.1,4,1.0,1.0,1.0,,0.879,1.0,1.0,0.6398809523809523,0.520365834236145,1.0,0.9999912977218628,-0.42747411131858826,0.998982846736908,1.0,1.0,1.0,,0.9999997615814209,10000,10000,"[5, 6, 7, 8, 9]",0.01,32
latent,256,0.862,1.0,0.9309309309309309,0.658753709198813,0.45071980357170105,1.0,0.7256019115447998,-0.35877031087875366,0.9993267059326172,tight,1.0,0.1337890625,0.85546875,0.85546875,1.0,high,v2_c-high_d-easy_a-latent_p-tight_s-05,easy,103.34486103057861,6.621216297149658,0.9999996370801273,0.9999992770342442,transformer,1.0,1.0,2,0.001,8.817472917144187e-06,9.13901558874386e-08,5.784730035982908e-18,4.762836852023611e-06,6.798901353022302e-08,3.895256668329239e-05,1.0,0.8772716522216797,0.07421875,0.0710621252655983,28033.0,33.318069289789804,0.19899631695908399,0.9999983621252596,1.0,0.8207222918067729,0.85,0.1,5,1.0,1.0,1.0,,0.845,1.0,0.9606060606060606,0.5773809523809523,0.38292160630226135,1.0,0.842424213886261,-0.6817810535430908,0.9995205402374268,1.0,1.0,1.0,,0.9999999403953552,10000,10000,"[5, 6, 7, 8, 9]",0.01,32
latent,256,0.794,0.8424242424242424,0.8858858858858859,0.655786350148368,0.25385046005249023,0.4137774407863617,0.6422527432441711,-0.28654682636260986,0.9736441373825073,wide,1.0,0.2470703125,0.7890625,0.7890625,1.0,high,v2_c-high_d-easy_a-latent_p-wide_s-00,easy,113.21656942367554,8.455979347229004,0.9999940266442493,0.9999844513183458,transformer,1.0,1.0,2,0.001,3.765497967833653e-05,3.43298893312749e-07,9.446668351942777e-16,2.818341090460308e-05,1.8088181832354167e-06,7.319450378417969e-05,1.0,0.817486047744751,0.224609375,0.2276347279548645,407041.0,68.19178322487949,0.10688406664603457,0.9999981753925445,1.0,0.6576463998942036,0.824,0.1,0,1.0,1.0,1.0,,0.926,1.0,1.0,0.7797619047619048,0.72767174243927,1.0,1.0,0.18949924409389496,0.9913698434829712,1.0,1.0,1.0,,0.9999996423721313,10000,10000,"[5, 6, 7, 8, 9]",0.01,128
latent,256,0.972,1.0,1.0,0.9169139465875371,0.9121577143669128,1.0,1.0,0.7393403649330139,0.993927001953125,wide,1.0,0.01171875,0.97265625,0.97265625,1.0,high,v2_c-high_d-easy_a-latent_p-wide_s-01,easy,117.36642646789551,8.409574508666992,0.9999983285080882,0.9999952279623523,transformer,1.0,1.0,2,0.001,3.764879693335388e-06,2.747876806097338e-07,3.479986953493214e-16,1.6710621366655687e-06,4.789029617313645e-07,1.3401266187429428e-05,1.0,0.9797099232673645,0.04296875,0.038498520851135254,407041.0,66.94324233435765,0.10492709879093749,0.9999996141774916,1.0,0.9623729354956072,0.981,0.1,1,1.0,1.0,1.0,,0.924,1.0,0.9848484848484849,0.7886904761904762,0.7358365654945374,1.0,0.9711104035377502,0.24217301607131958,0.9937682151794434,1.0,1.0,1.0,,0.9999997615814209,10000,10000,"[5, 6, 7, 8, 9]",0.01,128
latent,256,0.817,0.8818181818181818,0.933933933933934,0.6379821958456974,0.3007340431213379,0.5348313450813293,0.7561887502670288,-0.37854939699172974,0.9922071695327759,wide,1.0,0.1298828125,0.8125,0.8125,1.0,high,v2_c-high_d-easy_a-latent_p-wide_s-02,easy,122.74800634384155,8.33521842956543,0.9999964303778889,0.9999927860066542,transformer,1.0,1.0,2,0.001,0.00016594416229054332,9.90403691503161e-07,2.8326744755039065e-15,0.00015281690866686404,1.2096010095774545e-06,0.0001092725433409214,1.0,0.8556370735168457,0.158203125,0.1582947075366974,407041.0,69.55679532349174,0.109023591926369,0.9999959499490235,1.0,0.5896042592117736,0.818,0.1,2,1.0,1.0,1.0,,0.894,1.0,0.9848484848484849,0.6994047619047619,0.5853173732757568,1.0,0.9394317865371704,-0.1746879518032074,0.9957194924354553,1.0,1.0,1.0,,0.9999990463256836,10000,10000,"[5, 6, 7, 8, 9]",0.01,128
latent,256,0.828,0.9575757575757575,0.9279279279279279,0.6023738872403561,0.3967912197113037,0.8590535521507263,0.7586692571640015,-0.41345182061195374,0.9747774600982666,wide,0.9940298507462687,0.158203125,0.80859375,0.8125,1.0,high,v2_c-high_d-easy_a-latent_p-wide_s-03,easy,105.11010980606079,8.085365295410156,0.99999905122009,0.999998377770992,transformer,1.0,1.0,2,0.001,8.695709402672946e-05,6.970994377297757e-07,6.942799572827018e-15,7.850947440601885e-05,6.557548317687178e-07,7.094768807291985e-05,1.0,0.9508365392684937,0.138671875,0.12848766148090363,407041.0,68.01488081819298,0.10660678912472717,0.9999974858842866,1.0,0.7564130319237934,0.831,0.1,3,1.0,1.0,1.0,,0.876,1.0,0.9818181818181818,0.6488095238095238,0.5066807270050049,1.0,0.9272732734680176,-0.39678406715393066,0.9984031915664673,1.0,1.0,1.0,,0.9999994039535522,10000,10000,"[5, 6, 7, 8, 9]",0.01,128
latent,256,0.72,0.8272727272727273,0.7867867867867868,0.5489614243323442,-0.09358231723308563,0.33348265290260315,0.1779993623495102,-0.7801346778869629,0.989897608757019,wide,nan,0.25,0.70703125,0.70703125,0.0,high,v2_c-high_d-easy_a-latent_p-wide_s-04,easy,86.4221396446228,8.538461685180664,0.9999954956835879,0.9999859898027739,transformer,1.0,1.0,2,0.001,1.4715723409608472e-05,4.3269989191685454e-07,1.6455429768504276e-15,8.544806405552663e-06,7.428362778227893e-07,4.995381459593773e-05,1.0,0.6864064931869507,0.396484375,0.39941346645355225,407041.0,67.50223688617064,0.1058032690288343,0.9999991513212664,1.0,0.2972315830093859,0.732,0.1,4,1.0,1.0,1.0,,0.87,1.0,0.9848484848484849,0.6279761904761905,0.4800013303756714,1.0,0.939393937587738,-0.4880913197994232,0.9999881982803345,1.0,1.0,1.0,,0.9999995231628418,10000,10000,"[5, 6, 7, 8, 9]",0.01,128
latent,256,0.881,1.0,0.9459459459459459,0.7002967359050445,0.562230110168457,1.0,0.8172581791877747,-0.11844785511493683,0.9863757491111755,wide,1.0055172413793103,0.1787109375,0.890625,0.88671875,1.0,high,v2_c-high_d-easy_a-latent_p-wide_s-05,easy,120.81101131439209,8.57979679107666,0.9999893028779939,0.9999731948022135,transformer,1.0,1.0,2,0.001,1.963479553523939e-05,1.6048031170612376e-07,5.595222775667274e-16,6.264367584662978e-06,2.0749150735355215e-06,0.00011135032400488853,1.0,0.9714486002922058,0.060546875,0.04819068685173988,407041.0,68.57445369337354,0.10748386582892298,0.9999973831945344,1.0,0.8491170237302444,0.884,0.1,5,1.0,1.0,1.0,,0.869,1.0,0.9787878787878788,0.6309523809523809,0.4839385449886322,1.0,0.9149865508079529,-0.4524019658565521,0.9931489825248718,1.0,1.0,1.0,,0.9999998807907104,10000,10000,"[5, 6, 7, 8, 9]",0.01,128
concrete,256,0.254,0.2948328267477204,0.2359882005899705,0.2319277108433735,-1.987804651260376,-1.8207781314849854,-2.067164897918701,-2.0722880363464355,0.996874988079071,moderate,nan,0.736328125,0.21484375,0.20703125,0.0,high,v2_c-high_d-hard_a-concrete_p-moderate_s-00,hard,59.792999029159546,28.61457633972168,0.012561288544836716,-0.16572828208805174,transformer,1.0,1.0,2,0.001,5.7476686521340525e-08,5.7476686521340525e-08,0.0,0.0,0.0,0.0,1.0,0.4258403182029724,0.296875,0.2947377860546112,105217.0,65.55502313396015,0.20209846623324995,0.8832597952099461,1.0,-0.5534391302562285,0.224,0.1,0,1.0,,,1.0,0.917,0.8328267477203647,0.9156626506024096,1.0,0.6706415414810181,0.33473432064056396,0.6672106981277466,1.0,0.9995330572128296,1.0,,,1.0,0.9999998807907104,10000,10000,"[1, 2, 3]",0.01,64
concrete,256,0.676,0.6109422492401215,0.6637168141592921,0.7530120481927711,-0.29534491896629333,-0.5561841130256653,-0.34520551562309265,0.014049193821847439,0.998751699924469,moderate,nan,0.3232421875,0.671875,0.671875,0.0,high,v2_c-high_d-hard_a-concrete_p-moderate_s-01,hard,102.41658782958984,29.455184936523438,0.043147793407298754,-0.17881444886492523,transformer,1.0,1.0,2,0.001,5.127989410880218e-08,5.127989410880218e-08,0.0,0.0,0.0,0.0,1.0,-0.0015262709930539131,0.521484375,0.5234114527702332,105217.0,66.34205171335331,0.20452478325936194,0.8874311768559079,1.0,0.144387148457918,0.67,0.1,1,1.0,,,1.0,0.973,1.0,0.9186746987951807,1.0,0.8944423794746399,1.0,0.6820554137229919,1.0,0.9994681477546692,1.0,,,1.0,0.9999999403953552,10000,10000,"[1, 2, 3]",0.01,64
concrete,256,0.763,0.5866261398176292,0.8525073746312685,0.8463855421686747,0.07378750294446945,-0.5876891613006592,0.4104330539703369,0.3855434060096741,0.9968584179878235,moderate,nan,0.1875,0.7421875,0.74609375,0.0,high,v2_c-high_d-hard_a-concrete_p-moderate_s-02,hard,47.61703276634216,28.81073760986328,0.10852613486381671,-0.12178246201637372,transformer,1.0,1.0,2,0.001,4.531469244284381e-08,4.531469244284381e-08,0.0,0.0,0.0,0.0,1.0,0.44653448462486267,0.3046875,0.30120471119880676,105217.0,65.48642759940215,0.20188699422604325,0.8876716943797892,1.0,0.31258365535308963,0.79,0.1,2,1.0,,,1.0,0.932,0.878419452887538,0.9156626506024096,1.0,0.7307863831520081,0.5187884569168091,0.6659787893295288,1.0,0.9984751343727112,1.0,,,1.0,0.9999999403953552,10000,10000,"[1, 2, 3]",0.01,64
concrete,256,0.519,0.3768996960486322,0.5221238938053098,0.6566265060240963,-0.9198311567306519,-1.4923996925354004,-0.9114533066749573,-0.36099064350128174,0.9992029070854187,moderate,nan,0.49609375,0.58984375,0.60546875,0.0,high,v2_c-high_d-hard_a-concrete_p-moderate_s-03,hard,78.03741335868835,29.184528350830078,0.12192594622082989,-0.07914793814143851,transformer,1.0,1.0,2,0.001,4.921322016571139e-08,4.921322016571139e-08,0.0,0.0,0.0,0.0,1.0,0.4572756886482239,0.26171875,0.26213502883911133,105217.0,66.48019718145532,0.2049506695741824,0.8974758087883836,1.0,-0.23727263060054815,0.518,0.1,3,1.0,,,1.0,0.982,0.9635258358662614,0.9819277108433735,1.0,0.9312406778335571,0.8541033267974854,0.937471866607666,1.0,0.9995441436767578,1.0,,,1.0,0.9999999403953552,10000,10000,"[1, 2, 3]",0.01,64
concrete,256,0.491,0.1884498480243161,0.696165191740413,0.5813253012048193,-1.0171520709991455,-2.1889026165008545,-0.21534059941768646,-0.6747066974639893,0.9973552823066711,moderate,nan,0.541015625,0.50390625,0.5,0.0,high,v2_c-high_d-hard_a-concrete_p-moderate_s-04,hard,61.91303753852844,29.480377197265625,0.08040272894732471,-0.13811744621370228,transformer,1.0,1.0,2,0.001,7.059260553887725e-08,7.059260553887725e-08,0.0,0.0,0.0,0.0,1.0,0.2341226190328598,0.373046875,0.37680256366729736,105217.0,66.15724844353063,0.203955056400907,0.883597259975456,1.0,-0.21953626748400312,0.498,0.1,4,1.0,,,1.0,0.897,0.8297872340425532,0.858433734939759,1.0,0.5904704332351685,0.3197266757488251,0.4406036138534546,1.0,0.9987010359764099,1.0,,,1.0,0.9999999403953552,10000,10000,"[1, 2, 3]",0.01,64
concrete,256,0.164,0.16109422492401215,0.16224188790560473,0.1686746987951807,-2.3438990116119385,-2.355325698852539,-2.3510310649871826,-2.3252921104431152,0.9999627470970154,moderate,nan,0.81640625,0.1484375,0.1484375,0.0,high,v2_c-high_d-hard_a-concrete_p-moderate_s-05,hard,60.629637002944946,28.868101119995117,0.027815831149319233,-0.17723451107830035,transformer,1.0,1.0,2,0.001,6.464630786240377e-08,6.464630786240377e-08,0.0,0.0,0.0,0.0,1.0,0.3994500935077667,0.302734375,0.3026776909828186,105217.0,64.83628077655453,0.19988266763988033,0.8825244902930598,1.0,-0.5555056047186719,0.152,0.1,5,1.0,,,1.0,0.907,0.9665653495440729,0.7530120481927711,1.0,0.6301444172859192,0.8662616014480591,0.018506983295083046,1.0,0.9996645450592041,1.0,,,1.0,0.9999998807907104,10000,10000,"[1, 2, 3]",0.01,64
concrete,256,0.467,0.2826747720364742,0.5132743362831859,0.6024096385542169,-1.1266615390777588,-1.8446255922317505,-0.9468818306922913,-0.5987548828125,0.9963542222976685,tight,nan,0.5927734375,0.4375,0.42578125,0.0,high,v2_c-high_d-hard_a-concrete_p-tight_s-00,hard,79.51013135910034,19.972087860107422,0.056815044307806845,-0.43950732389663405,transformer,1.0,1.0,2,0.001,1.6125710544656613e-07,1.6125710544656613e-07,0.0,0.0,0.0,0.0,1.0,0.4233376681804657,0.294921875,0.29511281847953796,28033.0,47.31419860729068,0.28258994183695885,0.8647264871503392,1.0,-0.1551799054662213,0.464,0.1,0,1.0,,,1.0,0.854,0.7446808510638298,0.8132530120481928,1.0,0.4203432500362396,-0.008139219135046005,0.2530754804611206,1.0,0.9990457892417908,1.0,,,1.0,0.9999997615814209,10000,10000,"[1, 2, 3]",0.01,32
concrete,256,0.201,0.2006079027355623,0.23303834808259588,0.1686746987951807,-2.19118595123291,-2.197638988494873,-2.069671869277954,-2.3088672161102295,0.9979316592216492,tight,nan,0.845703125,0.2109375,0.21484375,0.0,high,v2_c-high_d-hard_a-concrete_p-tight_s-01,hard,78.7790915966034,20.163846969604492,0.02997117473374434,-0.22151626479693842,transformer,1.0,1.0,2,0.001,1.8205075491550815e-07,1.8205075491550815e-07,0.0,0.0,0.0,0.0,1.0,0.2804787755012512,0.408203125,0.40478771924972534,28033.0,47.82335603143514,0.2856309479431612,0.8649506364758363,1.0,-0.5062800675285655,0.207,0.1,1,1.0,,,1.0,0.929,0.8419452887537994,0.9427710843373494,1.0,0.7169192433357239,0.36902329325675964,0.772622287273407,1.0,0.9997578263282776,1.0,,,1.0,0.9999997615814209,10000,10000,"[1, 2, 3]",0.01,32
concrete,256,0.581,0.7264437689969605,0.3952802359882006,0.6265060240963856,-0.6638041138648987,-0.09422826021909714,-1.384291410446167,-0.49255499243736267,0.9976543188095093,tight,nan,0.4462890625,0.5390625,0.54296875,0.0,high,v2_c-high_d-hard_a-concrete_p-tight_s-02,hard,92.64207768440247,19.676191329956055,0.08381116716656457,-0.26078744390269826,transformer,1.0,1.0,2,0.001,2.139582875315682e-07,2.139582875315682e-07,0.0,0.0,0.0,0.0,1.0,0.09662136435508728,0.478515625,0.47987401485443115,28033.0,47.18607405976009,0.2818247020252255,0.8482653550153487,1.0,0.07688122951560117,0.593,0.1,2,1.0,,,1.0,0.881,0.8115501519756839,0.8283132530120482,1.0,0.5284543037414551,0.24604538083076477,0.32682332396507263,1.0,0.9991352558135986,1.0,,,1.0,0.9999997615814209,10000,10000,"[1, 2, 3]",0.01,32
concrete,256,0.279,0.2188449848024316,0.3746312684365782,0.24096385542168675,-1.8812172412872314,-2.1246185302734375,-1.505000352859497,-2.024165153503418,0.9983919858932495,tight,nan,0.73046875,0.30078125,0.30078125,0.0,high,v2_c-high_d-hard_a-concrete_p-tight_s-03,hard,76.24288392066956,19.616870880126953,0.05838335239579829,-0.2869122079096876,transformer,1.0,1.0,2,0.001,1.4611131859965099e-07,1.4611131859965099e-07,0.0,0.0,0.0,0.0,1.0,0.4234018325805664,0.294921875,0.2920525074005127,28033.0,47.73717980515738,0.2851162497027094,0.8732784958537367,1.0,-0.5038302017384506,0.274,0.1,3,1.0,,,1.0,0.93,0.993920972644377,0.7951807228915663,1.0,0.7206906676292419,0.975683867931366,0.18280327320098877,1.0,0.9999094009399414,1.0,,,1.0,0.9999998807907104,10000,10000,"[1, 2, 3]",0.01,32
concrete,256,0.23,0.17933130699088146,0.26843657817109146,0.24096385542168675,-2.030876398086548,-2.1544408798217773,-1.926249384880066,-2.0152618885040283,0.992121696472168,tight,nan,0.73046875,0.2109375,0.2109375,0.0,high,v2_c-high_d-hard_a-concrete_p-tight_s-04,hard,90.98457479476929,19.259567260742188,0.05439208576076084,-0.35012120885011333,transformer,1.0,1.0,2,0.001,1.282225099430434e-07,1.282225099430434e-07,0.0,0.0,0.0,0.0,1.0,0.19525110721588135,0.44140625,0.4510278105735779,28033.0,46.68034294544801,0.27880415998107544,0.8570491117088759,1.0,-0.5408558010519036,0.246,0.1,4,1.0,,,1.0,0.983,0.993920972644377,0.9548192771084337,1.0,0.93388831615448,0.9727462530136108,0.827876091003418,1.0,0.9989142417907715,1.0,,,1.0,0.9999998807907104,10000,10000,"[1, 2, 3]",0.01,32
concrete,256,0.534,0.5288753799392097,0.5103244837758112,0.5632530120481928,-0.8465692400932312,-0.8844316005706787,-0.9387073516845703,-0.7149681448936462,0.9965448975563049,tight,nan,0.4296875,0.484375,0.4296875,0.0,high,v2_c-high_d-hard_a-concrete_p-tight_s-05,hard,46.8182487487793,19.61983871459961,0.037083636294347945,-0.43147000491226895,transformer,1.0,1.0,2,0.001,1.5605095882165188e-07,1.5605095882165188e-07,0.0,0.0,0.0,0.0,1.0,0.45235246419906616,0.287109375,0.2854728102684021,28033.0,45.569585770227235,0.272170024461928,0.8582591424537818,1.0,-0.10751982532047699,0.518,0.1,5,1.0,,,1.0,0.925,0.8632218844984803,0.9096385542168675,1.0,0.6999897360801697,0.45288845896720886,0.6385223269462585,1.0,0.9999100565910339,1.0,,,1.0,0.9999997615814209,10000,10000,"[1, 2, 3]",0.01,32
concrete,256,0.952,1.0,0.9380530973451328,0.9186746987951807,0.8120399713516235,1.0,0.7575680017471313,0.681398868560791,0.9985925555229187,wide,1.0,0.0234375,0.94140625,0.94140625,1.0,high,v2_c-high_d-hard_a-concrete_p-wide_s-00,hard,75.0564956665039,37.46479797363281,0.08142915936726111,-0.1873757740371698,transformer,1.0,1.0,2,0.001,2.0978033532514928e-08,2.0978033532514928e-08,0.0,0.0,0.0,0.0,1.0,0.7873683571815491,0.10546875,0.1048910915851593,407041.0,93.33942186078676,0.14630057339856722,0.92946684156396,1.0,0.48296592567794683,0.95,0.1,0,1.0,,,1.0,0.994,1.0,0.9819277108433735,1.0,0.9760004878044128,1.0,0.9277122020721436,1.0,0.9999999403953552,1.0,,,1.0,1.0,10000,10000,"[1, 2, 3]",0.01,128
concrete,256,0.647,0.6747720364741642,0.7050147492625368,0.5602409638554217,-0.37343961000442505,-0.2015741616487503,-0.18650232255458832,-0.7346307635307312,0.991685688495636,wide,nan,0.359375,0.6328125,0.640625,0.0,high,v2_c-high_d-hard_a-concrete_p-wide_s-01,hard,93.32175469398499,37.15266418457031,0.0812478886575749,-0.04815051201485565,transformer,1.0,1.0,2,0.001,4.5491667322039575e-08,4.5491667322039575e-08,0.0,0.0,0.0,0.0,1.0,0.25834205746650696,0.388671875,0.3972196578979492,407041.0,93.96737402678413,0.14728482806953905,0.9201745820929063,1.0,-0.0813454210642941,0.567,0.1,1,1.0,,,1.0,0.962,0.9513677811550152,0.9337349397590361,1.0,0.8489893674850464,0.8054689168930054,0.737922191619873,1.0,0.9998369216918945,1.0,,,1.0,0.9999999403953552,10000,10000,"[1, 2, 3]",0.01,128
concrete,256,0.469,0.42249240121580545,0.4690265486725664,0.5150602409638554,-1.126617670059204,-1.3196724653244019,-1.1238365173339844,-0.9381473064422607,0.9939057230949402,wide,nan,0.5546875,0.4375,0.4375,0.0,high,v2_c-high_d-hard_a-concrete_p-wide_s-02,hard,63.94686532020569,36.94755554199219,0.08637216540484102,-0.10068562378749452,transformer,1.0,1.0,2,0.001,2.4324268821374062e-08,2.4324268821374062e-08,0.0,0.0,0.0,0.0,1.0,-0.009235644713044167,0.5234375,0.5101521611213684,407041.0,92.97854143314902,0.14573492801059315,0.9178548229279164,1.0,-0.15633813050974799,0.481,0.1,2,1.0,,,1.0,0.86,0.7264437689969605,0.8493975903614458,1.0,0.4411314129829407,-0.08693475276231766,0.3937739133834839,1.0,0.9986537098884583,1.0,,,1.0,1.0,10000,10000,"[1, 2, 3]",0.01,128
concrete,256,0.785,0.6109422492401215,0.8672566371681416,0.8734939759036144,0.13779690861701965,-0.5629632472991943,0.4690265357494354,0.4940114915370941,0.9975121021270752,wide,1.0,0.203125,0.77734375,0.77734375,1.0,high,v2_c-high_d-hard_a-concrete_p-wide_s-03,hard,75.60679531097412,37.70460891723633,0.0851640810063349,-0.07070627855300524,transformer,1.0,1.0,2,0.001,2.7259996926431995e-08,2.7259996926431995e-08,0.0,0.0,0.0,0.0,1.0,0.6495003700256348,0.154296875,0.16110698878765106,407041.0,93.29449231612136,0.14623015065524997,0.9298695417121455,1.0,0.2106752206636261,0.782,0.1,3,1.0,,,1.0,0.898,0.7386018237082067,0.9518072289156626,1.0,0.5926340222358704,-0.04558548703789711,0.8091316819190979,1.0,0.9999189376831055,1.0,,,1.0,1.0,10000,10000,"[1, 2, 3]",0.01,128
concrete,256,0.688,0.6869300911854104,0.6873156342182891,0.6897590361445783,-0.24530567228794098,-0.2522795498371124,-0.249239981174469,-0.23437757790088654,0.9982873797416687,wide,nan,0.3349609375,0.671875,0.67578125,0.0,high,v2_c-high_d-hard_a-concrete_p-wide_s-04,hard,85.06524014472961,37.70806121826172,0.07890144984402639,-0.02761668168170675,transformer,1.0,1.0,2,0.001,2.6050328116866694e-08,2.6050328116866694e-08,0.0,0.0,0.0,0.0,1.0,0.17261454463005066,0.42578125,0.4265890121459961,407041.0,93.24053238931864,0.1461455736557957,0.9213939524158716,1.0,0.042770724107793145,0.677,0.1,4,1.0,,,1.0,0.934,0.8753799392097265,0.9246987951807228,1.0,0.7360001802444458,0.5015197396278381,0.6987956762313843,1.0,0.9999940395355225,1.0,,,1.0,1.0,10000,10000,"[1, 2, 3]",0.01,128
concrete,256,0.348,0.182370820668693,0.3864306784660767,0.47289156626506024,-1.5809804201126099,-2.1924943923950195,-1.4506404399871826,-1.1080800294876099,0.9941824078559875,wide,nan,0.640625,0.37109375,0.3828125,0.0,high,v2_c-high_d-hard_a-concrete_p-wide_s-05,hard,87.68251585960388,38.046119689941406,0.02597019765454094,-0.10856296040960012,transformer,1.0,1.0,2,0.001,2.8556623732356456e-08,2.8556623732356456e-08,0.0,0.0,0.0,0.0,1.0,0.27941399812698364,0.37109375,0.3804619312286377,407041.0,91.88826333003949,0.14402602186494842,0.9178649724595902,1.0,-0.5018461650303427,0.324,0.1,5,1.0,,,1.0,0.964,0.9726443768996961,0.9186746987951807,1.0,0.8573989272117615,0.8934731483459473,0.6760428547859192,1.0,0.9998094439506531,1.0,,,1.0,0.9999999403953552,10000,10000,"[1, 2, 3]",0.01,128
invariant,256,0.144,0.06382978723404255,0.15634218289085547,0.21084337349397592,-2.4093496799468994,-2.7028002738952637,-2.3763434886932373,-2.152252674102783,0.9962132573127747,moderate,nan,0.859375,0.12890625,0.12890625,0.0,high,v2_c-high_d-hard_a-invariant_p-moderate_s-00,hard,82.30218887329102,28.562477111816406,0.007162914301988869,-0.1768695930185652,transformer,1.0,1.0,2,0.001,5.141098213812256e-08,5.1410978585408884e-08,3.3295664487363813e-15,0.0,0.0,0.0,1.0,0.4934726059436798,0.259765625,0.25668948888778687,105217.0,65.49294045848006,0.20190707260856094,0.8881197103537515,1.0,-0.75412858436754,0.146,0.1,0,1.0,,,1.0,0.956,0.939209726443769,0.927710843373494,1.0,0.8273725509643555,0.7568384408950806,0.7210021018981934,1.0,0.9989879131317139,1.0,,,1.0,0.9999998807907104,10000,10000,"[1, 2, 3]",0.01,64
invariant,256,0.86,0.9513677811550152,0.855457227138643,0.7740963855421686,0.4398657977581024,0.8054721355438232,0.42183107137680054,0.09597809612751007,0.999697744846344,moderate,1.0,0.1533203125,0.85546875,0.85546875,1.0,high,v2_c-high_d-hard_a-invariant_p-moderate_s-01,hard,94.18781971931458,29.334667205810547,0.036390969683129167,-0.18464030619192173,transformer,1.0,1.0,2,0.001,4.22641974751059e-08,4.22641974751059e-08,6.792258736452116e-16,0.0,0.0,0.0,1.0,0.5349202752113342,0.236328125,0.23777934908866882,105217.0,66.27051826742273,0.20430425401513594,0.8901071240947058,1.0,0.45164655772267137,0.867,0.1,1,1.0,,,1.0,0.929,0.8936170212765957,0.891566265060241,1.0,0.715853750705719,0.5740236639976501,0.5662649869918823,1.0,0.9994432330131531,1.0,,,1.0,0.9999999403953552,10000,10000,"[1, 2, 3]",0.01,64
invariant,256,0.652,0.5562310030395137,0.6814159292035398,0.7168674698795181,-0.3849356770515442,-0.7745884656906128,-0.2605628967285156,-0.12579883635044098,0.9977676272392273,moderate,nan,0.3857421875,0.6875,0.6875,0.0,high,v2_c-high_d-hard_a-invariant_p-moderate_s-02,hard,72.4249427318573,28.80427360534668,0.11396662501554299,-0.12903862001443311,transformer,1.0,1.0,2,0.001,2.9313703464595164e-08,2.9313699911881486e-08,3.064923921619221e-15,0.0,0.0,0.0,1.0,0.2845745086669922,0.3515625,0.3502739667892456,105217.0,65.65966571981899,0.20242106708202914,0.8890691065490574,1.0,0.05593296188298236,0.626,0.1,2,1.0,,,1.0,0.931,0.8814589665653495,0.9096385542168675,1.0,0.7293094396591187,0.5344544649124146,0.6460057497024536,1.0,0.9982072710990906,1.0,,,1.0,1.0,10000,10000,"[1, 2, 3]",0.01,64
invariant,256,0.925,1.0,0.8525073746312685,0.9246987951807228,0.7040086388587952,1.0,0.4218541085720062,0.6987954378128052,0.9994097352027893,moderate,1.0,0.1015625,0.90625,0.90625,1.0,high,v2_c-high_d-hard_a-invariant_p-moderate_s-03,hard,88.55958104133606,29.217039108276367,0.13377165901197313,-0.05130993609964563,transformer,1.0,1.0,2,0.001,2.8207663760326795e-08,2.8207661983969956e-08,2.24235159181573e-15,0.0,0.0,0.0,1.0,0.8396580219268799,0.07421875,0.07422095537185669,105217.0,66.40978089696105,0.2047335844079541,0.8945039080477786,1.0,0.4668723646561058,0.926,0.1,3,1.0,,,1.0,0.994,1.0,0.9819277108433735,1.0,0.9760075211524963,1.0,0.9277334809303284,1.0,0.9999991059303284,1.0,,,1.0,1.0,10000,10000,"[1, 2, 3]",0.01,64
invariant,256,0.493,0.23100303951367782,0.6814159292035398,0.5602409638554217,-1.020869255065918,-2.074993133544922,-0.27407896518707275,-0.7388063073158264,0.9989239573478699,moderate,nan,0.5068359375,0.51171875,0.5,0.0,high,v2_c-high_d-hard_a-invariant_p-moderate_s-04,hard,86.55911374092102,29.506864547729492,0.10134046461821361,-0.13444446542574093,transformer,1.0,1.0,2,0.001,5.302776884263949e-08,5.302776884263949e-08,6.147724103013329e-17,0.0,0.0,0.0,1.0,0.282751202583313,0.3828125,0.38162001967430115,105217.0,66.07443227680552,0.20369974384857584,0.8936095372457067,1.0,-0.2875671966152009,0.45,0.1,4,1.0,,,1.0,0.961,0.9209726443768997,0.9608433734939759,1.0,0.8440960049629211,0.6838799715042114,0.8436731696128845,1.0,0.9998025298118591,1.0,,,1.0,0.9999999403953552,10000,10000,"[1, 2, 3]",0.01,64
invariant,256,0.183,0.22492401215805471,0.13864306784660768,0.18674698795180722,-2.255753755569458,-2.1003029346466064,-2.4120569229125977,-2.2502012252807617,0.99814772605896,moderate,nan,0.8076171875,0.15625,0.15625,0.0,high,v2_c-high_d-hard_a-invariant_p-moderate_s-05,hard,84.96883988380432,29.139450073242188,0.05211741105414674,-0.1577717944919237,transformer,1.0,1.0,2,0.001,5.975635275490276e-08,5.975635275490276e-08,1.3328946456893928e-15,0.0,0.0,0.0,1.0,0.3247191905975342,0.3359375,0.33781731128692627,105217.0,64.90177763608204,0.20008458679452015,0.8867092797481955,1.0,-0.5747582074576159,0.161,0.1,5,1.0,,,1.0,0.976,1.0,0.927710843373494,1.0,0.9047513008117676,1.0,0.7131063938140869,1.0,0.9998850226402283,1.0,,,1.0,0.9999999403953552,10000,10000,"[1, 2, 3]",0.01,64
invariant,256,0.313,0.0851063829787234,0.4365781710914454,0.4126506024096386,-1.7370095252990723,-2.6590404510498047,-1.2559139728546143,-1.3145488500595093,0.9971193671226501,tight,nan,0.6796875,0.2890625,0.2890625,0.0,high,v2_c-high_d-hard_a-invariant_p-tight_s-00,hard,68.07776832580566,19.853607177734375,0.07595009442086709,-0.4613441660472113,transformer,1.0,1.0,2,0.001,2.0972589709344902e-07,2.097258828825943e-07,1.3561485376518967e-14,0.0,0.0,0.0,1.0,0.37184619903564453,0.322265625,0.3243938088417053,28033.0,47.2783802344434,0.2823760121457129,0.8747901033568701,1.0,-0.35686760132183615,0.323,0.1,0,1.0,,,1.0,0.942,0.9300911854103343,0.8945783132530121,1.0,0.7657383680343628,0.7137094140052795,0.5780961513519287,1.0,0.9964368939399719,1.0,,,1.0,0.9999997615814209,10000,10000,"[1, 2, 3]",0.01,32
invariant,256,0.165,0.1580547112462006,0.23893805309734514,0.0963855421686747,-2.3370790481567383,-2.371781349182129,-2.0356051921844482,-2.610520839691162,0.9956085681915283,tight,nan,0.8662109375,0.1796875,0.18359375,0.0,high,v2_c-high_d-hard_a-invariant_p-tight_s-01,hard,85.64436626434326,20.06246566772461,0.02596254617073639,-0.20565930482080846,transformer,1.0,1.0,2,0.001,1.5855236767947645e-07,1.5855235346862173e-07,9.521773492826395e-15,0.0,0.0,0.0,1.0,0.5014796257019043,0.26953125,0.2679797112941742,28033.0,47.83176774412473,0.2856811879444646,0.8681144340093228,1.0,-0.5591007117884994,0.169,0.1,1,1.0,,,1.0,0.955,0.9787234042553191,0.8855421686746988,1.0,0.8208781480789185,0.9148938655853271,0.5448135733604431,1.0,0.9998832941055298,1.0,,,1.0,0.9999998807907104,10000,10000,"[1, 2, 3]",0.01,32
invariant,256,0.454,0.39209726443769,0.4277286135693215,0.5421686746987951,-1.1759412288665771,-1.4243940114974976,-1.2788681983947754,-0.8246369957923889,0.9987125396728516,tight,nan,0.548828125,0.41015625,0.40234375,0.0,high,v2_c-high_d-hard_a-invariant_p-tight_s-02,hard,82.58056378364563,19.730924606323242,0.12036993008997374,-0.3071207688637063,transformer,1.0,1.0,2,0.001,1.6640271383039362e-07,1.6640271383039362e-07,5.784223248891376e-15,0.0,0.0,0.0,1.0,0.16259469091892242,0.408203125,0.40913957357406616,28033.0,47.20902255413302,0.2819617647649735,0.8590157503716513,1.0,-0.1308857991190373,0.464,0.1,2,1.0,,,1.0,0.877,0.8024316109422492,0.8253012048192772,1.0,0.5072768330574036,0.20656231045722961,0.302162230014801,1.0,0.9983752369880676,1.0,,,1.0,0.9999997615814209,10000,10000,"[1, 2, 3]",0.01,32
invariant,256,0.331,0.23100303951367782,0.40117994100294985,0.35843373493975905,-1.6671847105026245,-2.0759408473968506,-1.3987340927124023,-1.5362327098846436,0.9973912239074707,tight,nan,0.6728515625,0.328125,0.32421875,0.0,high,v2_c-high_d-hard_a-invariant_p-tight_s-03,hard,91.96052408218384,19.66954803466797,0.1022394638909578,-0.22442720031352129,transformer,1.0,1.0,2,0.001,1.465001133738042e-07,1.465001133738042e-07,4.104748343932178e-15,0.0,0.0,0.0,1.0,0.3063451945781708,0.353515625,0.35444191098213196,28033.0,47.7068553083552,0.28493513287013467,0.878169511507492,1.0,-0.35333248017702545,0.331,0.1,3,1.0,,,1.0,0.975,1.0,0.9246987951807228,1.0,0.9010547995567322,0.9999992847442627,0.7019729614257812,1.0,0.9997269511222839,1.0,,,1.0,0.9999998807907104,10000,10000,"[1, 2, 3]",0.01,32
invariant,256,0.204,0.0851063829787234,0.20648967551622419,0.3192771084337349,-2.183234930038452,-2.659571409225464,-2.17179012298584,-1.7228885889053345,0.9991835951805115,tight,nan,0.7763671875,0.24609375,0.24609375,0.0,high,v2_c-high_d-hard_a-invariant_p-tight_s-04,hard,85.43879580497742,19.21831512451172,0.062122742485960517,-0.3274338501168304,transformer,1.0,1.0,2,0.001,1.3301610124472063e-07,1.3301610124472063e-07,1.3449477127705847e-15,0.0,0.0,0.0,1.0,0.40930086374282837,0.318359375,0.317035436630249,28033.0,46.73684483614433,0.279141624557789,0.84651808605938,1.0,-0.5258652023086552,0.211,0.1,4,1.0,,,1.0,0.959,0.9300911854103343,0.9457831325301205,1.0,0.8365550637245178,0.7203659415245056,0.7848032712936401,1.0,0.9997960329055786,1.0,,,1.0,0.9999998807907104,10000,10000,"[1, 2, 3]",0.01,32
invariant,256,0.547,0.5714285714285714,0.4247787610619469,0.6475903614457831,-0.8101382255554199,-0.7115700840950012,-1.2988451719284058,-0.40880483388900757,0.9978813529014587,tight,nan,0.423828125,0.515625,0.42578125,0.0,high,v2_c-high_d-hard_a-invariant_p-tight_s-05,hard,105.49275827407837,19.693111419677734,0.05325889048726648,-0.4353275229564578,transformer,1.0,1.0,2,0.001,1.1680307920869382e-07,1.1680307210326646e-07,5.397147403204527e-15,0.0,0.0,0.0,1.0,-0.004165977239608765,0.501953125,0.502527117729187,28033.0,45.592666413004395,0.27230787647447274,0.8617940011063235,1.0,-0.07787084902110308,0.546,0.1,5,1.0,,,1.0,0.929,0.8601823708206687,0.9246987951807228,1.0,0.7178547978401184,0.44164738059043884,0.7034723162651062,1.0,0.9997464418411255,1.0,,,1.0,0.9999998807907104,10000,10000,"[1, 2, 3]",0.01,32
invariant,256,0.64,0.7021276595744681,0.5958702064896755,0.6234939759036144,-0.4387860596179962,-0.1864428073167801,-0.6222458481788635,-0.5015211701393127,0.9975579380989075,wide,nan,0.30859375,0.609375,0.62109375,0.0,high,v2_c-high_d-hard_a-invariant_p-wide_s-00,hard,92.5578031539917,37.47890853881836,0.07855254188881598,-0.18520874889260613,transformer,1.0,1.0,2,0.001,2.061097070793494e-08,2.061097070793494e-08,3.599661326935018e-16,0.0,0.0,0.0,1.0,0.1322280764579773,0.470703125,0.4735570251941681,407041.0,93.14143204393378,0.14599024338842564,0.9337711222501796,1.0,0.12387164237236459,0.662,0.1,0,1.0,,,1.0,0.996,1.0,0.9879518072289156,1.0,0.984000027179718,1.0,0.9518072009086609,1.0,1.0,1.0,,,1.0,1.0,10000,10000,"[1, 2, 3]",0.01,128
invariant,256,0.838,0.7598784194528876,0.9351032448377581,0.8162650602409639,0.3512355387210846,0.03950481861829758,0.7404941916465759,0.26268354058265686,0.9988797903060913,wide,0.9886363636363636,0.15234375,0.83203125,0.83984375,1.0,high,v2_c-high_d-hard_a-invariant_p-wide_s-01,hard,82.02362060546875,37.13734817504883,0.06932841456388393,-0.03891651179253329,transformer,1.0,1.0,2,0.001,3.489181921167983e-08,3.489181565896615e-08,4.071562016575228e-15,0.0,0.0,0.0,1.0,0.3451427221298218,0.33203125,0.33184489607810974,407041.0,93.84123442540559,0.1470871163670017,0.9172320856746959,1.0,0.34538459491974893,0.827,0.1,1,1.0,,,1.0,0.944,0.939209726443769,0.891566265060241,1.0,0.7755650877952576,0.7568389773368835,0.5649549961090088,1.0,0.9993823766708374,1.0,,,1.0,1.0,10000,10000,"[1, 2, 3]",0.01,128
invariant,256,0.633,0.6261398176291794,0.6755162241887905,0.5963855421686747,-0.4535389244556427,-0.4953903555870056,-0.25609350204467773,-0.6136740446090698,0.997414767742157,wide,nan,0.4267578125,0.63671875,0.63671875,0.0,high,v2_c-high_d-hard_a-invariant_p-wide_s-02,hard,83.96671843528748,37.123558044433594,0.08800102281198342,-0.1086945611535204,transformer,1.0,1.0,2,0.001,3.252342040127587e-08,3.252341684856219e-08,3.237643680443266e-15,0.0,0.0,0.0,1.0,0.13522322475910187,0.435546875,0.4381328225135803,407041.0,93.17945679174471,0.14604984352625777,0.9252813217654808,0.999,0.0035871128427245047,0.651,0.1,2,1.0,,,1.0,0.916,0.8480243161094225,0.8975903614457831,1.0,0.6638851165771484,0.392122358083725,0.5899904370307922,1.0,0.9998168349266052,1.0,,,1.0,1.0,10000,10000,"[1, 2, 3]",0.01,128
invariant,256,0.768,0.5957446808510638,0.8436578171091446,0.8614457831325302,0.07340552657842636,-0.6170212030410767,0.37543565034866333,0.4491952061653137,0.9996083974838257,wide,1.0,0.234375,0.76953125,0.76953125,1.0,high,v2_c-high_d-hard_a-invariant_p-wide_s-03,hard,83.3163628578186,37.741268157958984,0.0918099944258281,-0.054243556880179,transformer,1.0,1.0,2,0.001,3.0183546328999e-08,3.018354277628532e-08,3.0720428100244196e-15,0.0,0.0,0.0,1.0,0.6179753541946411,0.19140625,0.19173821806907654,407041.0,93.35701676041688,0.14632815171278282,0.9344368004544963,1.0,0.14315876239642977,0.734,0.1,3,1.0,,,1.0,0.89,0.6808510638297872,0.9849397590361446,1.0,0.5600141286849976,-0.2765539586544037,0.939760148525238,1.0,0.9999982118606567,1.0,,,1.0,1.0,10000,10000,"[1, 2, 3]",0.01,128
invariant,256,0.557,0.4194528875379939,0.6106194690265486,0.6385542168674698,-0.7728261351585388,-1.3240703344345093,-0.5590383410453796,-0.44485828280448914,0.9979000091552734,wide,nan,0.4755859375,0.54296875,0.4765625,0.0,high,v2_c-high_d-hard_a-invariant_p-wide_s-04,hard,101.44024443626404,37.67166519165039,0.0841712450698737,-0.01253982525639441,transformer,1.0,1.0,2,0.001,2.7255886436705623e-08,2.7255884660348784e-08,1.7053518673769354e-15,0.0,0.0,0.0,1.0,0.18378442525863647,0.41796875,0.4224904775619507,407041.0,93.0773234480856,0.1458897593255786,0.9198792283059054,0.999,-0.12450942732125836,0.593,0.1,4,1.0,,,1.0,0.958,0.9270516717325228,0.9457831325301205,1.0,0.8318520188331604,0.7085070610046387,0.7823891043663025,1.0,0.9993951320648193,1.0,,,1.0,1.0,10000,10000,"[1, 2, 3]",0.01,128
invariant,256,0.411,0.2857142857142857,0.5309734513274337,0.4126506024096386,-1.3459080457687378,-1.8589791059494019,-0.8445648550987244,-1.3493870496749878,0.9976970553398132,wide,nan,0.578125,0.40234375,0.39453125,0.0,high,v2_c-high_d-hard_a-invariant_p-wide_s-05,hard,101.7364718914032,37.988037109375,0.04976882731372675,-0.09331089828777353,transformer,1.0,1.0,2,0.001,3.317202867947344e-08,3.317202867947344e-08,8.974079818609837e-17,0.0,0.0,0.0,1.0,0.27634671330451965,0.361328125,0.3614834249019623,407041.0,91.98396090163273,0.14417601861142304,0.9097188427475694,1.0,-0.32814426430472654,0.425,0.1,5,1.0,,,1.0,0.985,1.0,0.9548192771084337,1.0,0.9398552179336548,1.0,0.8188410401344299,1.0,0.9998058676719666,1.0,,,1.0,0.9999999403953552,10000,10000,"[1, 2, 3]",0.01,128
latent,256,0.778,0.8632218844984803,0.672566371681416,0.8012048192771084,0.15205249190330505,0.4646679759025574,-0.2715088129043579,0.2747536301612854,0.9868185520172119,moderate,0.9929328621908127,0.220703125,0.76953125,0.7734375,1.0,high,v2_c-high_d-hard_a-latent_p-moderate_s-00,hard,108.66111135482788,7.513612747192383,0.9999998991000592,0.9999998164503293,transformer,1.0,1.0,2,0.001,6.391739589162171e-06,1.0911767844845599e-07,4.182663582792761e-18,3.6452015592658427e-06,2.7854049733377906e-08,2.6095658540725708e-05,1.0,0.2921115756034851,0.349609375,0.35757988691329956,105217.0,47.34212110094606,0.14595022021696896,0.999992990111852,1.0,0.29177383797370804,0.786,0.1,0,1.0,,,1.0,0.995,1.0,0.9849397590361446,1.0,0.9801355600357056,1.0,0.9401673674583435,1.0,0.9999697804450989,1.0,,,1.0,0.9999998807907104,10000,10000,"[1, 2, 3]",0.01,64
latent,256,0.986,0.9574468085106383,1.0,1.0,0.9546385407447815,0.8626160025596619,1.0,0.99951171875,0.9981987476348877,moderate,1.0,0.0234375,0.98828125,0.98828125,1.0,high,v2_c-high_d-hard_a-latent_p-moderate_s-01,hard,106.42331457138062,7.97266149520874,0.9999977274099904,0.9999932874147436,transformer,1.0,1.0,2,0.001,3.8555172068299726e-05,1.540582957204606e-06,1.828384567635925e-15,2.5039236788870767e-05,2.6848028937820345e-06,9.290548041462898e-05,1.0,0.9795529842376709,0.01953125,0.022141247987747192,105217.0,47.92284895572286,0.14774053624674882,0.9999473073306366,1.0,0.6218316174542035,0.961,0.1,1,1.0,,,1.0,0.998,0.993920972644377,1.0,1.0,0.9920002222061157,0.975684642791748,1.0,1.0,0.9999985098838806,1.0,,,1.0,0.9999984502792358,10000,10000,"[1, 2, 3]",0.01,64
latent,256,0.921,0.8662613981762918,0.9557522123893806,0.9397590361445783,0.6800731420516968,0.4650826156139374,0.8113842606544495,0.7590413689613342,0.9979073405265808,moderate,1.0,0.052734375,0.8828125,0.8828125,1.0,high,v2_c-high_d-hard_a-latent_p-moderate_s-02,hard,106.12574648857117,7.927981853485107,0.9998906436907239,0.9997577005045322,transformer,1.0,1.0,2,0.001,0.00016270689957309514,5.661004706780659e-06,3.000350957808352e-14,7.31704494683072e-05,3.181148713338189e-05,0.0005206395871937275,1.0,0.7600610256195068,0.154296875,0.1521388292312622,105217.0,47.694170912521045,0.14703554859541557,0.9996296799995584,1.0,0.5360924650609178,0.96,0.1,2,1.0,,,1.0,1.0,1.0,1.0,1.0,1.0,1.0,1.0,1.0,0.9999944567680359,1.0,,,1.0,0.9999943375587463,10000,10000,"[1, 2, 3]",0.01,64
latent,256,0.979,0.9513677811550152,1.0,0.9849397590361446,0.9160001277923584,0.8054711222648621,1.0,0.9397594332695007,0.9999994039535522,moderate,1.0,0.0234375,0.98046875,0.98046875,1.0,high,v2_c-high_d-hard_a-latent_p-moderate_s-03,hard,111.05915784835815,7.809895992279053,0.9999998222089197,0.9999996765141681,transformer,1.0,1.0,2,0.001,5.822247203468578e-06,6.722519430013563e-08,1.9042844121600907e-19,2.5669648948678514e-06,5.6018958360937177e-08,3.132037818431854e-05,1.0,0.8998249769210815,0.052734375,0.05273523926734924,105217.0,46.6662121800638,0.14386647209679004,0.9999847994984896,1.0,0.6277161766762372,0.979,0.1,3,1.0,,,1.0,1.0,1.0,1.0,1.0,1.0,1.0,1.0,1.0,0.9999999403953552,1.0,,,1.0,0.9999999403953552,10000,10000,"[1, 2, 3]",0.01,64
latent,256,0.814,0.9148936170212766,0.7964601769911505,0.7319277108433735,0.2635619342327118,0.6694811582565308,0.18644295632839203,-0.059944335371255875,0.9989663362503052,moderate,1.0,0.2041015625,0.86328125,0.86328125,1.0,high,v2_c-high_d-hard_a-latent_p-moderate_s-04,hard,110.9513726234436,8.074836730957031,0.9999998012947103,0.9999996794396788,transformer,1.0,1.0,2,0.001,1.6144049368449487e-05,8.19989551814615e-08,7.423771255759022e-19,1.3531814147427212e-05,3.862217923256139e-08,2.4916138499975204e-05,1.0,0.8023080229759216,0.14453125,0.14719440042972565,105217.0,47.26925613387273,0.1457255860488509,0.999988559775203,1.0,0.4239486851315656,0.805,0.1,4,1.0,,,1.0,1.0,1.0,1.0,1.0,1.0,1.0,1.0,1.0,0.9999999403953552,1.0,,,1.0,0.9999999403953552,10000,10000,"[1, 2, 3]",0.01,64
latent,256,0.59,0.5896656534954408,0.6017699115044248,0.5783132530120482,-0.6378942131996155,-0.6412213444709778,-0.5928917527198792,-0.6805486083030701,0.9982559680938721,moderate,nan,0.400390625,0.5390625,0.40625,0.0,high,v2_c-high_d-hard_a-latent_p-moderate_s-05,hard,96.38642239570618,7.593510150909424,0.9999993962206937,0.9999989838292686,transformer,1.0,1.0,2,0.001,3.153530997224152e-05,7.757171260891482e-08,6.034158491482454e-19,2.7038187909056433e-05,1.7728120838000905e-07,4.242267459630966e-05,1.0,0.8536160588264465,0.087890625,0.08617804944515228,105217.0,46.0971121372051,0.1421120032506729,0.9999377270733992,1.0,-0.11269403971667935,0.572,0.1,5,1.0,,,1.0,1.0,1.0,1.0,1.0,1.0,1.0,1.0,1.0,0.9999999403953552,1.0,,,1.0,0.9999999403953552,10000,10000,"[1, 2, 3]",0.01,64
latent,256,0.786,0.364741641337386,0.9882005899705014,0.9969879518072289,0.17217211425304413,-1.4550087451934814,0.952418863773346,0.9879518151283264,0.99564129114151,tight,1.0,0.2119140625,0.77734375,0.77734375,1.0,high,v2_c-high_d-hard_a-latent_p-tight_s-00,hard,60.907570600509644,6.96279239654541,0.9999996945327125,0.999999561210491,transformer,1.0,1.0,2,0.001,1.492663795943372e-05,7.814369382685982e-07,4.629249991355117e-16,3.6696592360385694e-06,1.883857692064339e-07,0.00010287156328558922,1.0,0.9121869802474976,0.0859375,0.08619081974029541,28033.0,33.069776769930115,0.19751335897160813,0.9999743214734734,1.0,0.4719100718508451,0.955,0.1,0,1.0,,,1.0,0.965,0.8996960486322189,0.9939759036144579,1.0,0.860034704208374,0.5988884568214417,0.9759048223495483,1.0,0.9999861717224121,1.0,,,1.0,0.9999992847442627,10000,10000,"[1, 2, 3]",0.01,32
latent,256,0.722,0.7386018237082067,0.6932153392330384,0.7349397590361446,-0.10981970280408859,-0.04761601984500885,-0.22820551693439484,-0.05057940259575844,0.9968689680099487,tight,nan,0.2783203125,0.72265625,0.72265625,0.0,high,v2_c-high_d-hard_a-latent_p-tight_s-01,hard,112.40760707855225,6.99998664855957,0.999997528572908,0.9999944520078972,transformer,1.0,1.0,2,0.001,0.0002069287875201553,8.348797564394772e-07,7.561981927819332e-16,0.0001938468194566667,3.8803526081210293e-07,0.00011859042569994926,1.0,0.10675672441720963,0.521484375,0.5278233289718628,28033.0,35.232038508342214,0.21042773640756035,0.999700781861197,1.0,0.1285590232540127,0.748,0.1,1,1.0,,,1.0,0.955,0.9179331306990881,0.9457831325301205,1.0,0.8243103623390198,0.6767381429672241,0.7911550402641296,1.0,0.9993786215782166,1.0,,,1.0,0.9999991059303284,10000,10000,"[1, 2, 3]",0.01,32
latent,256,0.999,1.0,1.0,0.9969879518072289,0.9960001111030579,1.0,1.0,0.9879520535469055,0.9999915957450867,tight,1.0,0.0,1.0,1.0,1.0,high,v2_c-high_d-hard_a-latent_p-tight_s-02,hard,106.0364670753479,7.523835182189941,0.9999668121493404,0.9998859257145267,transformer,1.0,1.0,2,0.001,7.191987242549658e-05,6.927515642018989e-06,1.3846637324146233e-13,3.3351410820614547e-05,1.1459790584922303e-05,0.0002018115483224392,1.0,0.9930692911148071,0.00390625,0.0039065247401595116,28033.0,34.42643386520115,0.20561616237798905,0.999727240031229,1.0,0.5461101974391847,0.995,0.1,2,1.0,,,1.0,1.0,1.0,1.0,1.0,1.0,1.0,1.0,1.0,0.999992847442627,1.0,,,1.0,0.9999930262565613,10000,10000,"[1, 2, 3]",0.01,32
latent,256,0.996,1.0,1.0,0.9879518072289156,0.984000027179718,1.0,1.0,0.9518072009086609,0.9999998807907104,tight,1.0,0.01171875,1.0,1.0,1.0,high,v2_c-high_d-hard_a-latent_p-tight_s-03,hard,111.1563150882721,7.204983234405518,0.999998899813756,0.999998166627163,transformer,1.0,1.0,2,0.001,2.0089240933884867e-05,1.4392449543265684e-07,6.9314290124692436e-18,1.0984382242895663e-05,1.1984991488134256e-06,7.762433961033821e-05,1.0,0.9805543422698975,0.009765625,0.009765634313225746,28033.0,34.661670308902565,0.2070211413251179,0.9999365512350548,1.0,0.580946671663684,0.998,0.1,3,1.0,,,1.0,1.0,1.0,1.0,1.0,1.0,1.0,1.0,1.0,0.9999998807907104,1.0,,,1.0,0.9999998807907104,10000,10000,"[1, 2, 3]",0.01,32
latent,256,0.967,1.0,0.9823008849557522,0.9186746987951807,0.8685262799263,0.9999996423721313,0.9305776357650757,0.6748812198638916,0.999825119972229,tight,1.0,0.0322265625,0.96875,0.96875,1.0,high,v2_c-high_d-hard_a-latent_p-tight_s-04,hard,106.50517535209656,6.753296852111816,0.9999996409328804,0.9999992593732533,transformer,1.0,1.0,2,0.001,1.1151075341331307e-05,2.7420571768743685e-07,1.0221667499780204e-15,5.171784778212896e-06,1.0611362455392737e-07,5.5989716202020645e-05,1.0,0.8804038763046265,0.08203125,0.07923567295074463,28033.0,34.0141399673283,0.2031536857420291,0.9999547298510738,1.0,0.6641194188847477,0.971,0.1,4,1.0,,,1.0,1.0,1.0,1.0,1.0,1.0,1.0,1.0,1.0,0.9999996423721313,1.0,,,1.0,0.9999996423721313,10000,10000,"[1, 2, 3]",0.01,32
latent,256,0.756,0.8389057750759878,0.7699115044247787,0.6596385542168675,0.024092724546790123,0.3556234836578369,0.07964673638343811,-0.36116763949394226,0.9999293684959412,tight,nan,0.23828125,0.7421875,0.7421875,0.0,high,v2_c-high_d-hard_a-latent_p-tight_s-05,hard,109.41340398788452,6.834001064300537,0.9999998260084358,0.9999997269549257,transformer,1.0,1.0,2,0.001,1.0819787348737009e-05,1.1768365482112131e-07,6.82544548732554e-16,3.59230580215808e-06,5.786900203474943e-08,7.051927968859673e-05,1.0,0.8229910135269165,0.103515625,0.10339055955410004,28033.0,33.110234249553685,0.19775499630564788,0.9999717880539213,1.0,0.36780885124497753,0.784,0.1,5,1.0,,,1.0,0.99,0.9848024316109423,0.9849397590361446,1.0,0.9600182175636292,0.9392096996307373,0.9398136138916016,1.0,0.9999971985816956,1.0,,,1.0,0.9999998807907104,10000,10000,"[1, 2, 3]",0.01,32
latent,256,0.941,0.8206686930091185,1.0,1.0,0.8028935194015503,0.40394917130470276,0.9970330595970154,1.0,0.9920140504837036,wide,0.991304347826087,0.0625,0.953125,0.9609375,1.0,high,v2_c-high_d-hard_a-latent_p-wide_s-00,hard,123.31555008888245,8.397497177124023,0.9999903708669675,0.9999780034221262,transformer,1.0,1.0,2,0.001,8.531591447535902e-05,1.4370991721079918e-06,1.124102337092276e-14,6.132778071332723e-05,4.186095793556888e-06,0.00018364936113357544,1.0,0.9194194674491882,0.080078125,0.07758736610412598,407041.0,68.80537495063453,0.10784581270703404,0.9999685542676081,1.0,0.40538379328619234,0.884,0.1,0,1.0,,,1.0,1.0,1.0,1.0,1.0,1.0,1.0,1.0,1.0,0.9999988079071045,1.0,,,1.0,0.9999986290931702,10000,10000,"[1, 2, 3]",0.01,128
latent,256,0.878,1.0,0.7669616519174042,0.8704819277108434,0.5141695737838745,1.0,0.06683147698640823,0.48949891328811646,0.9977285265922546,wide,1.0,0.13671875,0.859375,0.859375,1.0,high,v2_c-high_d-hard_a-latent_p-wide_s-01,hard,113.8098509311676,8.428874969482422,0.9999996956086626,0.999999214637909,transformer,1.0,1.0,2,0.001,2.4622730052215047e-05,5.048295861342922e-07,1.3026418051870214e-15,1.824306855269242e-05,1.8230856824175135e-07,5.692522972822189e-05,1.0,0.9835044145584106,0.017578125,0.015871617943048477,407041.0,67.29642574335278,0.10548067984190991,0.9999804691047791,1.0,0.4504442911570612,0.861,0.1,1,1.0,,,1.0,0.998,1.0,0.9939759036144579,1.0,0.9920820593833923,1.0,0.976150631904602,1.0,0.9999890327453613,1.0,,,1.0,0.9999994039535522,10000,10000,"[1, 2, 3]",0.01,128
latent,256,0.999,1.0,1.0,0.9969879518072289,0.9959999918937683,1.0,1.0,0.9879518151283264,0.9999971985816956,wide,1.0,0.00390625,1.0,1.0,1.0,high,v2_c-high_d-hard_a-latent_p-wide_s-02,hard,101.90685486793518,8.350854873657227,0.9999981500426183,0.9999963935362951,transformer,1.0,1.0,2,0.001,3.2686944905435666e-05,1.2007346867903834e-06,2.724758454617209e-15,1.6482124920003116e-05,1.243092583536054e-06,0.00013760989531874657,1.0,0.9888511300086975,0.0078125,0.007789637893438339,407041.0,68.06969883218444,0.1066927110933835,0.9999844999390752,1.0,0.6064459256558928,0.999,0.1,2,1.0,,,1.0,1.0,1.0,1.0,1.0,1.0,1.0,1.0,1.0,0.999998927116394,1.0,,,1.0,0.9999988079071045,10000,10000,"[1, 2, 3]",0.01,128
latent,256,0.851,0.6291793313069909,0.9203539823008849,1.0,0.4040028750896454,-0.4832760989665985,0.6814180016517639,1.0,0.9999977946281433,wide,1.0,0.15234375,0.87109375,0.87109375,1.0,high,v2_c-high_d-hard_a-latent_p-wide_s-03,hard,112.29156160354614,8.257745742797852,0.9999568543332432,0.9998946299640143,transformer,1.0,1.0,2,0.001,5.959249392617494e-05,2.559103222665726e-06,2.0429681167263847e-13,1.368528955936199e-05,1.0602237125567626e-05,0.00032745860517024994,1.0,0.9832471013069153,0.013671875,0.01367239560931921,407041.0,68.61624368249902,0.10754936762065784,0.9998961706193175,1.0,0.2475614840590783,0.851,0.1,3,1.0,,,1.0,0.934,0.8844984802431611,0.9156626506024096,1.0,0.7360045313835144,0.5379961729049683,0.6626620888710022,1.0,0.9999962449073792,1.0,,,1.0,0.9999975562095642,10000,10000,"[1, 2, 3]",0.01,128
latent,256,1.0,1.0,1.0,1.0,1.0,1.0,1.0,1.0,0.9999994039535522,wide,1.0,0.0,1.0,1.0,1.0,high,v2_c-high_d-hard_a-latent_p-wide_s-04,hard,99.90393400192261,8.458539962768555,0.9999775952323829,0.9999514023801503,transformer,1.0,1.0,2,0.001,1.9714989321073517e-05,6.670612719972269e-07,1.772599824762704e-15,4.864831680606585e-06,5.892508852411993e-06,8.290586993098259e-05,1.0,0.9993187785148621,0.0,1.0378589365700464e-07,407041.0,67.46544150104513,0.1057455957988639,0.9999721731219589,1.0,0.7654081939531808,1.0,0.1,4,1.0,,,1.0,1.0,1.0,1.0,1.0,1.0,1.0,1.0,1.0,0.9999996423721313,1.0,,,1.0,0.9999991655349731,10000,10000,"[1, 2, 3]",0.01,128
latent,256,1.0,1.0,1.0,1.0,1.0,1.0,1.0,1.0,0.9999992847442627,wide,1.0,0.0,1.0,1.0,1.0,high,v2_c-high_d-hard_a-latent_p-wide_s-05,hard,86.70888257026672,8.544480323791504,0.9999987902868336,0.9999972003444887,transformer,1.0,1.0,2,0.001,0.00018312910106033087,8.323214046868088e-07,8.148368861159855e-15,0.00017367847613058984,2.69686097453814e-07,8.348608389496803e-05,1.0,0.9993535280227661,0.0,9.69820916907338e-08,407041.0,67.60096226916501,0.10595801157869296,0.9999395305268025,1.0,0.6211541418500255,1.0,0.1,5,1.0,,,1.0,1.0,1.0,1.0,1.0,1.0,1.0,1.0,1.0,0.9999993443489075,1.0,,,1.0,0.9999992847442627,10000,10000,"[1, 2, 3]",0.01,128
concrete,256,0.176,0.03353658536585366,0.23303834808259588,0.25825825825825827,-2.2868382930755615,-2.86584734916687,-2.0687272548675537,-1.9385634660720825,0.9977434873580933,moderate,nan,0.8388671875,0.1484375,0.1484375,0.0,high,v2_c-high_d-mixed_a-concrete_p-moderate_s-00,mixed,83.15878057479858,28.615915298461914,0.019612014628095895,-0.17911447290295474,transformer,1.0,1.0,2,0.001,6.217866399538252e-08,6.217866399538252e-08,0.0,0.0,0.0,0.0,1.0,0.6096177697181702,0.201171875,0.20078356564044952,105217.0,65.24583794988138,0.20114528448611407,0.9152460301748875,0.996,-1.575071401260153,0.17,0.1,0,1.0,1.0,1.0,1.0,1.0,1.0,1.0,1.0,1.0,1.0,1.0,1.0,0.9999998807907104,1.0,1.0,1.0,1.0,0.9999998807907104,10000,10000,"[1, 2, 3, 4, 5, 6, 7, 8, 9]",0.01,64
concrete,256,0.707,0.6707317073170732,0.7227138643067846,0.7267267267267268,-0.17368420958518982,-0.31707239151000977,-0.10774882137775421,-0.09957245737314224,0.9979484677314758,moderate,1.0258064516129033,0.3115234375,0.77734375,0.765625,1.0,high,v2_c-high_d-mixed_a-concrete_p-moderate_s-01,mixed,80.48429203033447,29.41783905029297,0.051781798955433354,-0.17292812721550999,transformer,1.0,1.0,2,0.001,2.92583273164837e-08,2.92583273164837e-08,0.0,0.0,0.0,0.0,1.0,0.4352738857269287,0.294921875,0.292307049036026,105217.0,66.12511915921382,0.20385600557655859,0.9108919756284403,0.995,0.3054923974259862,0.796,0.1,1,1.0,1.0,1.0,1.0,1.0,1.0,1.0,1.0,1.0,1.0,1.0,1.0,1.0,1.0,1.0,1.0,1.0,1.0,10000,10000,"[1, 2, 3, 4, 5, 6, 7, 8, 9]",0.01,64
concrete,256,0.45,0.4298780487804878,0.3893805309734513,0.5315315315315315,-1.1827211380004883,-1.280487298965454,-1.4104413986206055,-0.8545997142791748,0.9957380294799805,moderate,nan,0.572265625,0.453125,0.4609375,0.0,high,v2_c-high_d-mixed_a-concrete_p-moderate_s-02,mixed,84.54032611846924,28.685636520385742,0.09242296064901119,-0.09758453757072659,transformer,1.0,1.0,2,0.001,4.973207978764549e-08,4.973207978764549e-08,0.0,0.0,0.0,0.0,1.0,0.43091434240341187,0.330078125,0.32857653498649597,105217.0,65.3326849718671,0.20141302369359435,0.9207474769956159,0.997,-0.7836571335663065,0.46,0.1,2,1.0,1.0,1.0,1.0,1.0,1.0,1.0,1.0,1.0,1.0,1.0,1.0,0.9999999403953552,1.0,1.0,1.0,1.0,0.9999999403953552,10000,10000,"[1, 2, 3, 4, 5, 6, 7, 8, 9]",0.01,64
concrete,256,0.581,0.5426829268292683,0.6047197640117994,0.5945945945945946,-0.6763209700584412,-0.8292677402496338,-0.5805127620697021,-0.6232052445411682,0.9989868402481079,moderate,nan,0.4208984375,0.5546875,0.4921875,0.0,high,v2_c-high_d-mixed_a-concrete_p-moderate_s-03,mixed,64.23602199554443,29.17933464050293,0.11280232565368535,-0.06069796354012049,transformer,1.0,1.0,2,0.001,4.963493438481237e-08,4.963493438481237e-08,0.0,0.0,0.0,0.0,1.0,0.5229870080947876,0.2421875,0.24504296481609344,105217.0,66.1137374773565,0.2038209171830754,0.9186608450789373,0.999,-1.2411645438744667,0.589,0.1,3,1.0,1.0,1.0,1.0,1.0,1.0,1.0,1.0,1.0,1.0,1.0,1.0,0.9999999403953552,1.0,1.0,1.0,1.0,0.9999999403953552,10000,10000,"[1, 2, 3, 4, 5, 6, 7, 8, 9]",0.01,64
concrete,256,0.203,0.0,0.3185840707964602,0.2852852852852853,-2.179208278656006,-2.999802827835083,-1.7171436548233032,-1.8413249254226685,0.996850848197937,moderate,nan,0.837890625,0.1875,0.1875,0.0,high,v2_c-high_d-mixed_a-concrete_p-moderate_s-04,mixed,81.0920057296753,29.68085479736328,0.08442390287565311,-0.18998204285804954,transformer,1.0,1.0,2,0.001,7.894058740021137e-08,7.894058740021137e-08,0.0,0.0,0.0,0.0,1.0,0.5583680868148804,0.23046875,0.22766399383544922,105217.0,66.08095106555288,0.2037198405115706,0.9304360227161165,0.999,-2.845751625809036,0.221,0.1,4,1.0,1.0,1.0,1.0,1.0,1.0,1.0,1.0,1.0,1.0,1.0,1.0,0.9999998807907104,1.0,1.0,1.0,1.0,0.9999998807907104,10000,10000,"[1, 2, 3, 4, 5, 6, 7, 8, 9]",0.01,64
concrete,256,0.193,0.0,0.2448377581120944,0.3303303303303303,-2.2252280712127686,-2.9995076656341553,-2.0165579319000244,-1.6750030517578125,0.9982587099075317,moderate,nan,0.81640625,0.13671875,0.13671875,0.0,high,v2_c-high_d-mixed_a-concrete_p-moderate_s-05,mixed,73.92413926124573,29.136911392211914,0.04017511785740589,-0.1683652145671095,transformer,1.0,1.0,2,0.001,6.768358673525654e-08,6.768358673525654e-08,0.0,0.0,0.0,0.0,1.0,0.519233226776123,0.24609375,0.24747544527053833,105217.0,64.50919220330486,0.19887429183866825,0.9626572359722636,1.0,-1.8098938478288327,0.188,0.1,5,1.0,1.0,1.0,1.0,1.0,1.0,1.0,1.0,1.0,1.0,1.0,1.0,0.9999998807907104,1.0,1.0,1.0,1.0,0.9999998807907104,10000,10000,"[1, 2, 3, 4, 5, 6, 7, 8, 9]",0.01,64
concrete,256,0.263,0.2804878048780488,0.1887905604719764,0.3213213213213213,-1.946602702140808,-1.8780465126037598,-2.243438720703125,-1.7119450569152832,0.9997659921646118,tight,nan,0.7724609375,0.29296875,0.2890625,0.0,high,v2_c-high_d-mixed_a-concrete_p-tight_s-00,mixed,78.28800535202026,20.030553817749023,-0.005342263408505596,-0.5487426062701086,transformer,1.0,1.0,2,0.001,1.6909919509089377e-07,1.6909919509089377e-07,0.0,0.0,0.0,0.0,1.0,0.4917178452014923,0.259765625,0.2598229646682739,28033.0,47.082478459216425,0.2812059644032448,0.8720232371354343,0.999,-2.679744433859677,0.28,0.1,0,1.0,1.0,1.0,1.0,1.0,1.0,1.0,1.0,1.0,1.0,1.0,1.0,0.9999997615814209,1.0,1.0,1.0,1.0,0.9999997615814209,10000,10000,"[1, 2, 3, 4, 5, 6, 7, 8, 9]",0.01,32
concrete,256,0.143,0.0,0.19174041297935104,0.23423423423423423,-2.423361301422119,-2.999997138977051,-2.2334189414978027,-2.0487492084503174,0.9986412525177002,tight,nan,0.8349609375,0.1875,0.1875,0.0,high,v2_c-high_d-mixed_a-concrete_p-tight_s-01,mixed,78.98216080665588,20.224088668823242,0.06419875098941587,-0.20055918434839265,transformer,1.0,1.0,2,0.001,2.1126919591551996e-07,2.1126919591551996e-07,0.0,0.0,0.0,0.0,1.0,0.6733967661857605,0.169921875,0.16880139708518982,28033.0,48.097570505464084,0.2872687280292166,0.8910563786193354,1.0,-2.511537818786347,0.152,0.1,1,1.0,1.0,1.0,1.0,1.0,1.0,1.0,1.0,1.0,1.0,1.0,1.0,0.9999997615814209,1.0,1.0,1.0,1.0,0.9999997615814209,10000,10000,"[1, 2, 3, 4, 5, 6, 7, 8, 9]",0.01,32
concrete,256,0.747,0.9085365853658537,0.7079646017699115,0.6276276276276276,-0.002357443794608116,0.6340519785881042,-0.1638108789920807,-0.46484866738319397,0.9976803660392761,tight,nan,0.1904296875,0.73828125,0.73828125,0.0,high,v2_c-high_d-mixed_a-concrete_p-tight_s-02,mixed,70.54028916358948,19.80047607421875,0.10197652649233772,-0.18543294220471518,transformer,1.0,1.0,2,0.001,1.5441139566974016e-07,1.5441139566974016e-07,0.0,0.0,0.0,0.0,1.0,0.5757554769515991,0.2109375,0.21185320615768433,28033.0,47.06527020898041,0.28110318598626954,0.8990884437242898,1.0,0.23659571165026005,0.752,0.1,2,1.0,1.0,1.0,1.0,1.0,1.0,1.0,1.0,1.0,1.0,1.0,1.0,0.9999997615814209,1.0,1.0,1.0,1.0,0.9999997615814209,10000,10000,"[1, 2, 3, 4, 5, 6, 7, 8, 9]",0.01,32
concrete,256,0.225,0.12804878048780488,0.2182890855457227,0.32732732732732733,-2.0791919231414795,-2.4830753803253174,-2.1322550773620605,-1.6273534297943115,0.9924834966659546,tight,nan,0.75390625,0.234375,0.234375,0.0,high,v2_c-high_d-mixed_a-concrete_p-tight_s-03,mixed,81.65533328056335,19.5777587890625,0.10237193024270622,-0.27019337401322824,transformer,1.0,1.0,2,0.001,1.7321232803624298e-07,1.7321232803624298e-07,0.0,0.0,0.0,0.0,1.0,0.21526601910591125,0.400390625,0.3962119221687317,28033.0,47.71326020505132,0.2849733869130669,0.9205776400312997,0.998,-1.7437901711863026,0.251,0.1,3,1.0,1.0,1.0,1.0,1.0,1.0,1.0,1.0,1.0,1.0,1.0,1.0,0.9999997615814209,1.0,1.0,1.0,1.0,0.9999997615814209,10000,10000,"[1, 2, 3, 4, 5, 6, 7, 8, 9]",0.01,32
concrete,256,0.4,0.35365853658536583,0.3952802359882006,0.45045045045045046,-1.3951281309127808,-1.583567500114441,-1.418731451034546,-1.1854898929595947,0.9977474212646484,tight,nan,0.6279296875,0.41796875,0.41796875,0.0,high,v2_c-high_d-mixed_a-concrete_p-tight_s-04,mixed,58.56689691543579,19.338510513305664,0.09759129626304261,-0.22770065604930662,transformer,1.0,1.0,2,0.001,1.42788010748518e-07,1.42788010748518e-07,0.0,0.0,0.0,0.0,1.0,0.435092568397522,0.34375,0.3474898338317871,28033.0,46.47791821252114,0.27759515306163135,0.9139650773240687,0.994,-1.4649857763617296,0.426,0.1,4,1.0,1.0,1.0,1.0,1.0,1.0,1.0,1.0,1.0,1.0,1.0,1.0,0.9999998807907104,1.0,1.0,1.0,1.0,0.9999998807907104,10000,10000,"[1, 2, 3, 4, 5, 6, 7, 8, 9]",0.01,32
concrete,256,0.466,0.47865853658536583,0.4690265486725664,0.45045045045045046,-1.1384726762771606,-1.1024199724197388,-1.1124924421310425,-1.200432538986206,0.9943033456802368,tight,nan,0.5322265625,0.4609375,0.4609375,0.0,high,v2_c-high_d-mixed_a-concrete_p-tight_s-05,mixed,88.0422887802124,19.574020385742188,0.05077700352569196,-0.3889365810407185,transformer,1.0,1.0,2,0.001,1.505930384837484e-07,1.505930384837484e-07,0.0,0.0,0.0,0.0,1.0,0.4432130455970764,0.259765625,0.26513102650642395,28033.0,45.188543027393045,0.2698941992402298,0.8865444174686414,0.999,-1.223155384840164,0.454,0.1,5,1.0,1.0,1.0,1.0,1.0,1.0,1.0,1.0,1.0,1.0,1.0,1.0,0.9999998807907104,1.0,1.0,1.0,1.0,0.9999998807907104,10000,10000,"[1, 2, 3, 4, 5, 6, 7, 8, 9]",0.01,32
concrete,256,0.698,0.6798780487804879,0.7699115044247787,0.6426426426426426,-0.20652437210083008,-0.280473530292511,0.0796472504734993,-0.4250134527683258,0.9996148347854614,wide,nan,0.29296875,0.734375,0.734375,0.0,high,v2_c-high_d-mixed_a-concrete_p-wide_s-00,mixed,83.0726490020752,37.515533447265625,0.04605099021561927,-0.21157441812572603,transformer,1.0,1.0,2,0.001,3.078678645351829e-08,3.078678645351829e-08,0.0,0.0,0.0,0.0,1.0,0.4569251537322998,0.275390625,0.2747665047645569,407041.0,93.07007363282995,0.14587839593690755,0.9372798552423736,0.993,0.019277429610460084,0.711,0.1,0,1.0,1.0,1.0,1.0,1.0,1.0,1.0,1.0,1.0,1.0,1.0,1.0,1.0,1.0,1.0,1.0,1.0,1.0,10000,10000,"[1, 2, 3, 4, 5, 6, 7, 8, 9]",0.01,128
concrete,256,0.458,0.45426829268292684,0.3864306784660767,0.5345345345345346,-1.1579214334487915,-1.1881814002990723,-1.4529920816421509,-0.8277285695075989,0.9957529306411743,wide,nan,0.55078125,0.46484375,0.4765625,0.0,high,v2_c-high_d-mixed_a-concrete_p-wide_s-01,mixed,82.62882399559021,37.183475494384766,0.05669007277649488,-0.06653489473636358,transformer,1.0,1.0,2,0.001,2.7573303640338054e-08,2.7573303640338054e-08,0.0,0.0,0.0,0.0,1.0,0.18219691514968872,0.458984375,0.45807185769081116,407041.0,93.10739952043618,0.14593690067853266,0.9711246329919834,0.997,-0.1442915831151621,0.496,0.1,1,1.0,1.0,1.0,1.0,1.0,1.0,1.0,1.0,1.0,1.0,1.0,1.0,1.0,1.0,1.0,1.0,1.0,1.0,10000,10000,"[1, 2, 3, 4, 5, 6, 7, 8, 9]",0.01,128
concrete,256,0.448,0.4603658536585366,0.3687315634218289,0.5165165165165165,-1.193231463432312,-1.15805983543396,-1.5057079792022705,-0.9097685813903809,0.9962095022201538,wide,nan,0.58984375,0.4375,0.5234375,0.0,high,v2_c-high_d-mixed_a-concrete_p-wide_s-02,mixed,67.93604159355164,37.30052947998047,0.06376081255645959,-0.14033658070343707,transformer,1.0,1.0,2,0.001,2.469148441264224e-08,2.469148441264224e-08,0.0,0.0,0.0,0.0,1.0,0.06167321652173996,0.501953125,0.49979549646377563,407041.0,92.5608947219155,0.14508030692859608,0.9769542940259787,0.995,-0.34565399891775184,0.449,0.1,2,1.0,1.0,1.0,1.0,1.0,1.0,1.0,1.0,1.0,1.0,1.0,1.0,1.0,1.0,1.0,1.0,1.0,1.0,10000,10000,"[1, 2, 3, 4, 5, 6, 7, 8, 9]",0.01,128
concrete,256,0.89,0.9359756097560976,0.9469026548672567,0.7867867867867868,0.559890627861023,0.7439024448394775,0.7876102328300476,0.14681901037693024,0.99924635887146,wide,1.0,0.0859375,0.8984375,0.8984375,1.0,high,v2_c-high_d-mixed_a-concrete_p-wide_s-03,mixed,82.90693736076355,37.67729949951172,0.04841297134175302,-0.12223368626527847,transformer,1.0,1.0,2,0.001,2.448267011345706e-08,2.448267011345706e-08,0.0,0.0,0.0,0.0,1.0,0.7288235425949097,0.142578125,0.1430550217628479,407041.0,92.74323695188552,0.14536611085010712,0.9371273018009534,0.989,0.4928593197537857,0.873,0.1,3,1.0,1.0,1.0,1.0,1.0,1.0,1.0,1.0,1.0,1.0,1.0,1.0,1.0,1.0,1.0,1.0,1.0,1.0,10000,10000,"[1, 2, 3, 4, 5, 6, 7, 8, 9]",0.01,128
concrete,256,0.098,0.03048780487804878,0.0855457227138643,0.17717717717717718,-2.607313394546509,-2.8780479431152344,-2.657041549682617,-2.290020227432251,0.9998989105224609,wide,nan,0.916015625,0.11328125,0.11328125,0.0,high,v2_c-high_d-mixed_a-concrete_p-wide_s-04,mixed,81.54955267906189,37.84048843383789,0.02133367454167347,-0.06776683853870777,transformer,1.0,1.0,2,0.001,2.86625887468972e-08,2.86625887468972e-08,0.0,0.0,0.0,0.0,1.0,0.6422985792160034,0.181640625,0.1816709041595459,407041.0,92.7137548790317,0.14531990053427804,0.9729130388756614,0.998,-1.9330293817842974,0.146,0.1,4,1.0,1.0,1.0,1.0,1.0,1.0,1.0,1.0,1.0,1.0,1.0,1.0,1.0,1.0,1.0,1.0,1.0,1.0,10000,10000,"[1, 2, 3, 4, 5, 6, 7, 8, 9]",0.01,128
concrete,256,0.64,0.5609756097560976,0.6902654867256637,0.6666666666666666,-0.4318023920059204,-0.7468435764312744,-0.22844593226909637,-0.3285120725631714,0.996635377407074,wide,nan,0.37890625,0.64453125,0.64453125,0.0,high,v2_c-high_d-mixed_a-concrete_p-wide_s-05,mixed,97.69729447364807,37.9305419921875,0.01282192948830146,-0.11822748928817645,transformer,1.0,1.0,2,0.001,2.9066862694548945e-08,2.9066862694548945e-08,0.0,0.0,0.0,0.0,1.0,0.46405917406082153,0.333984375,0.3320070505142212,407041.0,91.60726815148541,0.14358558892755557,0.9283408855031016,0.992,-0.774663820844764,0.517,0.1,5,1.0,1.0,1.0,1.0,1.0,1.0,1.0,1.0,1.0,1.0,1.0,1.0,1.0,1.0,1.0,1.0,1.0,1.0,10000,10000,"[1, 2, 3, 4, 5, 6, 7, 8, 9]",0.01,128
invariant,256,0.18,0.051829268292682924,0.13864306784660768,0.3483483483483483,-2.264491319656372,-2.79268217086792,-2.435102939605713,-1.5705450773239136,0.996793806552887,moderate,nan,0.8125,0.16015625,0.16015625,0.0,high,v2_c-high_d-mixed_a-invariant_p-moderate_s-00,mixed,83.01334404945374,28.615760803222656,0.02225171287583497,-0.16446451447445926,transformer,1.0,1.0,2,0.001,7.128034695824681e-08,7.128034695824681e-08,1.4109955303492124e-15,0.0,0.0,0.0,1.0,0.6753745079040527,0.166015625,0.16574421525001526,105217.0,65.17460035577255,0.20092566731843917,0.9356659876587563,0.994,-1.5969623771199908,0.223,0.1,0,1.0,1.0,1.0,1.0,1.0,1.0,1.0,1.0,1.0,1.0,1.0,1.0,0.9999998807907104,1.0,1.0,1.0,1.0,0.9999998807907104,10000,10000,"[1, 2, 3, 4, 5, 6, 7, 8, 9]",0.01,64
invariant,256,0.544,0.4146341463414634,0.7227138643067846,0.4894894894894895,-0.8060241937637329,-1.2861387729644775,-0.10534238070249557,-1.0464249849319458,0.9948558211326599,moderate,nan,0.453125,0.65234375,0.4609375,0.0,high,v2_c-high_d-mixed_a-invariant_p-moderate_s-01,mixed,86.01304912567139,29.42296028137207,0.05594192163740115,-0.16695936971751776,transformer,1.0,1.0,2,0.001,2.7638250799100206e-08,2.7638247246386527e-08,2.7422983893724776e-15,0.0,0.0,0.0,1.0,0.19247959554195404,0.4140625,0.41184645891189575,105217.0,66.0471938315474,0.2036157709088059,0.9013257469831474,0.997,-0.3080063055094797,0.627,0.1,1,1.0,1.0,1.0,1.0,1.0,1.0,1.0,1.0,1.0,1.0,1.0,1.0,1.0,1.0,1.0,1.0,1.0,1.0,10000,10000,"[1, 2, 3, 4, 5, 6, 7, 8, 9]",0.01,64
invariant,256,0.248,0.08841463414634146,0.25073746312684364,0.4024024024024024,-1.9946143627166748,-2.646338939666748,-1.989074468612671,-1.3583147525787354,0.995918333530426,moderate,nan,0.73828125,0.25390625,0.25390625,0.0,high,v2_c-high_d-mixed_a-invariant_p-moderate_s-02,mixed,76.6719753742218,28.71217155456543,0.09479166247172686,-0.10096185089149173,transformer,1.0,1.0,2,0.001,4.0301262771436086e-08,4.0301262771436086e-08,5.683774246951199e-16,0.0,0.0,0.0,1.0,0.2914086878299713,0.369140625,0.37123075127601624,105217.0,65.29092541194001,0.20128428385630387,0.9293978010939277,0.997,-1.2930416266244085,0.257,0.1,2,1.0,1.0,1.0,1.0,1.0,1.0,1.0,1.0,1.0,1.0,1.0,1.0,0.9999999403953552,1.0,1.0,1.0,1.0,0.9999999403953552,10000,10000,"[1, 2, 3, 4, 5, 6, 7, 8, 9]",0.01,64
invariant,256,0.633,0.5426829268292683,0.7168141592920354,0.6366366366366366,-0.4621444642543793,-0.8292677402496338,-0.13274343311786652,-0.4358696937561035,0.9986580610275269,moderate,nan,0.37109375,0.59375,0.37890625,0.0,high,v2_c-high_d-mixed_a-invariant_p-moderate_s-03,mixed,88.36604356765747,29.186941146850586,0.13203841404807484,-0.041574477630844084,transformer,1.0,1.0,2,0.001,5.274780789932265e-08,5.274780789932265e-08,1.259567003445588e-15,0.0,0.0,0.0,1.0,0.49719613790512085,0.255859375,0.2553715705871582,105217.0,66.14993840169092,0.20393252039720688,0.9087083758176845,0.992,-0.5902116008016833,0.594,0.1,3,1.0,1.0,1.0,1.0,1.0,1.0,1.0,1.0,1.0,1.0,1.0,1.0,0.9999999403953552,1.0,1.0,1.0,1.0,0.9999999403953552,10000,10000,"[1, 2, 3, 4, 5, 6, 7, 8, 9]",0.01,64
invariant,256,0.543,0.42378048780487804,0.640117994100295,0.5615615615615616,-0.826725959777832,-1.3118433952331543,-0.4362618327140808,-0.7463920712471008,0.9969069957733154,moderate,nan,0.4892578125,0.5,0.48046875,0.0,high,v2_c-high_d-mixed_a-invariant_p-moderate_s-04,mixed,86.18837141990662,29.626811981201172,0.08742383592314237,-0.19420892766490933,transformer,1.0,1.0,2,0.001,6.842549993280045e-08,6.842549993280045e-08,4.014832673147141e-16,0.0,0.0,0.0,1.0,0.21156015992164612,0.42578125,0.42561349272727966,105217.0,65.95395643378241,0.2033283309204868,0.9393818249241788,0.994,-1.3942624052216521,0.511,0.1,4,1.0,1.0,1.0,1.0,1.0,1.0,1.0,1.0,1.0,1.0,1.0,1.0,0.9999999403953552,1.0,1.0,1.0,1.0,0.9999998807907104,10000,10000,"[1, 2, 3, 4, 5, 6, 7, 8, 9]",0.01,64
invariant,256,0.169,0.0,0.18584070796460178,0.3183183183183183,-2.3212718963623047,-2.9999988079071045,-2.2491137981414795,-1.7261945009231567,0.9983242750167847,moderate,nan,0.84765625,0.16015625,0.16015625,0.0,high,v2_c-high_d-mixed_a-invariant_p-moderate_s-05,mixed,72.49734568595886,29.053564071655273,0.02955815618135014,-0.19822127618221846,transformer,1.0,1.0,2,0.001,7.28703923869034e-08,7.28703923869034e-08,1.6316043085495293e-15,0.0,0.0,0.0,1.0,0.45571592450141907,0.279296875,0.28023868799209595,105217.0,64.56315191396763,0.1990406433132311,0.9680685074477473,0.999,-2.474479390355084,0.16,0.1,5,1.0,1.0,1.0,1.0,1.0,1.0,1.0,1.0,1.0,1.0,1.0,1.0,0.9999999403953552,1.0,1.0,1.0,1.0,0.9999998807907104,10000,10000,"[1, 2, 3, 4, 5, 6, 7, 8, 9]",0.01,64
invariant,256,0.265,0.31097560975609756,0.12979351032448377,0.35735735735735735,-1.9399951696395874,-1.7561038732528687,-2.4807662963867188,-1.570610761642456,0.9993995428085327,tight,nan,0.76171875,0.29296875,0.29296875,0.0,high,v2_c-high_d-mixed_a-invariant_p-tight_s-00,mixed,87.22612357139587,20.031837463378906,-0.016592971389347826,-0.5687464649377101,transformer,1.0,1.0,2,0.001,1.9887082203240425e-07,1.9887082203240425e-07,2.663390070555688e-15,0.0,0.0,0.0,1.0,0.5893204212188721,0.205078125,0.20406374335289001,28033.0,47.010742506652726,0.2807775124953757,0.8750370164513959,1.0,-2.71439012085125,0.257,0.1,0,1.0,1.0,1.0,1.0,1.0,1.0,1.0,1.0,1.0,1.0,1.0,1.0,0.9999997615814209,1.0,1.0,1.0,1.0,0.9999997615814209,10000,10000,"[1, 2, 3, 4, 5, 6, 7, 8, 9]",0.01,32
invariant,256,0.112,0.0,0.168141592920354,0.16516516516516516,-2.5493078231811523,-2.999952793121338,-2.3142380714416504,-2.3447344303131104,0.9981389045715332,tight,nan,0.8662109375,0.12890625,0.12890625,0.0,high,v2_c-high_d-mixed_a-invariant_p-tight_s-01,mixed,83.39542484283447,20.208654403686523,0.07629070296891333,-0.2105892298486016,transformer,1.0,1.0,2,0.001,1.8473473062385892e-07,1.8473473062385892e-07,4.907308249807365e-15,0.0,0.0,0.0,1.0,0.570670485496521,0.220703125,0.22347062826156616,28033.0,48.057620423948165,0.2870301211935462,0.9219594506977267,1.0,-2.2906316502544213,0.145,0.1,1,1.0,1.0,1.0,1.0,1.0,1.0,1.0,1.0,1.0,1.0,1.0,1.0,0.9999997615814209,1.0,1.0,1.0,1.0,0.9999997615814209,10000,10000,"[1, 2, 3, 4, 5, 6, 7, 8, 9]",0.01,32
invariant,256,0.696,0.8201219512195121,0.5870206489675516,0.6846846846846847,-0.1873527616262436,0.36741507053375244,-0.6507249474525452,-0.2620695233345032,0.9954204559326172,tight,nan,0.34375,0.7421875,0.74609375,0.0,high,v2_c-high_d-mixed_a-invariant_p-tight_s-02,mixed,90.04245591163635,19.852060317993164,0.13201530013249124,-0.1492130689990172,transformer,1.0,1.0,2,0.001,1.9561998954031878e-07,1.9561998954031878e-07,5.542901444636258e-15,0.0,0.0,0.0,1.0,0.5175357460975647,0.24609375,0.24261195957660675,28033.0,46.95306967555101,0.2804330543313079,0.9221441760499507,1.0,0.04581987769104767,0.732,0.1,2,1.0,1.0,1.0,1.0,1.0,1.0,1.0,1.0,1.0,1.0,1.0,1.0,0.9999997615814209,1.0,1.0,1.0,1.0,0.9999997615814209,10000,10000,"[1, 2, 3, 4, 5, 6, 7, 8, 9]",0.01,32
invariant,256,0.153,0.012195121951219513,0.1976401179941003,0.24624624624624625,-2.3851141929626465,-2.9476442337036133,-2.2055411338806152,-2.013838768005371,0.9972081184387207,tight,nan,0.853515625,0.17578125,0.17578125,0.0,high,v2_c-high_d-mixed_a-invariant_p-tight_s-03,mixed,85.81855463981628,19.63202476501465,0.112778821673811,-0.22419429626161405,transformer,1.0,1.0,2,0.001,1.3468716986153595e-07,1.3468716986153595e-07,5.327275231869046e-15,0.0,0.0,0.0,1.0,0.5863003730773926,0.2109375,0.20365086197853088,28033.0,47.56204710858943,0.2840702478682989,0.935957222029943,1.0,-1.7658011612523956,0.164,0.1,3,1.0,1.0,1.0,1.0,1.0,1.0,1.0,1.0,1.0,1.0,1.0,1.0,0.9999998807907104,1.0,1.0,1.0,1.0,0.9999998807907104,10000,10000,"[1, 2, 3, 4, 5, 6, 7, 8, 9]",0.01,32
invariant,256,0.359,0.2652439024390244,0.3834808259587021,0.4264264264264264,-1.5481042861938477,-1.938820242881775,-1.4638899564743042,-1.2489867210388184,0.9967507719993591,tight,nan,0.681640625,0.38671875,0.38671875,0.0,high,v2_c-high_d-mixed_a-invariant_p-tight_s-04,mixed,91.91976547241211,19.346784591674805,0.10088610458159278,-0.20675170311545718,transformer,1.0,1.0,2,0.001,1.2942116711656126e-07,1.2942115290570655e-07,8.152908957757138e-15,0.0,0.0,0.0,1.0,0.40076178312301636,0.36328125,0.3630428910255432,28033.0,46.480775841907494,0.2776122206089185,0.9076748990777417,0.998,-1.6700781080367175,0.379,0.1,4,1.0,1.0,1.0,1.0,1.0,1.0,1.0,1.0,1.0,1.0,1.0,1.0,0.9999998807907104,1.0,1.0,1.0,1.0,0.9999998807907104,10000,10000,"[1, 2, 3, 4, 5, 6, 7, 8, 9]",0.01,32
invariant,256,0.452,0.45121951219512196,0.43952802359882004,0.46546546546546547,-1.1870533227920532,-1.1915615797042847,-1.2317192554473877,-1.1371421813964844,0.9990226626396179,tight,nan,0.54296875,0.421875,0.42578125,0.0,high,v2_c-high_d-mixed_a-invariant_p-tight_s-05,mixed,91.54384160041809,19.5294132232666,0.05057409147236401,-0.39620012942046934,transformer,1.0,1.0,2,0.001,1.2290411177673377e-07,1.2290411177673377e-07,2.006090174145746e-15,0.0,0.0,0.0,1.0,0.4938513934612274,0.263671875,0.26306748390197754,28033.0,45.126432566655005,0.2695232367806707,0.8958879028997153,0.999,-1.3593672681436972,0.447,0.1,5,1.0,1.0,1.0,1.0,1.0,1.0,1.0,1.0,1.0,1.0,1.0,1.0,0.9999998807907104,1.0,1.0,1.0,1.0,0.9999998807907104,10000,10000,"[1, 2, 3, 4, 5, 6, 7, 8, 9]",0.01,32
invariant,256,0.439,0.3231707317073171,0.4247787610619469,0.5675675675675675,-1.2344675064086914,-1.7072169780731201,-1.2685600519180298,-0.7341095805168152,0.9933270215988159,wide,nan,0.5546875,0.45703125,0.4609375,0.0,high,v2_c-high_d-mixed_a-invariant_p-wide_s-00,mixed,79.44550633430481,37.558441162109375,0.04858692515747532,-0.2046089405899436,transformer,1.0,1.0,2,0.001,2.0359308905426587e-08,2.0359308905426587e-08,1.1544106159010453e-16,0.0,0.0,0.0,1.0,0.20796933770179749,0.419921875,0.420764684677124,407041.0,93.0460702409127,0.14584077292691888,0.9365458130739639,0.998,-0.32977633737709255,0.541,0.1,0,1.0,1.0,1.0,1.0,1.0,1.0,1.0,1.0,1.0,1.0,1.0,1.0,1.0,1.0,1.0,1.0,1.0,1.0,10000,10000,"[1, 2, 3, 4, 5, 6, 7, 8, 9]",0.01,128
invariant,256,0.467,0.4725609756097561,0.43952802359882004,0.4894894894894895,-1.0965793132781982,-1.0110591650009155,-1.2452471256256104,-1.0294685363769531,0.9898010492324829,wide,nan,0.5283203125,0.50390625,0.4921875,0.0,high,v2_c-high_d-mixed_a-invariant_p-wide_s-01,mixed,77.48568511009216,37.23344039916992,0.06274971786657481,-0.04623456388962975,transformer,1.0,1.0,2,0.001,2.7186329631945227e-08,2.7186327855588388e-08,1.2430470022379322e-15,0.0,0.0,0.0,1.0,-0.06698106229305267,0.587890625,0.5872408151626587,407041.0,93.11411991722787,0.1459474342546411,0.9845267314353627,0.999,-0.8912183005067593,0.343,0.1,1,1.0,1.0,1.0,1.0,1.0,1.0,1.0,1.0,1.0,1.0,1.0,1.0,1.0,1.0,1.0,1.0,1.0,1.0,10000,10000,"[1, 2, 3, 4, 5, 6, 7, 8, 9]",0.01,128
invariant,256,0.476,0.43902439024390244,0.471976401179941,0.5165165165165165,-1.0769340991973877,-1.2439018487930298,-1.0821442604064941,-0.9071692228317261,0.9969215989112854,wide,nan,0.578125,0.5,0.46875,0.0,high,v2_c-high_d-mixed_a-invariant_p-wide_s-02,mixed,94.92621231079102,37.28621292114258,0.07434671894709936,-0.12017137038430885,transformer,1.0,1.0,2,0.001,3.1455371640731755e-08,3.1455371640731755e-08,5.489163265712501e-17,0.0,0.0,0.0,1.0,0.44498467445373535,0.294921875,0.2934248447418213,407041.0,92.64643259968132,0.14521437933139175,0.9776440428689153,0.997,-0.34912994215499493,0.483,0.1,2,1.0,1.0,1.0,1.0,1.0,1.0,1.0,1.0,1.0,1.0,1.0,1.0,0.9999999403953552,1.0,1.0,1.0,1.0,0.9999999403953552,10000,10000,"[1, 2, 3, 4, 5, 6, 7, 8, 9]",0.01,128
invariant,256,0.922,1.0,0.9321533923303835,0.8348348348348348,0.6917128562927246,1.0,0.7286137342453003,0.35048869252204895,0.999481201171875,wide,1.0,0.07421875,0.92578125,0.92578125,1.0,high,v2_c-high_d-mixed_a-invariant_p-wide_s-03,mixed,88.35322594642639,37.66456985473633,0.047511722284541605,-0.13162125902852637,transformer,1.0,1.0,2,0.001,2.098093432323367e-08,2.098093432323367e-08,2.1265713398523646e-17,0.0,0.0,0.0,1.0,0.8372184634208679,0.080078125,0.08088061958551407,407041.0,92.71615641650722,0.14532366471347158,0.9460364988243575,0.992,0.6817854675946267,0.92,0.1,3,1.0,1.0,1.0,1.0,1.0,1.0,1.0,1.0,1.0,1.0,1.0,1.0,1.0,1.0,1.0,1.0,1.0,1.0,10000,10000,"[1, 2, 3, 4, 5, 6, 7, 8, 9]",0.01,128
invariant,256,0.117,0.0,0.13569321533923304,0.2132132132132132,-2.523711919784546,-2.99566912651062,-2.4586989879608154,-2.125025510787964,0.9962998032569885,wide,nan,0.9033203125,0.12109375,0.1171875,0.0,high,v2_c-high_d-mixed_a-invariant_p-wide_s-04,mixed,72.92264151573181,37.82402801513672,0.03379133209668326,-0.06053305081259425,transformer,1.0,1.0,2,0.001,2.9537980950067322e-08,2.9537979173710482e-08,2.4116065623690317e-15,0.0,0.0,0.0,1.0,0.6624131202697754,0.185546875,0.18004798889160156,407041.0,92.81201345891749,0.14547391141512603,0.9747699223958937,0.994,-1.8881235577711077,0.109,0.1,4,1.0,1.0,1.0,1.0,1.0,1.0,1.0,1.0,1.0,1.0,1.0,1.0,1.0,1.0,1.0,1.0,1.0,1.0,10000,10000,"[1, 2, 3, 4, 5, 6, 7, 8, 9]",0.01,128
invariant,256,0.342,0.14634146341463414,0.4306784660766962,0.4444444444444444,-1.6227853298187256,-2.414292573928833,-1.2569166421890259,-1.215623140335083,0.9980871677398682,wide,nan,0.64453125,0.33984375,0.34765625,0.0,high,v2_c-high_d-mixed_a-invariant_p-wide_s-05,mixed,69.37831521034241,37.933921813964844,0.013964819907749566,-0.11672268209367295,transformer,1.0,1.0,2,0.001,2.9068132789689116e-08,2.9068129236975437e-08,2.714509355955432e-15,0.0,0.0,0.0,1.0,0.4950791597366333,0.275390625,0.2727844715118408,407041.0,91.63620662827246,0.14363094720879221,0.9482093032205935,0.995,-1.1725992488198789,0.447,0.1,5,1.0,1.0,1.0,1.0,1.0,1.0,1.0,1.0,1.0,1.0,1.0,1.0,1.0,1.0,1.0,1.0,1.0,1.0,10000,10000,"[1, 2, 3, 4, 5, 6, 7, 8, 9]",0.01,128
latent,256,1.0,1.0,1.0,1.0,1.0,1.0,1.0,1.0,0.9999972581863403,moderate,1.0,0.0,1.0,1.0,1.0,high,v2_c-high_d-mixed_a-latent_p-moderate_s-00,mixed,122.67455554008484,7.498058795928955,0.99999557930674,0.9999904356252547,transformer,1.0,1.0,2,0.001,4.597986117005348e-05,1.4337136917674798e-06,1.8373028928342708e-14,2.6451147277839482e-05,4.0161025935958605e-06,0.0001407889649271965,1.0,0.9990995526313782,0.0,2.186680376325967e-06,105217.0,47.127746146422474,0.14528932731453637,0.999975396192121,1.0,0.9872787295758086,1.0,0.1,0,1.0,1.0,1.0,1.0,1.0,1.0,1.0,1.0,1.0,1.0,1.0,1.0,0.9999985098838806,1.0,1.0,1.0,1.0,0.9999985098838806,10000,10000,"[1, 2, 3, 4, 5, 6, 7, 8, 9]",0.01,64
latent,256,1.0,1.0,1.0,1.0,0.9999995231628418,1.0,1.0,0.9999985098838806,0.9999840259552002,moderate,1.0,0.0,1.0,1.0,1.0,high,v2_c-high_d-mixed_a-latent_p-moderate_s-01,mixed,107.19499802589417,7.925649166107178,0.9999994744955071,0.9999989908928817,transformer,1.0,1.0,2,0.001,2.305002089997288e-05,2.867003274786839e-07,2.306418538143909e-14,1.9304477973491885e-05,1.0067861921925214e-07,3.3581629395484924e-05,1.0,0.9976391792297363,0.0,4.068746784469113e-05,105217.0,46.564609166756895,0.14355324189455151,0.9999968210010115,1.0,0.9895157422115861,1.0,0.1,1,1.0,1.0,1.0,1.0,1.0,1.0,1.0,1.0,1.0,1.0,1.0,1.0,0.9999997615814209,1.0,1.0,1.0,1.0,0.9999997615814209,10000,10000,"[1, 2, 3, 4, 5, 6, 7, 8, 9]",0.01,64
latent,256,0.993,1.0,1.0,0.978978978978979,0.974388837814331,1.0,1.0,0.9230897426605225,0.9996247887611389,moderate,1.0,0.0,0.99609375,0.99609375,1.0,high,v2_c-high_d-mixed_a-latent_p-moderate_s-02,mixed,116.332106590271,8.007515907287598,0.9999994874791055,0.9999989866798088,transformer,1.0,1.0,2,0.001,1.716664519335609e-05,1.435250283066125e-07,3.5545727043614873e-16,1.0475563612999395e-05,2.4454999447698356e-07,6.303004920482635e-05,1.0,0.9972265958786011,0.005859375,0.0037450995296239853,105217.0,46.69365638623356,0.14395107937337606,0.9999938989440463,1.0,0.9801071827066714,0.993,0.1,2,1.0,1.0,1.0,1.0,1.0,1.0,1.0,1.0,1.0,1.0,1.0,1.0,0.9999998807907104,1.0,1.0,1.0,1.0,0.9999998807907104,10000,10000,"[1, 2, 3, 4, 5, 6, 7, 8, 9]",0.01,64
latent,256,1.0,1.0,1.0,1.0,1.0,1.0,1.0,1.0,0.9999991059303284,moderate,1.0,0.0,1.0,1.0,1.0,high,v2_c-high_d-mixed_a-latent_p-moderate_s-03,mixed,112.513436794281,7.875467300415039,0.999999729277943,0.9999994718528541,transformer,1.0,1.0,2,0.001,2.4884759113774635e-05,3.7476257830348914e-07,7.917112772933433e-15,1.873813380370848e-05,1.6264715441138833e-07,5.609216168522835e-05,1.0,0.9986432790756226,0.0,9.459699867875315e-07,105217.0,46.656859131137914,0.1438376377412798,0.9999945896440152,1.0,0.9942659561135505,1.0,0.1,3,1.0,1.0,1.0,1.0,1.0,1.0,1.0,1.0,1.0,1.0,1.0,1.0,0.9999995827674866,1.0,1.0,1.0,1.0,0.9999996423721313,10000,10000,"[1, 2, 3, 4, 5, 6, 7, 8, 9]",0.01,64
latent,256,1.0,1.0,1.0,1.0,1.0,1.0,1.0,1.0,0.9999998807907104,moderate,1.0,0.0,1.0,1.0,1.0,high,v2_c-high_d-mixed_a-latent_p-moderate_s-04,mixed,114.26739764213562,8.169736862182617,0.9999980717501703,0.9999957981438781,transformer,1.0,1.0,2,0.001,4.3137322791153565e-05,1.165683798376449e-07,3.816555230386914e-16,3.3968470233958215e-05,4.077467394836276e-07,8.644536137580872e-05,1.0,0.9987722635269165,0.0,1.1184746995240857e-07,105217.0,47.12148173474195,0.1452700148662759,0.9999889384982804,1.0,0.9968322560482991,1.0,0.1,4,1.0,1.0,1.0,1.0,1.0,1.0,1.0,1.0,1.0,1.0,1.0,1.0,0.9999998807907104,1.0,1.0,1.0,1.0,0.9999998807907104,10000,10000,"[1, 2, 3, 4, 5, 6, 7, 8, 9]",0.01,64
latent,256,0.988,1.0,1.0,0.963963963963964,0.9669387340545654,1.0,1.0,0.9007169008255005,0.9953014850616455,moderate,1.0,0.00390625,0.99609375,0.99609375,1.0,high,v2_c-high_d-mixed_a-latent_p-moderate_s-05,mixed,105.65951466560364,7.630432605743408,0.9999999282258937,0.9999998617290486,transformer,1.0,1.0,2,0.001,7.681180250074249e-06,2.3097081225387228e-07,4.0292349331679835e-15,4.636171979655046e-06,2.07223376236243e-08,2.7933157980442047e-05,1.0,0.9560843706130981,0.03125,0.028515372425317764,105217.0,45.657000145146675,0.1407551894732739,0.9999974944395863,1.0,0.9800564681159442,0.988,0.1,5,1.0,1.0,1.0,1.0,1.0,1.0,1.0,1.0,1.0,1.0,1.0,1.0,0.9999996423721313,1.0,1.0,1.0,1.0,0.9999997615814209,10000,10000,"[1, 2, 3, 4, 5, 6, 7, 8, 9]",0.01,64
latent,256,0.928,1.0,0.9528023598820059,0.8318318318318318,0.7120048999786377,1.0,0.8112231492996216,0.3273281157016754,0.999993085861206,tight,1.0,0.0546875,0.921875,0.921875,1.0,high,v2_c-high_d-mixed_a-latent_p-tight_s-00,mixed,112.99018025398254,6.949805736541748,0.9999913740377058,0.9999836370095931,transformer,1.0,1.0,2,0.001,6.873717211419716e-05,1.475484907587088e-07,6.093374283583594e-18,5.6472625146852806e-05,1.3625522115034983e-06,0.00010754447430372238,1.0,0.798345685005188,0.10546875,0.10547903180122375,28033.0,32.34742290697177,0.19319901059146571,0.9999540570097314,1.0,0.8381250191314449,0.926,0.1,0,1.0,1.0,1.0,1.0,1.0,1.0,1.0,1.0,1.0,1.0,1.0,1.0,0.9999998807907104,1.0,1.0,1.0,1.0,0.9999998807907104,10000,10000,"[1, 2, 3, 4, 5, 6, 7, 8, 9]",0.01,32
latent,256,0.949,1.0,1.0,0.8468468468468469,0.8112302422523499,1.0,1.0,0.43312379717826843,0.9953482747077942,tight,1.0,0.072265625,0.95703125,0.95703125,1.0,high,v2_c-high_d-mixed_a-latent_p-tight_s-01,mixed,104.00261783599854,6.954219818115234,0.9999925857155852,0.9999799393038851,transformer,1.0,1.0,2,0.001,0.00024740336812101305,9.536548191135807e-07,2.3285148115226306e-11,0.00017365688108839095,1.2647652738451143e-06,0.0007152804173529148,1.0,0.9222718477249146,0.091796875,0.0955628752708435,28033.0,35.183631419705044,0.21013861904395426,0.9998134867740837,1.0,0.8817003536284782,0.947,0.1,1,1.0,1.0,1.0,1.0,1.0,1.0,1.0,1.0,1.0,1.0,1.0,1.0,0.9999992847442627,1.0,1.0,1.0,1.0,0.9999993443489075,10000,10000,"[1, 2, 3, 4, 5, 6, 7, 8, 9]",0.01,32
latent,256,0.97,1.0,1.0,0.9099099099099099,0.8874878883361816,1.0,1.0,0.6621259450912476,0.997583270072937,tight,1.0,0.0205078125,0.97265625,0.97265625,1.0,high,v2_c-high_d-mixed_a-latent_p-tight_s-02,mixed,124.71333050727844,7.49175500869751,0.9999997196103979,0.9999994204987852,transformer,1.0,1.0,2,0.001,9.018696800922044e-06,2.0843000925196975e-07,1.9531974267475777e-17,2.6080922452820232e-06,8.738944501374135e-08,6.114784628152847e-05,1.0,0.9807542562484741,0.013671875,0.013572504743933678,28033.0,33.7029492096656,0.20129506019839472,0.9999928055978119,1.0,0.845247917893136,0.971,0.1,2,1.0,1.0,1.0,1.0,1.0,1.0,1.0,1.0,1.0,1.0,1.0,1.0,0.9999997615814209,1.0,1.0,1.0,1.0,0.9999997615814209,10000,10000,"[1, 2, 3, 4, 5, 6, 7, 8, 9]",0.01,32
latent,256,0.95,1.0,1.0,0.8498498498498499,0.8013520836830139,1.0,1.0,0.4034597873687744,0.9998242259025574,tight,1.0,0.06640625,0.95703125,0.95703125,1.0,high,v2_c-high_d-mixed_a-latent_p-tight_s-03,mixed,119.02895522117615,7.390517711639404,0.9999964354610487,0.9999922240612679,transformer,1.0,1.0,2,0.001,0.0001430991687811911,3.370968926219575e-08,1.2720099116504894e-19,0.00013424200005829334,1.4739349580850103e-06,7.349532097578049e-05,1.0,0.8495627641677856,0.083984375,0.08363813161849976,28033.0,34.32793347904268,0.2050278565582821,0.9999769310753325,1.0,0.8801361761129245,0.957,0.1,3,1.0,1.0,1.0,1.0,1.0,1.0,1.0,1.0,1.0,1.0,1.0,1.0,0.9999999403953552,1.0,1.0,1.0,1.0,0.9999999403953552,10000,10000,"[1, 2, 3, 4, 5, 6, 7, 8, 9]",0.01,32
latent,256,0.985,1.0,1.0,0.954954954954955,0.9401034116744995,1.0,1.0,0.8201301097869873,0.9999313354492188,tight,1.0,0.0146484375,0.9765625,0.9765625,1.0,high,v2_c-high_d-mixed_a-latent_p-tight_s-04,mixed,119.90077877044678,6.735663414001465,0.9999993284886898,0.9999983512916624,transformer,1.0,1.0,2,0.001,7.748825737508014e-05,2.1792124016428716e-07,1.7022876727506837e-16,6.8753506639041e-05,3.190017139331758e-07,8.197827264666557e-05,1.0,0.9729561805725098,0.01953125,0.019548149779438972,28033.0,33.663051458315245,0.20105676591115332,0.9999879973107689,1.0,0.9437903216918588,0.985,0.1,4,1.0,1.0,1.0,1.0,1.0,1.0,1.0,1.0,1.0,1.0,1.0,1.0,0.9999997615814209,1.0,1.0,1.0,1.0,0.9999997615814209,10000,10000,"[1, 2, 3, 4, 5, 6, 7, 8, 9]",0.01,32
latent,256,1.0,1.0,1.0,1.0,0.9996514916419983,1.0,1.0,0.9989532232284546,0.999565839767456,tight,1.0,0.0048828125,1.0,1.0,1.0,high,v2_c-high_d-mixed_a-latent_p-tight_s-05,mixed,104.54085445404053,6.83234167098999,0.9999991315732307,0.9999985613494211,transformer,1.0,1.0,2,0.001,6.263063551159576e-05,8.874267223291099e-07,5.1875736643619205e-15,5.125083407619968e-05,3.145087816847081e-07,0.00010177865624427795,1.0,0.9935518503189087,0.0,0.0008733021677471697,28033.0,32.48089783517924,0.19399620621791833,0.999978187905701,1.0,0.9673639241513929,0.997,0.1,5,1.0,1.0,1.0,1.0,1.0,1.0,1.0,1.0,1.0,1.0,1.0,1.0,0.9999991059303284,1.0,1.0,1.0,1.0,0.9999991059303284,10000,10000,"[1, 2, 3, 4, 5, 6, 7, 8, 9]",0.01,32
latent,256,0.997,1.0,1.0,0.990990990990991,0.9893011450767517,1.0,1.0,0.9678712487220764,0.9997091293334961,wide,1.0,0.0,1.0,1.0,1.0,high,v2_c-high_d-mixed_a-latent_p-wide_s-00,mixed,105.5523841381073,8.388833045959473,0.9999631635545719,0.9998987230347341,transformer,1.0,1.0,2,0.001,5.267902815830894e-05,1.9691374291141983e-06,3.792685024546494e-13,2.214214691775851e-05,6.236910394363804e-06,0.00022330833598971367,1.0,0.9968805909156799,0.00390625,0.0036869426257908344,407041.0,67.20171078032764,0.10533222323993235,0.9999888999400839,1.0,0.9871974690883987,0.999,0.1,0,1.0,1.0,1.0,1.0,1.0,1.0,1.0,1.0,1.0,1.0,1.0,1.0,0.9999980330467224,1.0,1.0,1.0,1.0,0.9999983310699463,10000,10000,"[1, 2, 3, 4, 5, 6, 7, 8, 9]",0.01,128
latent,256,0.973,1.0,0.9823008849557522,0.9369369369369369,0.9114643335342407,1.0,0.9683958292007446,0.7663008570671082,0.9970799684524536,wide,1.0,0.03515625,0.99609375,0.99609375,1.0,high,v2_c-high_d-mixed_a-latent_p-wide_s-01,mixed,85.17755508422852,8.263410568237305,0.9999922222947212,0.9999719715821533,transformer,1.0,1.0,2,0.001,2.4273114831885323e-05,1.9039213157157064e-06,8.737058114754309e-14,4.127568900003098e-06,3.605982101362315e-06,0.00014635641127824783,1.0,0.9654375314712524,0.037109375,0.03533072769641876,407041.0,66.75875092479096,0.1046379262369552,0.9999964929635424,1.0,0.9780793561385799,0.991,0.1,1,1.0,1.0,1.0,1.0,1.0,1.0,1.0,1.0,1.0,1.0,1.0,1.0,0.9999979734420776,1.0,1.0,1.0,1.0,0.999998152256012,10000,10000,"[1, 2, 3, 4, 5, 6, 7, 8, 9]",0.01,128
latent,256,1.0,1.0,1.0,1.0,0.9978629350662231,0.999999463558197,1.0,0.9935829639434814,0.9984486103057861,wide,1.0,0.0,1.0,1.0,1.0,high,v2_c-high_d-mixed_a-latent_p-wide_s-02,mixed,101.27236318588257,8.179866790771484,0.9999922184235844,0.9999872856322503,transformer,1.0,1.0,2,0.001,0.00014863941760268062,1.2015484571747947e-06,9.357423012444285e-14,0.00011696033470798284,3.078582039961475e-06,0.0002739895135164261,1.0,0.9869431853294373,0.0,0.0037883641198277473,407041.0,68.16509482291228,0.106842235140835,0.9999820846016808,1.0,0.9714286131677057,0.995,0.1,2,1.0,1.0,1.0,1.0,1.0,1.0,1.0,1.0,1.0,1.0,1.0,1.0,0.9999988079071045,1.0,1.0,1.0,1.0,0.9999988675117493,10000,10000,"[1, 2, 3, 4, 5, 6, 7, 8, 9]",0.01,128
latent,256,0.998,1.0,1.0,0.993993993993994,0.9944424033164978,1.0,1.0,0.983310341835022,0.9983968734741211,wide,1.0,0.00390625,0.99609375,0.99609375,1.0,high,v2_c-high_d-mixed_a-latent_p-wide_s-03,mixed,80.18801021575928,8.20764446258545,0.9999908674162594,0.9999842934662155,transformer,1.0,1.0,2,0.001,0.004033653065562248,1.4161877288643154e-06,4.977309796955209e-13,0.004004441201686859,3.2092727906274376e-06,0.00024586543440818787,1.0,0.9960851669311523,0.005859375,0.005854910239577293,407041.0,66.73361658941063,0.10459853058177726,0.9999470434558606,1.0,0.9811592980413688,0.993,0.1,3,1.0,1.0,1.0,1.0,1.0,1.0,1.0,1.0,1.0,1.0,1.0,1.0,0.9999982714653015,1.0,1.0,1.0,1.0,0.9999982714653015,10000,10000,"[1, 2, 3, 4, 5, 6, 7, 8, 9]",0.01,128
latent,256,1.0,1.0,1.0,1.0,1.0,1.0,1.0,1.0,0.9999979138374329,wide,1.0,0.0,1.0,1.0,1.0,high,v2_c-high_d-mixed_a-latent_p-wide_s-04,mixed,108.87081575393677,8.438608169555664,0.9999951726244805,0.9999892891617692,transformer,1.0,1.0,2,0.001,3.5970810131402686e-05,1.2276366305741249e-06,1.177109082949046e-12,1.5860507119214162e-05,3.209858277841704e-06,0.0001567280851304531,1.0,0.9993841648101807,0.0,1.281867980651441e-06,407041.0,68.26536167045272,0.10699939378822744,0.9999927938278248,1.0,0.9981021965749644,1.0,0.1,4,1.0,1.0,1.0,1.0,1.0,1.0,1.0,1.0,1.0,1.0,1.0,1.0,0.999998927116394,1.0,1.0,1.0,1.0,0.999998927116394,10000,10000,"[1, 2, 3, 4, 5, 6, 7, 8, 9]",0.01,128
latent,256,1.0,1.0,1.0,1.0,1.0,1.0,1.0,1.0,0.9999995827674866,wide,1.0,0.0,1.0,1.0,1.0,high,v2_c-high_d-mixed_a-latent_p-wide_s-05,mixed,107.75366973876953,8.698841094970703,0.9999999136454345,0.9999998149656812,transformer,1.0,1.0,2,0.001,3.3162214094772935e-06,2.613508627291594e-07,1.87244213935441e-15,6.484344794444041e-07,1.5032670219738975e-08,2.391403540968895e-05,1.0,0.9997191429138184,0.0,1.3496183726147137e-07,407041.0,65.88622542245675,0.10327032636595153,0.999999084163576,1.0,0.9989574645364605,1.0,0.1,5,1.0,1.0,1.0,1.0,1.0,1.0,1.0,1.0,1.0,1.0,1.0,1.0,0.9999996423721313,1.0,1.0,1.0,1.0,0.9999997615814209,10000,10000,"[1, 2, 3, 4, 5, 6, 7, 8, 9]",0.01,128
concrete,256,0.302,0.2545454545454545,0.23123123123123124,0.41839762611275966,-1.7873615026474,-1.9775413274765015,-2.072681188583374,-1.319198489189148,0.9961677193641663,moderate,nan,0.646484375,0.28125,0.28125,0.0,none,v2_c-none_d-easy_a-concrete_p-moderate_s-00,easy,74.54809355735779,28.547883987426758,0.012662950713921888,-0.20461949963796938,transformer,1.0,1.0,2,0.001,3.0710467058270297e-08,3.0710467058270297e-08,0.0,0.0,0.0,0.0,1.0,0.3658430576324463,0.3359375,0.32998326420783997,105217.0,71.40219182495363,0.22012460317537386,0.9746747859215241,1.0,-2.0070993019189283,0.299,0.1,0,1.0,1.0,1.0,,0.867,1.0,0.9696969696969697,0.6339285714285714,0.4711315333843231,1.0,0.8784838914871216,-0.4546671509742737,0.998948872089386,1.0,1.0,1.0,,1.0,10000,10000,"[5, 6, 7, 8, 9]",0.0,64
concrete,256,0.641,0.7515151515151515,0.6636636636636637,0.5103857566765578,-0.4364989399909973,0.009326756931841373,-0.3445514142513275,-0.9639203548431396,0.9984394907951355,moderate,nan,0.34765625,0.64453125,0.64453125,0.0,none,v2_c-none_d-easy_a-concrete_p-moderate_s-01,easy,70.81233167648315,29.412324905395508,0.026000252315459386,-0.19113620309843904,transformer,1.0,1.0,2,0.001,3.591270569813787e-08,3.591270569813787e-08,0.0,0.0,0.0,0.0,1.0,0.37609392404556274,0.314453125,0.31549903750419617,105217.0,72.31546707191215,0.22294012390643883,0.9747597775195773,1.0,-0.09216230043695584,0.614,0.1,1,1.0,1.0,1.0,,0.89,1.0,0.9787878787878788,0.6934523809523809,0.5618568658828735,1.0,0.9151515960693359,-0.22066418826580048,0.9996422529220581,1.0,1.0,1.0,,1.0,10000,10000,"[5, 6, 7, 8, 9]",0.0,64
concrete,256,0.343,0.2636363636363636,0.26126126126126126,0.5014836795252225,-1.6279075145721436,-1.957205057144165,-1.9556362628936768,-0.9816104769706726,0.9966888427734375,moderate,nan,0.7109375,0.41015625,0.41015625,0.0,none,v2_c-none_d-easy_a-concrete_p-moderate_s-02,easy,78.97194957733154,28.63321876525879,0.06777754692412981,-0.1290542386698721,transformer,1.0,1.0,2,0.001,3.488104738380571e-08,3.488104738380571e-08,0.0,0.0,0.0,0.0,1.0,0.39340639114379883,0.302734375,0.30195361375808716,105217.0,71.56837490324696,0.2206369261619491,0.9718372975948387,1.0,-2.0144889129861885,0.351,0.1,2,1.0,1.0,1.0,,0.884,1.0,0.9848484848484849,0.6696428571428571,0.536283552646637,1.0,0.9394170641899109,-0.32060736417770386,0.9993266463279724,1.0,1.0,1.0,,0.9999999403953552,10000,10000,"[5, 6, 7, 8, 9]",0.0,64
concrete,256,0.642,0.6272727272727273,0.7507507507507507,0.5489614243323442,-0.4259435534477234,-0.4822617173194885,0.0032986935693770647,-0.7949424982070923,0.9980001449584961,moderate,nan,0.3603515625,0.64453125,0.65234375,0.0,none,v2_c-none_d-easy_a-concrete_p-moderate_s-03,easy,47.86695742607117,29.151325225830078,0.0719681295619298,-0.11130215835763325,transformer,1.0,1.0,2,0.001,1.7447124633918065e-08,1.7447124633918065e-08,0.0,0.0,0.0,0.0,1.0,0.7171223163604736,0.142578125,0.14278165996074677,105217.0,72.33559418382966,0.223002173437562,0.9687778449594092,1.0,-0.4911461510126167,0.658,0.1,3,1.0,1.0,1.0,,0.867,1.0,0.9818181818181818,0.6220238095238095,0.4694705009460449,1.0,0.9284541010856628,-0.5086886286735535,0.9996542930603027,1.0,1.0,1.0,,1.0,10000,10000,"[5, 6, 7, 8, 9]",0.0,64
concrete,256,0.335,0.11212121212121212,0.43543543543543545,0.4540059347181009,-1.6567953824996948,-2.5514848232269287,-1.2507468461990356,-1.1819188594818115,0.998980700969696,moderate,nan,0.7109375,0.359375,0.359375,0.0,none,v2_c-none_d-easy_a-concrete_p-moderate_s-04,easy,81.9112069606781,29.601274490356445,0.055485050287122625,-0.20559764732312968,transformer,1.0,1.0,2,0.001,5.2837187070053915e-08,5.2837187070053915e-08,0.0,0.0,0.0,0.0,1.0,0.19738608598709106,0.41796875,0.4173959195613861,105217.0,72.14422444627623,0.222412202927385,0.9731804699311125,1.0,-2.0210922901802917,0.338,0.1,4,1.0,1.0,1.0,,0.905,1.0,0.9787878787878788,0.7380952380952381,0.6219475269317627,1.0,0.9151513576507568,-0.041822757571935654,0.9988930821418762,1.0,1.0,1.0,,0.9999999403953552,10000,10000,"[5, 6, 7, 8, 9]",0.0,64
concrete,256,0.19,0.0,0.19519519519519518,0.37091988130563797,-2.2379233837127686,-2.999997138977051,-2.2177445888519287,-1.511617660522461,0.9995162487030029,moderate,nan,0.83203125,0.1796875,0.1796875,0.0,none,v2_c-none_d-easy_a-concrete_p-moderate_s-05,easy,48.913657903671265,28.973745346069336,0.01762621082982059,-0.19863406405068512,transformer,1.0,1.0,2,0.001,3.164764450502844e-08,3.164764450502844e-08,0.0,0.0,0.0,0.0,1.0,0.3475264310836792,0.341796875,0.3399239182472229,105217.0,70.54098946665422,0.21746961706739693,0.9746110193722565,1.0,-2.7075188980904397,0.198,0.1,5,1.0,1.0,1.0,,0.878,1.0,0.9727272727272728,0.6636904761904762,0.5142741799354553,1.0,0.8909090757369995,-0.3384697735309601,0.999274730682373,1.0,1.0,1.0,,0.9999999403953552,10000,10000,"[5, 6, 7, 8, 9]",0.0,64
concrete,256,0.166,0.06363636363636363,0.057057057057057055,0.37388724035608306,-2.3359766006469727,-2.745452642440796,-2.7717700004577637,-1.5043845176696777,0.9999957084655762,tight,nan,0.86328125,0.16015625,0.16015625,0.0,none,v2_c-none_d-easy_a-concrete_p-tight_s-00,easy,98.15594530105591,19.953022003173828,0.0008346903157006156,-0.5156658169852018,transformer,1.0,1.0,2,0.001,1.3928183761890978e-07,1.3928183761890978e-07,0.0,0.0,0.0,0.0,1.0,0.7484046816825867,0.12890625,0.12884926795959473,28033.0,51.68516594135881,0.30869608842854945,0.9622625676007242,1.0,-3.3152768751749377,0.15,0.1,0,1.0,1.0,1.0,,0.871,1.0,0.9515151515151515,0.6636904761904762,0.48079222440719604,1.0,0.8060609698295593,-0.35478541254997253,0.9975659251213074,1.0,1.0,1.0,,0.9999998807907104,10000,10000,"[5, 6, 7, 8, 9]",0.0,32
concrete,256,0.364,0.29393939393939394,0.3843843843843844,0.4124629080118694,-1.5407670736312866,-1.8242402076721191,-1.4622761011123657,-1.3407410383224487,0.9995459318161011,tight,nan,0.607421875,0.30078125,0.30078125,0.0,none,v2_c-none_d-easy_a-concrete_p-tight_s-01,easy,90.74217414855957,20.090295791625977,0.03702767720424494,-0.24124046158908885,transformer,1.0,1.0,2,0.001,1.4609307186219667e-07,1.4609307186219667e-07,0.0,0.0,0.0,0.0,1.0,0.5508419275283813,0.23828125,0.23778119683265686,28033.0,52.478712391025695,0.3134356433963416,0.9657875351746136,1.0,-2.1742771179194436,0.365,0.1,1,1.0,1.0,1.0,,0.876,1.0,0.9787878787878788,0.6517857142857143,0.5087235569953918,1.0,0.9151515364646912,-0.3787989020347595,0.9989937543869019,1.0,1.0,1.0,,0.9999998807907104,10000,10000,"[5, 6, 7, 8, 9]",0.0,32
concrete,256,0.725,0.8606060606060606,0.6636636636636637,0.6528189910979229,-0.08586498349905014,0.4517713189125061,-0.3102957606315613,-0.3905668258666992,0.9964795708656311,tight,nan,0.2392578125,0.70703125,0.70703125,0.0,none,v2_c-none_d-easy_a-concrete_p-tight_s-02,easy,76.8719596862793,19.72283935546875,0.10345049042338308,-0.2746222750405467,transformer,1.0,1.0,2,0.001,1.2001753191270836e-07,1.2001753191270836e-07,0.0,0.0,0.0,0.0,1.0,0.2830228805541992,0.388671875,0.38729095458984375,28033.0,51.364031497313974,0.3067780729800009,0.960508158135081,1.0,0.2730653752919189,0.738,0.1,2,1.0,1.0,1.0,,0.847,1.0,0.9636363636363636,0.5803571428571429,0.38973626494407654,1.0,0.8545964956283569,-0.6734541058540344,0.9996700286865234,1.0,1.0,1.0,,0.9999998807907104,10000,10000,"[5, 6, 7, 8, 9]",0.0,32
concrete,256,0.349,0.2606060606060606,0.3063063063063063,0.47774480712166173,-1.5833072662353516,-1.9242180585861206,-1.7643771171569824,-1.0705569982528687,0.9944127202033997,tight,nan,0.6396484375,0.37109375,0.37109375,0.0,none,v2_c-none_d-easy_a-concrete_p-tight_s-03,easy,47.58096957206726,19.545175552368164,0.06570800330258035,-0.24295351287511296,transformer,1.0,1.0,2,0.001,4.248630602887715e-08,4.248630602887715e-08,0.0,0.0,0.0,0.0,1.0,-0.003749532625079155,0.529296875,0.5280584096908569,28033.0,52.057446567204465,0.31091958081564314,0.9639111677552327,1.0,-1.7197328243819006,0.359,0.1,3,1.0,1.0,1.0,,0.853,1.0,0.9636363636363636,0.5982142857142857,0.4172314703464508,1.0,0.8546858429908752,-0.5917108654975891,0.9991297721862793,1.0,1.0,1.0,,0.9999999403953552,10000,10000,"[5, 6, 7, 8, 9]",0.0,32
concrete,256,0.335,0.19696969696969696,0.33933933933933935,0.4658753709198813,-1.6567729711532593,-2.2121191024780273,-1.6370248794555664,-1.13247549533844,0.9993229508399963,tight,nan,0.6875,0.36328125,0.36328125,0.0,none,v2_c-none_d-easy_a-concrete_p-tight_s-04,easy,85.86739468574524,19.255414962768555,0.07106987742408831,-0.2579701482047478,transformer,1.0,1.0,2,0.001,7.663285117587293e-08,7.663285117587293e-08,0.0,0.0,0.0,0.0,1.0,0.5223273634910583,0.263671875,0.26539474725723267,28033.0,50.86140434467595,0.30377606973339477,0.9658448818059201,1.0,-1.730421896359923,0.366,0.1,4,1.0,1.0,1.0,,0.902,1.0,0.9787878787878788,0.7291666666666666,0.606264054775238,1.0,0.9151545763015747,-0.08850297331809998,0.9989374279975891,1.0,1.0,1.0,,0.9999998807907104,10000,10000,"[5, 6, 7, 8, 9]",0.0,32
concrete,256,0.335,0.296969696969697,0.29429429429429427,0.4124629080118694,-1.6544685363769531,-1.7945265769958496,-1.8228033781051636,-1.3509821891784668,0.9986909031867981,tight,nan,0.6259765625,0.28515625,0.28515625,0.0,none,v2_c-none_d-easy_a-concrete_p-tight_s-05,easy,46.3582181930542,19.627099990844727,0.020567259254239283,-0.4407536779788433,transformer,1.0,1.0,2,0.001,6.577940325769305e-08,6.577940325769305e-08,0.0,0.0,0.0,0.0,1.0,0.37138766050338745,0.322265625,0.3209564983844757,28033.0,49.34550822450894,0.2947221914254389,0.960063942796311,1.0,-1.799643231030442,0.313,0.1,5,1.0,1.0,1.0,,0.867,1.0,0.9696969696969697,0.6339285714285714,0.4737280309200287,1.0,0.8809653520584106,-0.44937652349472046,0.9981251358985901,1.0,1.0,1.0,,0.9999999403953552,10000,10000,"[5, 6, 7, 8, 9]",0.0,32
concrete,256,0.375,0.20909090909090908,0.32432432432432434,0.5875370919881305,-1.490179419517517,-2.160670518875122,-1.6823240518569946,-0.643751323223114,0.9960178136825562,wide,nan,0.6875,0.33984375,0.33984375,0.0,none,v2_c-none_d-easy_a-concrete_p-wide_s-00,easy,82.65940165519714,37.539859771728516,0.03655165647542835,-0.20749493211386943,transformer,1.0,1.0,2,0.001,2.8288077658089605e-08,2.8288077658089605e-08,0.0,0.0,0.0,0.0,1.0,0.24822166562080383,0.400390625,0.3984466791152954,407041.0,101.95050206063986,0.1597976140455355,0.9902033329145622,1.0,-0.7947927193226576,0.426,0.1,0,1.0,1.0,1.0,,0.901,1.0,0.996969696969697,0.7083333333333334,0.6090827584266663,1.0,0.9878787994384766,-0.15153944492340088,0.999214231967926,1.0,1.0,1.0,,1.0,10000,10000,"[5, 6, 7, 8, 9]",0.0,128
concrete,256,0.164,0.0,0.13813813813813813,0.35014836795252224,-2.335587978363037,-2.999999523162842,-2.4236161708831787,-1.5979934930801392,0.9985026121139526,wide,nan,0.8505859375,0.140625,0.140625,0.0,none,v2_c-none_d-easy_a-concrete_p-wide_s-01,easy,87.99723982810974,37.13389205932617,0.02017823415988255,-0.13206646441371078,transformer,1.0,1.0,2,0.001,2.2287677481358514e-08,2.2287677481358514e-08,0.0,0.0,0.0,0.0,1.0,0.6941338181495667,0.154296875,0.15557658672332764,407041.0,102.19978720388704,0.16018834455007197,0.9900821098175335,1.0,-2.800585071617696,0.181,0.1,1,1.0,1.0,1.0,,0.887,1.0,0.990909090909091,0.6726190476190477,0.5491906404495239,1.0,0.9636363387107849,-0.3059803247451782,0.9998343586921692,1.0,1.0,1.0,,1.0,10000,10000,"[5, 6, 7, 8, 9]",0.0,128
concrete,256,0.485,0.41818181818181815,0.45645645645645644,0.5786350148367952,-1.0062199831008911,-1.1992335319519043,-1.174160122871399,-0.6512686014175415,0.990630030632019,wide,nan,0.4873046875,0.43359375,0.4453125,0.0,none,v2_c-none_d-easy_a-concrete_p-wide_s-02,easy,93.92091703414917,37.20600128173828,0.06038776298144917,-0.1473099967441026,transformer,1.0,1.0,2,0.001,2.500878615308011e-08,2.500878615308011e-08,0.0,0.0,0.0,0.0,1.0,0.25155287981033325,0.35546875,0.373169869184494,407041.0,101.27338359586729,0.1587362959263518,0.9889554140185671,1.0,-1.10285385073478,0.506,0.1,2,1.0,1.0,1.0,,0.883,1.0,0.9818181818181818,0.6696428571428571,0.5390029549598694,1.0,0.9347977042198181,-0.30797716975212097,0.99894118309021,1.0,1.0,1.0,,1.0,10000,10000,"[5, 6, 7, 8, 9]",0.0,128
concrete,256,0.846,0.990909090909091,0.9669669669669669,0.5845697329376854,0.3916265368461609,0.9867464900016785,0.8678678870201111,-0.6617206335067749,0.9988111853599548,wide,1.0,0.1396484375,0.8203125,0.8203125,1.0,none,v2_c-none_d-easy_a-concrete_p-wide_s-03,easy,70.29509806632996,37.592281341552734,0.03481692630683644,-0.12842930336473393,transformer,1.0,1.0,2,0.001,1.7843351685087327e-08,1.7843351685087327e-08,0.0,0.0,0.0,0.0,1.0,0.9843407869338989,0.00390625,0.0023582838475704193,407041.0,101.74188065444783,0.1594706200408519,0.9827054982499994,1.0,0.3341774467138794,0.811,0.1,3,1.0,1.0,1.0,,0.849,1.0,0.9727272727272728,0.5773809523809523,0.40152889490127563,1.0,0.8915165662765503,-0.6746176481246948,0.9988077282905579,1.0,1.0,1.0,,1.0,10000,10000,"[5, 6, 7, 8, 9]",0.0,128
concrete,256,0.38,0.28484848484848485,0.37237237237237236,0.4807121661721068,-1.4749091863632202,-1.8567266464233398,-1.499067783355713,-1.0771504640579224,0.9962736368179321,wide,nan,0.5986328125,0.3671875,0.36328125,0.0,none,v2_c-none_d-easy_a-concrete_p-wide_s-04,easy,69.996896982193,37.83456802368164,0.014441704910241219,-0.07669154320329588,transformer,1.0,1.0,2,0.001,1.9877640866639013e-08,1.9877640866639013e-08,0.0,0.0,0.0,0.0,1.0,0.013993660919368267,0.529296875,0.5235472321510315,407041.0,101.51539354728477,0.1591156232668762,0.9838222858315738,1.0,-2.4383716019130053,0.311,0.1,4,1.0,1.0,1.0,,0.88,1.0,0.9818181818181818,0.6607142857142857,0.5198084712028503,1.0,0.9272749423980713,-0.3577152490615845,0.9988085031509399,1.0,1.0,1.0,,1.0,10000,10000,"[5, 6, 7, 8, 9]",0.0,128
concrete,256,0.829,0.9484848484848485,0.9369369369369369,0.6053412462908012,0.3196467161178589,0.7943617105484009,0.7477747797966003,-0.5682541728019714,0.9968181252479553,wide,1.0061919504643964,0.193359375,0.828125,0.82421875,1.0,none,v2_c-none_d-easy_a-concrete_p-wide_s-05,easy,87.47744679450989,37.876766204833984,0.0010105431580996213,-0.13469641125348636,transformer,1.0,1.0,2,0.001,1.65356084380619e-08,1.65356084380619e-08,0.0,0.0,0.0,0.0,1.0,0.8251718878746033,0.11328125,0.11354339122772217,407041.0,100.25344271927297,0.15713763662352326,0.981141926950708,1.0,-0.27862055573764377,0.796,0.1,5,1.0,1.0,1.0,,0.872,1.0,0.9818181818181818,0.6369047619047619,0.48898836970329285,1.0,0.9272727370262146,-0.4494394063949585,0.9986335635185242,1.0,1.0,1.0,,1.0,10000,10000,"[5, 6, 7, 8, 9]",0.0,128
invariant,256,0.288,0.19393939393939394,0.25825825825825827,0.4094955489614243,-1.8388690948486328,-2.2231943607330322,-1.9449329376220703,-1.3577218055725098,0.9970417618751526,moderate,nan,0.69921875,0.24609375,0.24609375,0.0,none,v2_c-none_d-easy_a-invariant_p-moderate_s-00,easy,85.91343927383423,28.545591354370117,0.014939585681184246,-0.1923842165193076,transformer,1.0,1.0,2,0.001,3.392797864876229e-08,3.392797509604861e-08,4.0258408721483355e-15,0.0,0.0,0.0,1.0,0.2887284755706787,0.365234375,0.3636382222175598,105217.0,71.42183129704055,0.22018514936995434,0.9747104561780001,1.0,-2.203326577776226,0.29,0.1,0,1.0,1.0,1.0,,0.852,1.0,0.9636363636363636,0.5952380952380952,0.40799957513809204,1.0,0.854544997215271,-0.6190484762191772,0.9998458027839661,1.0,1.0,1.0,,1.0,10000,10000,"[5, 6, 7, 8, 9]",0.0,64
invariant,256,0.248,0.09696969696969697,0.23123123123123124,0.4124629080118694,-2.0084660053253174,-2.616222858428955,-2.0724098682403564,-1.3501479625701904,0.9990637302398682,moderate,nan,0.7421875,0.2578125,0.25390625,0.0,none,v2_c-none_d-easy_a-invariant_p-moderate_s-01,easy,66.80235934257507,29.393945693969727,0.030635771250193684,-0.1906719706638318,transformer,1.0,1.0,2,0.001,3.282855587372069e-08,3.282855232100701e-08,3.166796997701969e-15,0.0,0.0,0.0,1.0,0.28616297245025635,0.357421875,0.3536914587020874,105217.0,72.38133160653206,0.2231431765603697,0.975405318476679,1.0,-2.5233650702295387,0.231,0.1,1,1.0,1.0,1.0,,0.91,1.0,1.0,0.7321428571428571,0.6404385566711426,1.0,0.999993085861206,-0.07011650502681732,0.9999094009399414,1.0,1.0,1.0,,1.0,10000,10000,"[5, 6, 7, 8, 9]",0.0,64
invariant,256,0.309,0.2545454545454545,0.21921921921921922,0.45103857566765576,-1.763938546180725,-1.9911308288574219,-2.118290424346924,-1.1913189888000488,0.9962916374206543,moderate,nan,0.7255859375,0.34765625,0.34765625,0.0,none,v2_c-none_d-easy_a-invariant_p-moderate_s-02,easy,79.23815274238586,28.608131408691406,0.06502554817625243,-0.12553315853120772,transformer,1.0,1.0,2,0.001,4.230128070048522e-08,4.230128070048522e-08,1.5554362471962256e-16,0.0,0.0,0.0,1.0,0.24085892736911774,0.369140625,0.3780367374420166,105217.0,71.60802061205669,0.2207591492435702,0.9667958264510238,1.0,-1.8404469027011077,0.295,0.1,2,1.0,1.0,1.0,,0.886,1.0,0.9878787878787879,0.6726190476190477,0.5464785695075989,1.0,0.9515199661254883,-0.3021518886089325,0.9996217489242554,1.0,1.0,1.0,,0.9999999403953552,10000,10000,"[5, 6, 7, 8, 9]",0.0,64
invariant,256,0.473,0.4696969696969697,0.42342342342342343,0.5252225519287834,-1.108604073524475,-1.1213537454605103,-1.3057891130447388,-0.9012744426727295,0.9984470009803772,moderate,nan,0.5390625,0.5,0.484375,0.0,none,v2_c-none_d-easy_a-invariant_p-moderate_s-03,easy,87.07932925224304,29.161752700805664,0.08208812060259427,-0.09589238326331928,transformer,1.0,1.0,2,0.001,2.2093377793908076e-08,2.2093377793908076e-08,1.2093912598095259e-16,0.0,0.0,0.0,1.0,0.2754472494125366,0.37109375,0.37554168701171875,105217.0,72.35393086267807,0.223058703273018,0.9745951370938583,1.0,-1.3572603144022328,0.553,0.1,3,1.0,1.0,1.0,,0.895,1.0,0.9787878787878788,0.7083333333333334,0.5826377272605896,1.0,0.9151524305343628,-0.15881699323654175,0.999580442905426,1.0,1.0,1.0,,1.0,10000,10000,"[5, 6, 7, 8, 9]",0.0,64
invariant,256,0.301,0.1303030303030303,0.4444444444444444,0.3264094955489614,-1.792708396911621,-2.4787871837615967,-1.2181869745254517,-1.6885823011398315,0.9960830807685852,moderate,nan,0.7275390625,0.3203125,0.3203125,0.0,none,v2_c-none_d-easy_a-invariant_p-moderate_s-04,easy,84.76508045196533,29.590368270874023,0.05637873207401509,-0.20967623004619507,transformer,1.0,1.0,2,0.001,3.640318624320571e-08,3.640318624320571e-08,1.921256542225557e-16,0.0,0.0,0.0,1.0,0.19860461354255676,0.419921875,0.41355907917022705,105217.0,72.12661320071977,0.22235790951789078,0.9734725816948175,1.0,-1.924236767589853,0.295,0.1,4,1.0,1.0,1.0,,0.905,1.0,0.9666666666666667,0.75,0.6205447912216187,1.0,0.8667269349098206,0.0015620788326486945,0.999850332736969,1.0,1.0,1.0,,0.9999999403953552,10000,10000,"[5, 6, 7, 8, 9]",0.0,64
invariant,256,0.348,0.22727272727272727,0.4024024024024024,0.4124629080118694,-1.5968986749649048,-2.090906858444214,-1.3613985776901245,-1.3458563089370728,0.9967817664146423,moderate,nan,0.66796875,0.30078125,0.30078125,0.0,none,v2_c-none_d-easy_a-invariant_p-moderate_s-05,easy,68.53422451019287,29.01898193359375,0.027180717803112205,-0.17545610734221084,transformer,1.0,1.0,2,0.001,3.28902416413257e-08,3.28902416413257e-08,1.6192030712223465e-17,0.0,0.0,0.0,1.0,0.1255902647972107,0.451171875,0.45364508032798767,105217.0,70.49522360049771,0.2173285262567482,0.9707918026735863,1.0,-1.7158288788623124,0.368,0.1,5,1.0,1.0,1.0,,0.876,1.0,0.9727272727272728,0.6577380952380952,0.5111464858055115,1.0,0.8909090757369995,-0.3477783203125,0.998196542263031,1.0,1.0,1.0,,0.9999999403953552,10000,10000,"[5, 6, 7, 8, 9]",0.0,64
invariant,256,0.223,0.02727272727272727,0.17417417417417416,0.4629080118694362,-2.1098082065582275,-2.8909060955047607,-2.30900502204895,-1.1481022834777832,0.9987607598304749,tight,nan,0.828125,0.2265625,0.2265625,0.0,none,v2_c-none_d-easy_a-invariant_p-tight_s-00,easy,96.8380823135376,19.883638381958008,0.0013653334543344646,-0.4957339439704885,transformer,1.0,1.0,2,0.001,1.5000325959135807e-07,1.5000325959135807e-07,1.938811194178284e-15,0.0,0.0,0.0,1.0,0.8370558023452759,0.076171875,0.0746622234582901,28033.0,51.54616216576595,0.30786587107274177,0.9609307487583849,1.0,-4.127302437771957,0.219,0.1,0,1.0,1.0,1.0,,0.877,1.0,0.9454545454545454,0.6875,0.5142927765846252,1.0,0.7924564480781555,-0.24171969294548035,0.9989643096923828,1.0,1.0,1.0,,0.9999998807907104,10000,10000,"[5, 6, 7, 8, 9]",0.0,32
invariant,256,0.207,0.08484848484848485,0.18618618618618618,0.34718100890207715,-2.1715645790100098,-2.660604238510132,-2.254256010055542,-1.6109731197357178,0.999910831451416,tight,nan,0.81640625,0.2109375,0.2109375,0.0,none,v2_c-none_d-easy_a-invariant_p-tight_s-01,easy,81.67882227897644,20.170230865478516,0.043106243007601346,-0.2593681300465148,transformer,1.0,1.0,2,0.001,1.419568889104994e-07,1.419568889104994e-07,6.008408623711474e-16,0.0,0.0,0.0,1.0,0.5265243053436279,0.2421875,0.24221962690353394,28033.0,52.57358711005878,0.31400229446774386,0.9700316923310172,1.0,-3.074783576738354,0.203,0.1,1,1.0,1.0,1.0,,0.868,1.0,0.9757575757575757,0.6309523809523809,0.47310346364974976,1.0,0.9029529690742493,-0.4728303551673889,0.999584972858429,1.0,1.0,1.0,,0.9999998807907104,10000,10000,"[5, 6, 7, 8, 9]",0.0,32
invariant,256,0.678,0.7787878787878788,0.7087087087087087,0.5489614243323442,-0.28160056471824646,0.11525289714336395,-0.1587914526462555,-0.7915621995925903,0.9968081116676331,tight,nan,0.3212890625,0.65625,0.65625,0.0,none,v2_c-none_d-easy_a-invariant_p-tight_s-02,easy,83.79597306251526,19.86391258239746,0.11297730255470656,-0.271191627873893,transformer,1.0,1.0,2,0.001,1.0878048328777368e-07,1.0878048328777368e-07,2.4822353458846475e-16,0.0,0.0,0.0,1.0,0.24702557921409607,0.38671875,0.3858300447463989,28033.0,51.35561096105869,0.3067277802788529,0.966495523952155,1.0,0.23642051867549851,0.691,0.1,2,1.0,1.0,1.0,,0.856,1.0,0.9666666666666667,0.6041666666666666,0.42680174112319946,1.0,0.8666665554046631,-0.5749947428703308,0.9986284375190735,1.0,1.0,1.0,,0.9999998807907104,10000,10000,"[5, 6, 7, 8, 9]",0.0,32
invariant,256,0.353,0.41818181818181815,0.2732732732732733,0.36795252225519287,-1.5818462371826172,-1.3130359649658203,-1.906695008277893,-1.52407968044281,0.9992130398750305,tight,nan,0.66015625,0.35546875,0.35546875,0.0,none,v2_c-none_d-easy_a-invariant_p-tight_s-03,easy,94.205087184906,19.60154914855957,0.08834218814522982,-0.21373638091691072,transformer,1.0,1.0,2,0.001,5.010434023233756e-08,5.010434023233756e-08,2.034129638147603e-16,0.0,0.0,0.0,1.0,0.34885668754577637,0.341796875,0.34157076478004456,28033.0,52.056537042228655,0.3109141485644885,0.960896360843209,1.0,-1.3274253371053035,0.389,0.1,3,1.0,1.0,1.0,,0.855,1.0,0.9575757575757575,0.6101190476190477,0.42211273312568665,1.0,0.8302974700927734,-0.5532304048538208,0.9993882775306702,1.0,1.0,1.0,,0.9999999403953552,10000,10000,"[5, 6, 7, 8, 9]",0.0,32
invariant,256,0.369,0.18787878787878787,0.4174174174174174,0.49851632047477745,-1.518404245376587,-2.2503180503845215,-1.330245852470398,-0.9876185655593872,0.9968688488006592,tight,nan,0.669921875,0.3984375,0.3984375,0.0,none,v2_c-none_d-easy_a-invariant_p-tight_s-04,easy,75.81292867660522,19.281551361083984,0.07395949306675167,-0.24648936775589741,transformer,1.0,1.0,2,0.001,1.0052470145183179e-07,1.0052470145183179e-07,8.99555766247645e-16,0.0,0.0,0.0,1.0,0.44128096103668213,0.361328125,0.3613151013851166,28033.0,50.779319202903274,0.30328580600449284,0.9682713604917471,1.0,-1.682499483630501,0.393,0.1,4,1.0,1.0,1.0,,0.917,1.0,0.9878787878787879,0.7648809523809523,0.6696589589118958,1.0,0.9515156149864197,0.06446065753698349,0.9993913769721985,1.0,1.0,1.0,,0.9999999403953552,10000,10000,"[5, 6, 7, 8, 9]",0.0,32
invariant,256,0.351,0.23030303030303031,0.3633633633633634,0.456973293768546,-1.596832036972046,-2.076003313064575,-1.548487901687622,-1.175384283065796,0.997699499130249,tight,nan,0.5791015625,0.359375,0.359375,0.0,none,v2_c-none_d-easy_a-invariant_p-tight_s-05,easy,90.05383849143982,19.613811492919922,0.024226307582115015,-0.43465482333784294,transformer,1.0,1.0,2,0.001,6.605935709558253e-08,6.605935709558253e-08,1.1695640353274247e-16,0.0,0.0,0.0,1.0,0.28304359316825867,0.357421875,0.3590826392173767,28033.0,49.30716957713833,0.2944932090808262,0.9665746526224939,1.0,-1.500420346082441,0.371,0.1,5,1.0,1.0,1.0,,0.875,1.0,0.9757575757575757,0.6517857142857143,0.5078999996185303,1.0,0.9030309319496155,-0.36934584379196167,0.9985303282737732,1.0,1.0,1.0,,0.9999999403953552,10000,10000,"[5, 6, 7, 8, 9]",0.0,32
invariant,256,0.252,0.16363636363636364,0.1891891891891892,0.40059347181008903,-1.9920369386672974,-2.345454216003418,-2.243029832839966,-1.3979467153549194,0.9989879727363586,wide,nan,0.7265625,0.2421875,0.2421875,0.0,none,v2_c-none_d-easy_a-invariant_p-wide_s-00,easy,90.8824200630188,37.5484504699707,0.0342761238969304,-0.2126296720009943,transformer,1.0,1.0,2,0.001,2.6114211237882046e-08,2.6114211237882046e-08,3.5225328890382053e-16,0.0,0.0,0.0,1.0,0.31934183835983276,0.34765625,0.3474808931350708,407041.0,101.88923006273366,0.15970157607735178,0.988876617015498,1.0,-2.4714494299200855,0.255,0.1,0,1.0,1.0,1.0,,0.894,1.0,0.9878787878787879,0.6964285714285714,0.5819413065910339,1.0,0.951524555683136,-0.1966124325990677,0.9989801049232483,1.0,1.0,1.0,,1.0,10000,10000,"[5, 6, 7, 8, 9]",0.0,128
invariant,256,0.2,0.03636363636363636,0.16816816816816818,0.3916913946587537,-2.199755907058716,-2.854673147201538,-2.3273274898529053,-1.4323855638504028,0.9991195201873779,wide,nan,0.82421875,0.17578125,0.17578125,0.0,none,v2_c-none_d-easy_a-invariant_p-wide_s-01,easy,80.05164670944214,37.13142395019531,0.0158585144444864,-0.1304317875274953,transformer,1.0,1.0,2,0.001,1.7589687928420972e-08,1.7589687928420972e-08,4.059879870515595e-17,0.0,0.0,0.0,1.0,0.5643447637557983,0.23828125,0.23528128862380981,407041.0,102.19066416331384,0.16017404506074162,0.9911950822904975,1.0,-2.9860341689241947,0.197,0.1,1,1.0,1.0,1.0,,0.894,1.0,0.9939393939393939,0.6904761904761905,0.5766585469245911,1.0,0.9757570028305054,-0.23613464832305908,0.999578595161438,1.0,1.0,1.0,,1.0,10000,10000,"[5, 6, 7, 8, 9]",0.0,128
invariant,256,0.417,0.5242424242424243,0.2552552552552553,0.47181008902077154,-1.3206636905670166,-0.9168545603752136,-1.9582593441009521,-1.0860573053359985,0.9940859079360962,wide,nan,0.5888671875,0.421875,0.41015625,0.0,none,v2_c-none_d-easy_a-invariant_p-wide_s-02,easy,66.29478192329407,37.23683547973633,0.056770881201413194,-0.1468796965091818,transformer,1.0,1.0,2,0.001,2.7007999392480997e-08,2.7007995839767318e-08,2.720607993175663e-15,0.0,0.0,0.0,1.0,0.34895044565200806,0.33984375,0.3523704707622528,407041.0,101.29828971634282,0.15877533387659898,0.9884319431337625,1.0,-1.1963879836646085,0.423,0.1,2,1.0,1.0,1.0,,0.874,1.0,0.9878787878787879,0.6369047619047619,0.4967079758644104,1.0,0.9515151381492615,-0.45027387142181396,0.9994716048240662,1.0,1.0,1.0,,1.0,10000,10000,"[5, 6, 7, 8, 9]",0.0,128
invariant,256,0.846,1.0,0.948948948948949,0.5934718100890207,0.3840046226978302,1.0,0.7957957983016968,-0.626099169254303,0.9999992251396179,wide,1.0,0.140625,0.80078125,0.80078125,1.0,none,v2_c-none_d-easy_a-invariant_p-wide_s-03,easy,89.02981400489807,37.60203170776367,0.028717426272860534,-0.14040727554114302,transformer,1.0,1.0,2,0.001,2.4605988357961905e-08,2.4605988357961905e-08,1.3408650669043782e-16,0.0,0.0,0.0,1.0,0.8716881275177002,0.0625,0.06250274181365967,407041.0,101.76470086876571,0.15950638853366264,0.9868524152816674,1.0,0.632948107989705,0.861,0.1,3,1.0,1.0,1.0,,0.845,1.0,0.9696969696969697,0.5684523809523809,0.3826046288013458,1.0,0.886680543422699,-0.7261902689933777,0.9995906352996826,1.0,1.0,1.0,,1.0,10000,10000,"[5, 6, 7, 8, 9]",0.0,128
invariant,256,0.357,0.2878787878787879,0.33633633633633636,0.44510385756676557,-1.554785132408142,-1.839037299156189,-1.622782588005066,-1.20924711227417,0.9903406500816345,wide,nan,0.6298828125,0.328125,0.32421875,0.0,none,v2_c-none_d-easy_a-invariant_p-wide_s-04,easy,85.3955090045929,37.85874938964844,0.01676641350585629,-0.07416634563914647,transformer,1.0,1.0,2,0.001,1.7829401954827517e-08,1.7829401954827517e-08,2.398008507192048e-16,0.0,0.0,0.0,1.0,0.2024262547492981,0.43359375,0.4350249171257019,407041.0,101.55169655321619,0.15917252473977989,0.9836233092884185,1.0,-1.8181477176907985,0.454,0.1,4,1.0,1.0,1.0,,0.869,1.0,0.9848484848484849,0.625,0.482453852891922,1.0,0.9393818974494934,-0.4807802736759186,0.9989312887191772,1.0,1.0,1.0,,1.0,10000,10000,"[5, 6, 7, 8, 9]",0.0,128
invariant,256,0.656,0.7151515151515152,0.8258258258258259,0.43026706231454004,-0.37695297598838806,-0.1356855034828186,0.2992686629295349,-1.2814042568206787,0.9976543188095093,wide,nan,0.37109375,0.58203125,0.58203125,0.0,none,v2_c-none_d-easy_a-invariant_p-wide_s-05,easy,96.76821875572205,37.867122650146484,0.0028305868935247338,-0.129289383578042,transformer,1.0,1.0,2,0.001,2.153689493411548e-08,2.153689493411548e-08,2.3385557940198607e-16,0.0,0.0,0.0,1.0,0.5290026664733887,0.216796875,0.22107313573360443,407041.0,100.20119041867329,0.15705573616403112,0.9804218540122875,1.0,-0.45453065359070255,0.569,0.1,5,1.0,1.0,1.0,,0.876,1.0,0.9848484848484849,0.6458333333333334,0.5044118762016296,1.0,0.939393937587738,-0.4154408872127533,0.9998388290405273,1.0,1.0,1.0,,1.0,10000,10000,"[5, 6, 7, 8, 9]",0.0,128
latent,256,0.851,1.0,0.9519519519519519,0.6053412462908012,0.41038811206817627,1.0,0.825887143611908,-0.5775438547134399,0.9991092085838318,moderate,1.0,0.15234375,0.87109375,0.87109375,1.0,none,v2_c-none_d-easy_a-latent_p-moderate_s-00,easy,107.2813789844513,7.473510265350342,0.9999978060279616,0.999994113992795,transformer,1.0,1.0,2,0.001,2.7542870157049038e-05,3.972758349846117e-06,1.8929253441947978e-14,3.647070116130635e-06,8.272485274574137e-07,0.0001909579150378704,1.0,0.9216253161430359,0.052734375,0.053210847079753876,105217.0,52.786728474398586,0.16273530771771572,0.9999956779344563,1.0,0.7395497917648828,0.854,0.1,0,1.0,1.0,1.0,,0.841,1.0,0.9606060606060606,0.5654761904761905,0.3640078008174896,1.0,0.8424256443977356,-0.738073468208313,0.9999951124191284,1.0,1.0,1.0,,0.9999961256980896,10000,10000,"[5, 6, 7, 8, 9]",0.0,64
latent,256,0.859,1.0,0.963963963963964,0.6172106824925816,0.45303961634635925,1.0,0.8558566570281982,-0.4805954396724701,0.9947177171707153,moderate,1.0,0.1591796875,0.8515625,0.8515625,1.0,none,v2_c-none_d-easy_a-latent_p-moderate_s-01,easy,107.54243564605713,8.02153205871582,0.9997374196299883,0.9993074783705056,transformer,1.0,1.0,2,0.001,0.0001849056570790708,3.4106792554666754e-06,1.1523697577772718e-13,7.367617217823863e-05,5.342207077774219e-05,0.000543967355042696,1.0,0.8958607912063599,0.080078125,0.08259955048561096,105217.0,52.27676763113008,0.16116315810451254,0.999967412900387,1.0,0.8062875456397567,0.86,0.1,1,1.0,1.0,1.0,,0.848,1.0,0.9606060606060606,0.5863095238095238,0.39407190680503845,1.0,0.8424258828163147,-0.6485971212387085,0.9993630051612854,1.0,1.0,1.0,,0.9999967217445374,10000,10000,"[5, 6, 7, 8, 9]",0.0,64
latent,256,0.856,1.0,0.9669669669669669,0.6053412462908012,0.4240034520626068,1.0,0.8678686022758484,-0.5786256194114685,0.999997615814209,moderate,1.0,0.15625,0.86328125,0.86328125,1.0,none,v2_c-none_d-easy_a-latent_p-moderate_s-02,easy,107.16700506210327,8.014463424682617,0.9999982261664083,0.9999947324221639,transformer,1.0,1.0,2,0.001,4.8973452067002654e-05,1.9838869320665253e-06,5.908059465779955e-15,3.23377680615522e-05,4.033053073726478e-07,0.0001424849033355713,1.0,0.9994657039642334,0.0,1.4441909002016473e-07,105217.0,52.080616543638385,0.16055844725190482,0.999984456506276,1.0,0.6928398034065868,0.856,0.1,2,1.0,1.0,1.0,,0.858,1.0,0.9787878787878788,0.5982142857142857,0.4365687668323517,1.0,0.9151522517204285,-0.5935460925102234,0.9989423751831055,1.0,1.0,1.0,,0.9999980330467224,10000,10000,"[5, 6, 7, 8, 9]",0.0,64
latent,256,0.97,1.0,1.0,0.9109792284866469,0.9060336351394653,1.0,1.0,0.721168041229248,0.9948532581329346,moderate,1.0,0.02734375,0.9609375,0.9609375,1.0,none,v2_c-none_d-easy_a-latent_p-moderate_s-03,easy,109.39390325546265,7.759818077087402,0.9999949687932447,0.9999904486263269,transformer,1.0,1.0,2,0.001,0.00022340165742207319,5.7904728123503446e-08,8.398242336520232e-18,0.00021417689276859164,1.7996775341089233e-06,7.367180660367012e-05,1.0,0.9855678677558899,0.02734375,0.02291215769946575,105217.0,51.6023967836288,0.15908415168460907,0.9999700540146439,1.0,0.9528051741368923,0.973,0.1,3,1.0,1.0,1.0,,0.989,1.0,1.0,0.9672619047619048,0.9591555595397949,1.0,1.0,0.8784392476081848,0.9994651675224304,1.0,1.0,1.0,,0.9999998807907104,10000,10000,"[5, 6, 7, 8, 9]",0.0,64
latent,256,0.856,1.0,0.9669669669669669,0.6053412462908012,0.43156084418296814,1.0,0.8721141219139099,-0.5603951811790466,0.9988799095153809,moderate,1.0,0.12109375,0.8515625,0.8515625,1.0,none,v2_c-none_d-easy_a-latent_p-moderate_s-04,easy,107.23399186134338,8.127177238464355,0.9999983693541291,0.9999974202318066,transformer,1.0,1.0,2,0.001,9.562134073348716e-05,1.3333672086446313e-06,8.777666907124754e-15,8.31829383969307e-05,6.16664522112842e-07,0.00010488368570804596,1.0,0.9976992011070251,0.0,0.002212315332144499,105217.0,52.53652909537685,0.16196397230609555,0.999990402923014,1.0,0.80941619055462,0.859,0.1,4,1.0,1.0,1.0,,0.84,1.0,0.9575757575757575,0.5654761904761905,0.36266523599624634,1.0,0.8303173780441284,-0.7301770448684692,0.9995093941688538,1.0,1.0,1.0,,0.9999986290931702,10000,10000,"[5, 6, 7, 8, 9]",0.0,64
latent,256,0.905,1.0,0.9579579579579579,0.7596439169139466,0.6536693572998047,1.0,0.865732729434967,0.10498635470867157,0.9884641766548157,moderate,1.0,0.064453125,0.9140625,0.9140625,1.0,none,v2_c-none_d-easy_a-latent_p-moderate_s-05,easy,106.64570665359497,7.625977516174316,0.999999973880015,0.9999999555287298,transformer,1.0,1.0,2,0.001,2.813275386870373e-06,6.2601500872006e-08,1.430410242665872e-18,6.283149218688777e-07,5.835357530514784e-09,2.1165236830711365e-05,1.0,0.9873074293136597,0.021484375,0.0337652713060379,105217.0,50.46162449476791,0.15556728419103716,0.9999997755367201,1.0,0.9217968196688935,0.908,0.1,5,1.0,1.0,1.0,,0.968,1.0,0.9848484848484849,0.9196428571428571,0.8891759514808655,1.0,0.949457049369812,0.7198069095611572,0.9933263659477234,1.0,1.0,1.0,,0.9999999403953552,10000,10000,"[5, 6, 7, 8, 9]",0.0,64
latent,256,0.889,1.0,0.963963963963964,0.7062314540059347,0.5581825375556946,1.0,0.8551342487335205,-0.16788464784622192,0.9984815716743469,tight,1.0,0.1064453125,0.86328125,0.86328125,1.0,none,v2_c-none_d-easy_a-latent_p-tight_s-00,easy,107.90355491638184,6.859941005706787,0.9999995687317756,0.9999991876366066,transformer,1.0,1.0,2,0.001,8.716921001905575e-06,1.552120920678135e-07,2.8018611192204957e-18,3.2294424272549804e-06,1.0256368199179633e-07,5.229702219367027e-05,1.0,0.8714330196380615,0.080078125,0.07883034646511078,28033.0,35.87813306682324,0.21428661659736864,0.9999978432811507,1.0,0.8564602585131257,0.888,0.1,0,1.0,1.0,1.0,,0.877,1.0,0.9878787878787879,0.6458333333333334,0.5080394148826599,1.0,0.9515233039855957,-0.41655731201171875,0.9999810457229614,1.0,1.0,1.0,,0.9999998807907104,10000,10000,"[5, 6, 7, 8, 9]",0.0,32
latent,256,0.776,0.8303030303030303,0.8678678678678678,0.6320474777448071,0.15588556230068207,0.41767632961273193,0.49954020977020264,-0.4400430917739868,0.9898725748062134,tight,nan,0.2470703125,0.7421875,0.734375,0.0,none,v2_c-none_d-easy_a-latent_p-tight_s-01,easy,89.93966817855835,6.882137775421143,0.9999990310901442,0.9999978733458574,transformer,1.0,1.0,2,0.001,2.152652268705424e-05,1.9175188299414003e-06,2.0006018241640116e-15,4.635495770344278e-06,2.792393161143991e-07,0.00014694267883896828,1.0,0.7230271100997925,0.236328125,0.22472618520259857,28033.0,38.59219050616915,0.23049666255614654,0.9999943562943063,1.0,0.47286673958281655,0.768,0.1,1,1.0,1.0,1.0,,0.929,1.0,0.9939393939393939,0.7946428571428571,0.728079080581665,1.0,0.9757577776908875,0.21452106535434723,0.9965025782585144,1.0,1.0,1.0,,0.9999980330467224,10000,10000,"[5, 6, 7, 8, 9]",0.0,32
latent,256,0.913,1.0,0.96996996996997,0.771513353115727,0.653353750705719,1.0,0.8791899085044861,0.09075227379798889,0.9970594644546509,tight,1.0,0.0888671875,0.9140625,0.9140625,1.0,none,v2_c-none_d-easy_a-latent_p-tight_s-02,easy,116.47257161140442,7.286770820617676,0.9999891955056425,0.9999790865223819,transformer,1.0,1.0,2,0.001,9.896246046992019e-05,1.5042672885101638e-07,6.754490596125231e-16,9.008046617964283e-05,1.7970274939216324e-06,6.934534758329391e-05,1.0,0.9222486615180969,0.06640625,0.0674406886100769,28033.0,37.20269662888381,0.22219773738097995,0.9999649629262204,1.0,0.8340813804964216,0.921,0.1,2,1.0,1.0,1.0,,0.95,1.0,0.9666666666666667,0.8839285714285714,0.8053290843963623,1.0,0.8667513132095337,0.5514914393424988,0.9968438744544983,1.0,1.0,1.0,,0.9999998807907104,10000,10000,"[5, 6, 7, 8, 9]",0.0,32
latent,256,0.906,1.0,0.975975975975976,0.744807121661721,0.6284556984901428,1.0,0.9038914442062378,-0.007537513505667448,0.9979547262191772,tight,1.0,0.0859375,0.8984375,0.8984375,1.0,none,v2_c-none_d-easy_a-latent_p-tight_s-03,easy,100.728919506073,7.454428195953369,0.999997047112047,0.9999951348362853,transformer,1.0,1.0,2,0.001,0.00013481489440891892,2.434738064494013e-07,2.242359916561415e-17,0.00012588969548232853,9.286395084018295e-07,7.753074169158936e-05,1.0,0.8340481519699097,0.1171875,0.10941721498966217,28033.0,37.504173159667666,0.22399834349515158,0.9999739615835341,1.0,0.8870947802401449,0.916,0.1,3,1.0,1.0,1.0,,0.899,1.0,0.9818181818181818,0.7172619047619048,0.6025465130805969,1.0,0.9470422863960266,-0.13088512420654297,0.9975807070732117,1.0,1.0,1.0,,0.9999997615814209,10000,10000,"[5, 6, 7, 8, 9]",0.0,32
latent,256,0.857,1.0,0.9669669669669669,0.6083086053412463,0.4281146228313446,1.0,0.8678680658340454,-0.566425621509552,0.9999793171882629,tight,1.0,0.12109375,0.8515625,0.8515625,1.0,none,v2_c-none_d-easy_a-latent_p-tight_s-04,easy,105.35977149009705,6.550529956817627,0.9999979636484949,0.9999958725149579,transformer,1.0,1.0,2,0.001,2.41113066294929e-05,1.530867166366079e-07,1.1997718772044732e-16,1.885873825813178e-05,5.120194259689015e-07,4.587462171912193e-05,1.0,0.9884754419326782,0.005859375,0.00584039930254221,28033.0,36.86953059056154,0.22020786173766654,0.9999939513854359,1.0,0.813410449930078,0.857,0.1,4,1.0,1.0,1.0,,0.878,1.0,1.0,0.6369047619047619,0.5167253017425537,1.0,0.9999985098838806,-0.43831607699394226,0.9980212450027466,1.0,1.0,1.0,,0.9999997615814209,10000,10000,"[5, 6, 7, 8, 9]",0.0,32
latent,256,0.849,1.0,0.9669669669669669,0.5845697329376854,0.39548900723457336,1.0,0.8678682446479797,-0.6632376909255981,0.9991633892059326,tight,1.0,0.150390625,0.84375,0.84375,1.0,none,v2_c-none_d-easy_a-latent_p-tight_s-05,easy,100.61708784103394,6.661746978759766,0.9999992660067867,0.9999987246654238,transformer,1.0,1.0,2,0.001,1.5459982023457997e-05,7.065332283673342e-07,1.0847182008388395e-16,6.426997515518451e-06,2.98032460932518e-07,8.028419688344002e-05,1.0,0.9235497117042542,0.044921875,0.04365929961204529,28033.0,36.198635637955135,0.2162008581062759,0.9999967388908894,1.0,0.8558879011437641,0.848,0.1,5,1.0,1.0,1.0,,0.838,1.0,0.9606060606060606,0.5565476190476191,0.3520556688308716,1.0,0.8424244523048401,-0.7736440300941467,0.9999902844429016,1.0,1.0,1.0,,0.9999994039535522,10000,10000,"[5, 6, 7, 8, 9]",0.0,32
latent,256,0.797,0.9696969696969697,0.8678678678678678,0.5578635014836796,0.20275366306304932,0.8787881731987,0.47305476665496826,-0.7263314127922058,0.9957355856895447,wide,1.0,0.2109375,0.83203125,0.83203125,1.0,none,v2_c-none_d-easy_a-latent_p-wide_s-00,easy,94.15185713768005,8.423725128173828,0.9999933079071531,0.9999807556372524,transformer,1.0,1.0,2,0.001,9.066458005690947e-05,2.1370070157900045e-07,1.0609125714668289e-17,8.362498920178041e-05,9.27355756630277e-07,5.898531526327133e-05,1.0,0.7847844362258911,0.1640625,0.16446781158447266,407041.0,74.0698428320694,0.11609736017045186,0.9999980542438758,1.0,0.5611050133152944,0.799,0.1,0,1.0,1.0,1.0,,0.889,1.0,0.9939393939393939,0.6755952380952381,0.561284065246582,1.0,0.9757575988769531,-0.2818928360939026,0.9980652332305908,1.0,1.0,1.0,,0.9999997615814209,10000,10000,"[5, 6, 7, 8, 9]",0.0,128
latent,256,0.926,1.0,1.0,0.7804154302670623,0.7079836130142212,1.0,0.9997274279594421,0.1337520033121109,0.9977196455001831,wide,1.0,0.07421875,0.9375,0.9375,1.0,none,v2_c-none_d-easy_a-latent_p-wide_s-01,easy,100.71072506904602,8.406949043273926,0.9999999030294298,0.9999997736820655,transformer,1.0,1.0,2,0.001,3.888140327035217e-06,4.3226641821547673e-08,7.794756110845471e-16,2.2034366793377558e-06,2.586513403457502e-08,1.6156118363142014e-05,1.0,0.9898210763931274,0.013671875,0.013725439086556435,407041.0,72.261281131703,0.11326261351662187,0.9999997970695258,1.0,0.8601431237665645,0.928,0.1,1,1.0,1.0,1.0,,0.879,1.0,0.9848484848484849,0.6547619047619048,0.5237935781478882,1.0,0.9393942356109619,-0.35775765776634216,0.9975771307945251,1.0,1.0,1.0,,1.0,10000,10000,"[5, 6, 7, 8, 9]",0.0,128
latent,256,0.856,1.0,0.9669669669669669,0.6053412462908012,0.4243980646133423,1.0,0.868772029876709,-0.5783470273017883,0.9999355673789978,wide,1.0,0.15625,0.86328125,0.86328125,1.0,none,v2_c-none_d-easy_a-latent_p-wide_s-02,easy,129.42433953285217,8.259391784667969,0.999997075054215,0.9999935514035174,transformer,1.0,1.0,2,0.001,8.979230187833309e-05,9.263864058084437e-07,5.416571562750962e-15,7.493793236790225e-05,1.759882934493362e-06,0.00012168101966381073,1.0,0.994770348072052,0.0,8.705105574335903e-05,407041.0,75.55711742905798,0.11842852016697594,0.9999976932680485,1.0,0.8072638955196086,0.856,0.1,2,1.0,1.0,1.0,,0.863,1.0,0.9848484848484849,0.6071428571428571,0.45648497343063354,1.0,0.9394006133079529,-0.5580868721008301,0.9986519813537598,1.0,1.0,1.0,,0.9999991655349731,10000,10000,"[5, 6, 7, 8, 9]",0.0,128
latent,256,0.849,1.0,0.9669669669669669,0.5845697329376854,0.4006344676017761,1.0,0.8794118762016296,-0.6593759655952454,0.9993724226951599,wide,1.0,0.13671875,0.8203125,0.8203125,1.0,none,v2_c-none_d-easy_a-latent_p-wide_s-03,easy,87.49322819709778,8.192131042480469,0.9999986207796085,0.9999957261630039,transformer,1.0,1.0,2,0.001,1.708838317426853e-05,3.5010634746868163e-07,7.173041339099103e-16,1.3034023140789941e-05,5.217381158217904e-07,3.182515501976013e-05,1.0,0.9924885034561157,0.0,0.0006159057375043631,407041.0,73.64681281536815,0.11543430127449571,0.9999992920144434,1.0,0.7506486994700333,0.849,0.1,3,1.0,1.0,1.0,,0.863,1.0,0.9818181818181818,0.6101190476190477,0.4520023763179779,1.0,0.9272733926773071,-0.5595174431800842,0.9999990463256836,1.0,1.0,1.0,,0.9999996423721313,10000,10000,"[5, 6, 7, 8, 9]",0.0,128
latent,256,0.828,0.9606060606060606,0.954954954954955,0.5727002967359051,0.3235129714012146,0.8772159218788147,0.8198789358139038,-0.709163248538971,0.9982967972755432,wide,1.0,0.1953125,0.82421875,0.82421875,1.0,none,v2_c-none_d-easy_a-latent_p-wide_s-04,easy,112.5041651725769,8.472290992736816,0.9997410845713983,0.9992727195305665,transformer,1.0,1.0,2,0.001,6.061262683942914e-05,2.3274549221241614e-06,3.9027395410447946e-14,1.042479561874643e-05,2.2285421437118202e-05,0.00025574956089258194,1.0,0.9468156099319458,0.060546875,0.056929439306259155,407041.0,74.36282963169631,0.11655658882142379,0.9999929767970173,1.0,0.5914877019564686,0.828,0.1,4,1.0,1.0,1.0,,0.84,1.0,0.9606060606060606,0.5625,0.36000490188598633,1.0,0.8424256443977356,-0.7499867677688599,0.9999969005584717,1.0,1.0,1.0,,0.9999976754188538,10000,10000,"[5, 6, 7, 8, 9]",0.0,128
latent,256,0.879,1.0,0.975975975975976,0.6646884272997032,0.5650045275688171,1.0,0.9039039015769958,-0.195832297205925,0.987482488155365,wide,0.9943820224719101,0.1875,0.87890625,0.8828125,1.0,none,v2_c-none_d-easy_a-latent_p-wide_s-05,easy,99.93518376350403,8.614877700805664,0.9999996568340376,0.999999211169043,transformer,1.0,1.0,2,0.001,9.009492714540102e-06,8.704661524916446e-08,5.900158540971314e-18,6.458612915594131e-06,2.4537598619644996e-07,2.2184569388628006e-05,1.0,0.9924924969673157,0.005859375,0.006899128668010235,407041.0,73.26021277838602,0.11482834287065269,0.9999995250339956,1.0,0.8205980617312396,0.879,0.1,5,1.0,1.0,1.0,,0.86,1.0,0.9727272727272728,0.6101190476190477,0.514568030834198,1.0,0.931152880191803,-0.3771201968193054,0.980103611946106,1.0,1.0,1.0,,0.9999999403953552,10000,10000,"[5, 6, 7, 8, 9]",0.0,128
concrete,256,0.273,0.3768996960486322,0.19469026548672566,0.25,-1.9070959091186523,-1.492400884628296,-2.220416784286499,-1.9981167316436768,0.9998850226402283,moderate,nan,0.73046875,0.234375,0.234375,0.0,none,v2_c-none_d-hard_a-concrete_p-moderate_s-00,hard,86.9043653011322,28.57391357421875,0.011326807564578933,-0.16091150747956073,transformer,1.0,1.0,2,0.001,2.6654324969399568e-08,2.6654324969399568e-08,0.0,0.0,0.0,0.0,1.0,0.48289966583251953,0.248046875,0.24858024716377258,105217.0,71.70286400038489,0.22105154031289112,0.8824557396176107,1.0,-0.46370837190732983,0.244,0.1,0,1.0,,,1.0,0.946,0.9513677811550152,0.8855421686746988,1.0,0.7890906929969788,0.8054713010787964,0.557502031326294,1.0,0.9992102980613708,1.0,,,1.0,1.0,10000,10000,"[1, 2, 3]",0.0,64
concrete,256,0.489,0.42857142857142855,0.40412979351032446,0.6355421686746988,-1.043174386024475,-1.2945115566253662,-1.377888560295105,-0.4523369073867798,0.9961423277854919,moderate,nan,0.4951171875,0.46484375,0.46484375,0.0,none,v2_c-none_d-hard_a-concrete_p-moderate_s-01,hard,80.01363372802734,29.418704986572266,0.03788894908323096,-0.18327603227723305,transformer,1.0,1.0,2,0.001,3.288956662572673e-08,3.288956662572673e-08,0.0,0.0,0.0,0.0,1.0,0.3696984350681305,0.32421875,0.33150580525398254,105217.0,72.65624278907899,0.2239906955709201,0.8885821472504913,1.0,-0.31021646907580913,0.455,0.1,1,1.0,,,1.0,0.963,0.9696048632218845,0.9186746987951807,1.0,0.8521552085876465,0.8788750767707825,0.6747148633003235,1.0,0.9999805092811584,1.0,,,1.0,1.0,10000,10000,"[1, 2, 3]",0.0,64
concrete,256,0.741,0.5623100303951368,0.8348082595870207,0.822289156626506,-0.0026774920988827944,-0.6484953165054321,0.33667105436325073,0.29080113768577576,0.9939298033714294,moderate,nan,0.228515625,0.74609375,0.74609375,0.0,none,v2_c-none_d-hard_a-concrete_p-moderate_s-02,hard,78.25915908813477,28.799501419067383,0.11191212560075046,-0.11684714694294668,transformer,1.0,1.0,2,0.001,4.0758123986961436e-08,4.0758123986961436e-08,0.0,0.0,0.0,0.0,1.0,0.463273823261261,0.22265625,0.23406895995140076,105217.0,71.80230017452102,0.22135809040349133,0.8924764888642298,1.0,0.1856366968703409,0.773,0.1,2,1.0,,,1.0,0.915,0.8054711246200608,0.9367469879518072,1.0,0.661132276058197,0.22528444230556488,0.7470293045043945,1.0,0.999591052532196,1.0,,,1.0,0.9999999403953552,10000,10000,"[1, 2, 3]",0.0,64
concrete,256,0.682,0.60790273556231,0.6548672566371682,0.7831325301204819,-0.26880303025245667,-0.5682064890861511,-0.37524864077568054,0.13658493757247925,0.9993470311164856,moderate,nan,0.296875,0.734375,0.73046875,0.0,none,v2_c-none_d-hard_a-concrete_p-moderate_s-03,hard,83.73190355300903,29.185983657836914,0.12245656838902269,-0.08025964691585491,transformer,1.0,1.0,2,0.001,3.3480048955425445e-08,3.3480048955425445e-08,0.0,0.0,0.0,0.0,1.0,0.023702334612607956,0.533203125,0.5327368378639221,105217.0,72.82786645525417,0.22451979125337382,0.8977822412521113,1.0,0.09856128658970187,0.702,0.1,3,1.0,,,1.0,0.988,0.9787234042553191,0.9849397590361446,1.0,0.9520000219345093,0.914893627166748,0.9397590160369873,1.0,1.0,1.0,,,1.0,1.0,10000,10000,"[1, 2, 3]",0.0,64
concrete,256,0.429,0.1580547112462006,0.584070796460177,0.5391566265060241,-1.273732304573059,-2.344409227371216,-0.6585243940353394,-0.8409090042114258,0.9966874122619629,moderate,nan,0.609375,0.50390625,0.5078125,0.0,none,v2_c-none_d-hard_a-concrete_p-moderate_s-04,hard,91.11063718795776,29.530305862426758,0.08248762696190036,-0.12721673834419342,transformer,1.0,1.0,2,0.001,6.744915026501985e-08,6.744915026501985e-08,0.0,0.0,0.0,0.0,1.0,0.16344203054904938,0.4296875,0.43602800369262695,105217.0,72.47573408006824,0.2234342083409748,0.8876484040858004,1.0,-0.3013538229376498,0.444,0.1,4,1.0,,,1.0,0.928,0.878419452887538,0.9036144578313253,1.0,0.7148720026016235,0.5224132537841797,0.6144517660140991,1.0,0.999563455581665,1.0,,,1.0,0.9999999403953552,10000,10000,"[1, 2, 3]",0.0,64
concrete,256,0.119,0.16109422492401215,0.05014749262536873,0.14759036144578314,-2.521232843399048,-2.3556220531463623,-2.791067123413086,-2.4098241329193115,0.9993815422058105,moderate,nan,0.8505859375,0.08984375,0.08984375,0.0,none,v2_c-none_d-hard_a-concrete_p-moderate_s-05,hard,88.5987617969513,28.907886505126953,0.02654376718072239,-0.18257278703211316,transformer,1.0,1.0,2,0.001,5.633764033063926e-08,5.633764033063926e-08,0.0,0.0,0.0,0.0,1.0,0.6062407493591309,0.21875,0.2180967926979065,105217.0,71.033066343725,0.21898663250527775,0.8953087295142614,1.0,-0.6306187783600743,0.116,0.1,5,1.0,,,1.0,0.92,0.9361702127659575,0.822289156626506,1.0,0.6803239583969116,0.7455795407295227,0.2892419993877411,1.0,0.9997287392616272,1.0,,,1.0,0.9999998807907104,10000,10000,"[1, 2, 3]",0.0,64
concrete,256,0.533,0.3860182370820669,0.5870206489675516,0.6234939759036144,-0.8550896048545837,-1.4490211009979248,-0.651423990726471,-0.4744848310947418,0.9967871308326721,tight,nan,0.4873046875,0.51171875,0.49609375,0.0,none,v2_c-none_d-hard_a-concrete_p-tight_s-00,hard,88.96287035942078,19.950439453125,0.06530756021148769,-0.4534857994286021,transformer,1.0,1.0,2,0.001,1.4724568586643727e-07,1.4724568586643727e-07,0.0,0.0,0.0,0.0,1.0,0.493760883808136,0.26953125,0.271799772977829,28033.0,51.84796640477157,0.3096684344650678,0.8716359292488824,1.0,-0.07482333811307096,0.513,0.1,0,1.0,,,1.0,0.863,0.7720364741641338,0.8132530120481928,1.0,0.4525562524795532,0.08985811471939087,0.2529906928539276,1.0,0.9997679591178894,1.0,,,1.0,0.9999997615814209,10000,10000,"[1, 2, 3]",0.0,32
concrete,256,0.174,0.16109422492401215,0.2182890855457227,0.14156626506024098,-2.2954680919647217,-2.355621337890625,-2.1200785636901855,-2.414945363998413,0.9961551427841187,tight,nan,0.8701171875,0.17578125,0.18359375,0.0,none,v2_c-none_d-hard_a-concrete_p-tight_s-01,hard,76.6556339263916,20.184659957885742,0.022783236807269965,-0.21845375745622447,transformer,1.0,1.0,2,0.001,1.4596116670873016e-07,1.4596116670873016e-07,0.0,0.0,0.0,0.0,1.0,0.3945619463920593,0.328125,0.325643926858902,28033.0,52.38818301140877,0.3128949454056006,0.8733941434884283,1.0,-0.5568872647145704,0.19,0.1,1,1.0,,,1.0,0.934,0.851063829787234,0.9487951807228916,1.0,0.7406966686248779,0.41798025369644165,0.795726478099823,1.0,0.9990917444229126,1.0,,,1.0,0.9999998807907104,10000,10000,"[1, 2, 3]",0.0,32
concrete,256,0.507,0.5592705167173252,0.41002949852507375,0.5542168674698795,-0.9634447693824768,-0.7509667277336121,-1.3546603918075562,-0.7745388150215149,0.9966769218444824,tight,nan,0.51953125,0.46484375,0.4609375,0.0,none,v2_c-none_d-hard_a-concrete_p-tight_s-02,hard,71.4384503364563,19.702621459960938,0.08363636863753911,-0.3130603069214913,transformer,1.0,1.0,2,0.001,1.258889597011148e-07,1.258889597011148e-07,0.0,0.0,0.0,0.0,1.0,-0.09276634454727173,0.5703125,0.5759667158126831,28033.0,51.578682530216454,0.30806010299823333,0.8517892814768528,1.0,0.037087579816875715,0.541,0.1,2,1.0,,,1.0,0.892,0.8085106382978723,0.8644578313253012,1.0,0.5676259994506836,0.23414765298366547,0.4566006064414978,1.0,0.9996693134307861,1.0,,,1.0,0.9999998807907104,10000,10000,"[1, 2, 3]",0.0,32
concrete,256,0.26,0.16717325227963525,0.3775811209439528,0.2319277108433735,-1.9521335363388062,-2.3090786933898926,-1.489182949066162,-2.071125030517578,0.9985840916633606,tight,nan,0.73046875,0.25,0.25,0.0,none,v2_c-none_d-hard_a-concrete_p-tight_s-03,hard,56.97771501541138,19.6292667388916,0.059915364435476674,-0.29755534228053243,transformer,1.0,1.0,2,0.001,1.2876051869170624e-07,1.2876051869170624e-07,0.0,0.0,0.0,0.0,1.0,0.4614688754081726,0.265625,0.26606684923171997,28033.0,52.32391837094754,0.31251111683944766,0.8755429805965271,1.0,-0.47406335997148275,0.22,0.1,3,1.0,,,1.0,0.946,1.0,0.8373493975903614,1.0,0.7825043797492981,1.0,0.3448927402496338,1.0,0.9988533854484558,1.0,,,1.0,0.9999998807907104,10000,10000,"[1, 2, 3]",0.0,32
concrete,256,0.307,0.2796352583586626,0.336283185840708,0.3042168674698795,-1.7453958988189697,-1.8815975189208984,-1.6523854732513428,-1.7053961753845215,0.9951903820037842,tight,nan,0.630859375,0.3046875,0.3046875,0.0,none,v2_c-none_d-hard_a-concrete_p-tight_s-04,hard,76.02081203460693,19.29902458190918,0.059696500311624975,-0.33166574735631715,transformer,1.0,1.0,2,0.001,1.13272136559317e-07,1.13272136559317e-07,0.0,0.0,0.0,0.0,1.0,0.06479725986719131,0.525390625,0.5265599489212036,28033.0,51.11242109030306,0.3052752984984348,0.8642209526195797,1.0,-0.4942353514067519,0.294,0.1,4,1.0,,,1.0,0.977,0.9665653495440729,0.963855421686747,1.0,0.908000111579895,0.8662611842155457,0.8554222583770752,1.0,0.9999901056289673,1.0,,,1.0,0.9999998807907104,10000,10000,"[1, 2, 3]",0.0,32
concrete,256,0.473,0.364741641337386,0.49557522123893805,0.5572289156626506,-1.1004594564437866,-1.5409786701202393,-1.0170068740844727,-0.7491331100463867,0.9969412684440613,tight,nan,0.5029296875,0.453125,0.4296875,0.0,none,v2_c-none_d-hard_a-concrete_p-tight_s-05,hard,79.02088212966919,19.61444664001465,0.034736956773424546,-0.4405174332298322,transformer,1.0,1.0,2,0.001,1.1857490989086727e-07,1.1857490989086727e-07,0.0,0.0,0.0,0.0,1.0,0.27399444580078125,0.39453125,0.39799532294273376,28033.0,49.8603084953582,0.2977969001361244,0.8547196113159802,1.0,-0.12192983250383294,0.463,0.1,5,1.0,,,1.0,0.917,0.8541033434650456,0.8945783132530121,1.0,0.668711245059967,0.41645410656929016,0.5804151892662048,1.0,0.9993113875389099,1.0,,,1.0,0.9999998807907104,10000,10000,"[1, 2, 3]",0.0,32
concrete,256,0.859,0.9544072948328267,0.7964601769911505,0.8283132530120482,0.4400843381881714,0.8152353763580322,0.1863676905632019,0.32738932967185974,0.9979721307754517,wide,1.0,0.10546875,0.87109375,0.87109375,1.0,none,v2_c-none_d-hard_a-concrete_p-wide_s-00,hard,67.2789421081543,37.45094680786133,0.08162497741584043,-0.17439679163176028,transformer,1.0,1.0,2,0.001,2.178396840690766e-08,2.178396840690766e-08,0.0,0.0,0.0,0.0,1.0,0.5745362639427185,0.224609375,0.22335052490234375,407041.0,102.34059791821313,0.16040905181218995,0.9205648477125975,0.999,0.29923289898202876,0.815,0.1,0,1.0,,,1.0,0.99,0.9908814589665653,0.9789156626506024,1.0,0.9669394493103027,0.9677949547767639,0.9323340654373169,1.0,0.9989686012268066,1.0,,,1.0,1.0,10000,10000,"[1, 2, 3]",0.0,128
concrete,256,0.419,0.2066869300911854,0.471976401179941,0.5753012048192772,-1.3205913305282593,-2.1669869422912598,-1.110032558441162,-0.6968415975570679,0.9992502331733704,wide,nan,0.65234375,0.41015625,0.44140625,0.0,none,v2_c-none_d-hard_a-concrete_p-wide_s-01,hard,76.32128071784973,37.16157913208008,0.07417220946738647,-0.058121547234774334,transformer,1.0,1.0,2,0.001,3.547539151327328e-08,3.547539151327328e-08,0.0,0.0,0.0,0.0,1.0,0.353131502866745,0.3125,0.3133695423603058,407041.0,102.95546625829371,0.16137279884345587,0.9206524013267017,1.0,-0.4026929317666814,0.413,0.1,1,1.0,,,1.0,0.954,0.9209726443768997,0.9397590361445783,1.0,0.8243050575256348,0.7085262537002563,0.759638249874115,1.0,0.9980224370956421,1.0,,,1.0,1.0,10000,10000,"[1, 2, 3]",0.0,128
concrete,256,0.49,0.48936170212765956,0.4749262536873156,0.5060240963855421,-1.0403820276260376,-1.0425355434417725,-1.102575659751892,-0.9747430086135864,0.9980751872062683,wide,nan,0.55859375,0.45703125,0.52734375,0.0,none,v2_c-none_d-hard_a-concrete_p-wide_s-02,hard,81.71300649642944,36.979679107666016,0.08708158887029412,-0.10891449267077885,transformer,1.0,1.0,2,0.001,2.646526020555484e-08,2.646526020555484e-08,0.0,0.0,0.0,0.0,1.0,0.07542870193719864,0.4609375,0.4569605588912964,407041.0,101.95481300197072,0.1598043710317694,0.9232327877493769,1.0,-0.09991343920394713,0.503,0.1,2,1.0,,,1.0,0.85,0.7051671732522796,0.8403614457831325,1.0,0.3999911844730377,-0.17933116853237152,0.36141911149024963,1.0,0.9998857378959656,1.0,,,1.0,1.0,10000,10000,"[1, 2, 3]",0.0,128
concrete,256,0.857,0.8054711246200608,0.8849557522123894,0.8795180722891566,0.4447554349899292,0.22188450396060944,0.5715590119361877,0.5361353158950806,0.9974073767662048,wide,1.0,0.171875,0.83203125,0.83203125,1.0,none,v2_c-none_d-hard_a-concrete_p-wide_s-03,hard,67.72864103317261,37.681724548339844,0.08656517786457148,-0.07463409754096978,transformer,1.0,1.0,2,0.001,2.7096065835507943e-08,2.7096065835507943e-08,0.0,0.0,0.0,0.0,1.0,0.5629051923751831,0.216796875,0.21524688601493835,407041.0,102.2581764687989,0.16027986411133158,0.9279900874177868,1.0,0.3320465323359282,0.851,0.1,3,1.0,,,1.0,0.898,0.7507598784194529,0.9397590361445783,1.0,0.5919811725616455,0.003039705101400614,0.7589792609214783,1.0,0.9999157190322876,1.0,,,1.0,1.0,10000,10000,"[1, 2, 3]",0.0,128
concrete,256,0.687,0.6382978723404256,0.6843657817109144,0.7379518072289156,-0.25214171409606934,-0.44678619503974915,-0.2629767060279846,-0.048192668706178665,0.9996275901794434,wide,nan,0.328125,0.6875,0.6875,0.0,none,v2_c-none_d-hard_a-concrete_p-wide_s-04,hard,65.04662370681763,37.70660400390625,0.06828491202158098,-0.03245507989221678,transformer,1.0,1.0,2,0.001,2.407536214832362e-08,2.407536214832362e-08,0.0,0.0,0.0,0.0,1.0,-0.07439780980348587,0.55078125,0.5507956743240356,407041.0,102.18041180258705,0.16015797547060365,0.9171476496546177,1.0,0.031571763639845374,0.678,0.1,4,1.0,,,1.0,0.936,0.8996960486322189,0.9066265060240963,1.0,0.7447670102119446,0.5987842082977295,0.6288162469863892,1.0,0.999842643737793,1.0,,,1.0,1.0,10000,10000,"[1, 2, 3]",0.0,128
concrete,256,0.336,0.17933130699088146,0.41297935103244837,0.4126506024096386,-1.6438844203948975,-2.2631988525390625,-1.3312444686889648,-1.3493977785110474,0.995752215385437,wide,nan,0.68359375,0.35546875,0.35546875,0.0,none,v2_c-none_d-hard_a-concrete_p-wide_s-05,hard,93.37512731552124,38.062896728515625,0.028377642105316906,-0.10575214588217759,transformer,1.0,1.0,2,0.001,2.4655093966430286e-08,2.4655093966430286e-08,0.0,0.0,0.0,0.0,1.0,0.3014274835586548,0.37890625,0.38127097487449646,407041.0,100.74958898019898,0.1579152982054783,0.9132843241897503,1.0,-0.49471417496868075,0.298,0.1,5,1.0,,,1.0,0.964,0.9696048632218845,0.9216867469879518,1.0,0.8562377095222473,0.8784226179122925,0.6874598860740662,1.0,0.9997044205665588,1.0,,,1.0,1.0,10000,10000,"[1, 2, 3]",0.0,128
invariant,256,0.207,0.1884498480243161,0.23008849557522124,0.20180722891566266,-2.1475703716278076,-2.1722960472106934,-2.0793092250823975,-2.192767381668091,0.9954136610031128,moderate,nan,0.791015625,0.16015625,0.1640625,0.0,none,v2_c-none_d-hard_a-invariant_p-moderate_s-00,hard,101.64453649520874,28.540729522705078,0.00815930995733419,-0.1823959979155333,transformer,1.0,1.0,2,0.001,3.976427365159907e-08,3.976427365159907e-08,4.832466430291225e-16,0.0,0.0,0.0,1.0,0.4351177513599396,0.27734375,0.2872577905654907,105217.0,71.6496361772474,0.2208874451619362,0.8977858762783105,1.0,-0.6745205012772344,0.174,0.1,0,1.0,,,1.0,0.935,0.8996960486322189,0.9036144578313253,1.0,0.7400071024894714,0.5987870693206787,0.6144762635231018,1.0,0.9999905824661255,1.0,,,1.0,0.9999999403953552,10000,10000,"[1, 2, 3]",0.0,64
invariant,256,0.868,1.0,0.8082595870206489,0.7981927710843374,0.4811674952507019,1.0,0.23855912685394287,0.21474677324295044,0.9979315400123596,moderate,1.0,0.12890625,0.890625,0.890625,1.0,none,v2_c-none_d-hard_a-invariant_p-moderate_s-01,hard,85.73382544517517,29.35993003845215,0.03304883636107303,-0.1866012580570046,transformer,1.0,1.0,2,0.001,3.313974517027418e-08,3.31397416175605e-08,4.624936264312988e-15,0.0,0.0,0.0,1.0,0.7894728779792786,0.10546875,0.10327628254890442,105217.0,72.59194769619641,0.22379248132223714,0.8868403310291506,1.0,0.4371387183383644,0.842,0.1,1,1.0,,,1.0,0.924,0.8966565349544073,0.8734939759036144,1.0,0.6951716542243958,0.5866267085075378,0.49148035049438477,1.0,0.9994900226593018,1.0,,,1.0,1.0,10000,10000,"[1, 2, 3]",0.0,64
invariant,256,0.609,0.5045592705167173,0.6106194690265486,0.7108433734939759,-0.5562986135482788,-0.9817623496055603,-0.5574470162391663,-0.13350652158260345,0.9988807439804077,moderate,nan,0.4140625,0.578125,0.59375,0.0,none,v2_c-none_d-hard_a-invariant_p-moderate_s-02,hard,88.27764511108398,28.842945098876953,0.11659469501300085,-0.11644770515420823,transformer,1.0,1.0,2,0.001,5.572601935455168e-08,5.572601935455168e-08,2.3563649264336784e-16,0.0,0.0,0.0,1.0,0.17811629176139832,0.421875,0.42069292068481445,105217.0,71.90351163589818,0.22167011349694293,0.8990744923332326,1.0,-0.06874966531844695,0.606,0.1,2,1.0,,,1.0,0.911,0.8358662613981763,0.8945783132530121,1.0,0.645521879196167,0.34346532821655273,0.5828967690467834,1.0,0.9997857809066772,1.0,,,1.0,0.9999999403953552,10000,10000,"[1, 2, 3]",0.0,64
invariant,256,0.924,0.8875379939209727,0.9557522123893806,0.927710843373494,0.7109754681587219,0.5956699848175049,0.8230087757110596,0.7108434438705444,0.9975037574768066,moderate,0.9903846153846154,0.1015625,0.90625,0.9140625,1.0,none,v2_c-none_d-hard_a-invariant_p-moderate_s-03,hard,88.81717276573181,29.234392166137695,0.12624764781836975,-0.06835481845390244,transformer,1.0,1.0,2,0.001,2.5871795372722772e-08,2.5871793596365933e-08,1.805057703785015e-15,0.0,0.0,0.0,1.0,0.6561501026153564,0.173828125,0.16823196411132812,105217.0,72.79361735570701,0.2244142052866935,0.8961688941407125,1.0,0.40330892473143765,0.918,0.1,3,1.0,,,1.0,0.994,1.0,0.9819277108433735,1.0,0.9760000109672546,1.0,0.9277108311653137,1.0,1.0,1.0,,,1.0,1.0,10000,10000,"[1, 2, 3]",0.0,64
invariant,256,0.542,0.3525835866261398,0.7109144542772862,0.5572289156626506,-0.8252351880073547,-1.5860182046890259,-0.14725998044013977,-0.7635964155197144,0.9962006211280823,moderate,nan,0.51953125,0.5703125,0.62890625,0.0,none,v2_c-none_d-hard_a-invariant_p-moderate_s-04,hard,57.94488525390625,29.503297805786133,0.1066466828835557,-0.11718903061198202,transformer,1.0,1.0,2,0.001,6.963949061855601e-08,6.963949061855601e-08,4.628198611709338e-16,0.0,0.0,0.0,1.0,0.49221959710121155,0.275390625,0.2699544429779053,105217.0,72.39468565664538,0.22318434553441444,0.8921918063572651,1.0,0.12051518181889753,0.696,0.1,4,1.0,,,1.0,0.933,0.8723404255319149,0.9246987951807228,1.0,0.7388209700584412,0.5062652230262756,0.7025896310806274,1.0,0.9990020990371704,1.0,,,1.0,0.9999999403953552,10000,10000,"[1, 2, 3]",0.0,64
invariant,256,0.175,0.22492401215805471,0.18289085545722714,0.11746987951807229,-2.290079116821289,-2.1003029346466064,-2.247366189956665,-2.5217537879943848,0.9966310262680054,moderate,nan,0.8154296875,0.16015625,0.1640625,0.0,none,v2_c-none_d-hard_a-invariant_p-moderate_s-05,hard,92.81072402000427,29.120838165283203,0.049354147594442434,-0.15745683466642063,transformer,1.0,1.0,2,0.001,5.259641255861425e-08,5.259641255861425e-08,1.3693387676406012e-15,0.0,0.0,0.0,1.0,0.31296443939208984,0.341796875,0.34573134779930115,105217.0,71.0965398570256,0.21918231392023624,0.897085656025234,1.0,-0.6349211291171437,0.18,0.1,5,1.0,,,1.0,0.954,0.9544072948328267,0.9066265060240963,1.0,0.81682288646698,0.817629337310791,0.6289844512939453,1.0,0.9998903274536133,1.0,,,1.0,0.9999999403953552,10000,10000,"[1, 2, 3]",0.0,64
invariant,256,0.427,0.331306990881459,0.4277286135693215,0.5210843373493976,-1.2776952981948853,-1.6421242952346802,-1.2880277633666992,-0.9060089588165283,0.9974544644355774,tight,nan,0.609375,0.3984375,0.38671875,0.0,none,v2_c-none_d-hard_a-invariant_p-tight_s-00,hard,82.64326882362366,19.899188995361328,0.07700101348089966,-0.4540612652903837,transformer,1.0,1.0,2,0.001,1.6816331083191471e-07,1.6816331083191471e-07,5.6271837639869024e-15,0.0,0.0,0.0,1.0,0.3661586046218872,0.3046875,0.3041571378707886,28033.0,51.76367513729437,0.3091649943757312,0.8895430135105713,1.0,-0.15590632409662475,0.429,0.1,0,1.0,,,1.0,0.936,0.8905775075987842,0.9156626506024096,1.0,0.7467342019081116,0.5623582601547241,0.6708383560180664,1.0,0.998926043510437,1.0,,,1.0,0.9999997615814209,10000,10000,"[1, 2, 3]",0.0,32
invariant,256,0.205,0.22492401215805471,0.2831858407079646,0.10542168674698796,-2.174811601638794,-2.1003024578094482,-1.8531209230422974,-2.577120065689087,0.999268114566803,tight,nan,0.8115234375,0.18359375,0.18359375,0.0,none,v2_c-none_d-hard_a-invariant_p-tight_s-01,hard,96.79608130455017,20.08948516845703,0.024833861210683417,-0.20790843056992298,transformer,1.0,1.0,2,0.001,1.4132623959994817e-07,1.4132623959994817e-07,2.9596076566058838e-15,0.0,0.0,0.0,1.0,0.32524046301841736,0.373046875,0.37206941843032837,28033.0,52.37373358560195,0.3128086444110045,0.8675576640930698,1.0,-0.5344485555146521,0.206,0.1,1,1.0,,,1.0,0.94,0.9574468085106383,0.8614457831325302,1.0,0.759946882724762,0.8297873139381409,0.44562309980392456,1.0,0.9993234872817993,1.0,,,1.0,0.9999998807907104,10000,10000,"[1, 2, 3]",0.0,32
invariant,256,0.508,0.5015197568389058,0.5014749262536873,0.5210843373493976,-0.978289783000946,-1.0241756439208984,-0.9948675632476807,-0.915891170501709,0.9942553639411926,tight,nan,0.48046875,0.48046875,0.4609375,0.0,none,v2_c-none_d-hard_a-invariant_p-tight_s-02,hard,67.21941113471985,19.82291603088379,0.13232006449568182,-0.2807146412665643,transformer,1.0,1.0,2,0.001,1.428073801434948e-07,1.428073801434948e-07,3.2012174520630685e-15,0.0,0.0,0.0,1.0,0.06823097169399261,0.4921875,0.47743645310401917,28033.0,51.667784225812184,0.30859227396841,0.8714734321630273,1.0,-0.15312870184050853,0.509,0.1,2,1.0,,,1.0,0.874,0.8206686930091185,0.7981927710843374,1.0,0.4988004267215729,0.2825327217578888,0.20134682953357697,1.0,0.9991267919540405,1.0,,,1.0,0.9999998807907104,10000,10000,"[1, 2, 3]",0.0,32
invariant,256,0.341,0.2826747720364742,0.415929203539823,0.32228915662650603,-1.634129524230957,-1.869674563407898,-1.3341139554977417,-1.7070536613464355,0.9972521066665649,tight,nan,0.68359375,0.31640625,0.31640625,0.0,none,v2_c-none_d-hard_a-invariant_p-tight_s-03,hard,72.20361375808716,19.653610229492188,0.09403762033409796,-0.23233464048928976,transformer,1.0,1.0,2,0.001,1.3079119298708974e-07,1.3079119298708974e-07,1.836097226137149e-15,0.0,0.0,0.0,1.0,0.29705846309661865,0.341796875,0.3477545976638794,28033.0,52.250536459985945,0.31207283424012394,0.8739555698862825,1.0,-0.3254347182445445,0.344,0.1,3,1.0,,,1.0,0.977,1.0,0.9307228915662651,1.0,0.909694492816925,1.0,0.7279954552650452,1.0,0.9996870756149292,1.0,,,1.0,0.9999998807907104,10000,10000,"[1, 2, 3]",0.0,32
invariant,256,0.247,0.10638297872340426,0.3392330383480826,0.2921686746987952,-2.011901617050171,-2.574385643005371,-1.6430515050888062,-1.8311272859573364,0.9999833703041077,tight,nan,0.720703125,0.25,0.25,0.0,none,v2_c-none_d-hard_a-invariant_p-tight_s-04,hard,48.8248085975647,19.22355079650879,0.06399805302452982,-0.3154520896637999,transformer,1.0,1.0,2,0.001,1.1330516258567513e-07,1.1330516258567513e-07,6.634634375297563e-16,0.0,0.0,0.0,1.0,0.3266906142234802,0.365234375,0.36525198817253113,28033.0,51.12557704080652,0.30535387405074293,0.8613303379558155,1.0,-0.48045487194924963,0.251,0.1,4,1.0,,,1.0,0.982,0.9756838905775076,0.9698795180722891,1.0,0.9279964566230774,0.9027631282806396,0.8794800043106079,1.0,0.9998921751976013,1.0,,,1.0,0.9999998807907104,10000,10000,"[1, 2, 3]",0.0,32
invariant,256,0.584,0.6443768996960486,0.5014749262536873,0.608433734939759,-0.6606928706169128,-0.4224913716316223,-0.9893191456794739,-0.5611867308616638,0.9991626143455505,tight,nan,0.3837890625,0.56640625,0.5625,0.0,none,v2_c-none_d-hard_a-invariant_p-tight_s-05,hard,81.00653553009033,19.646881103515625,0.049478509320865546,-0.4348172758810485,transformer,1.0,1.0,2,0.001,9.54611252268478e-08,9.54611252268478e-08,2.4554201885987077e-15,0.0,0.0,0.0,1.0,-0.17407897114753723,0.603515625,0.6044738292694092,28033.0,49.902736848592326,0.29805030875817856,0.868224130174559,1.0,-0.026992439319914796,0.576,0.1,5,1.0,,,1.0,0.972,0.9665653495440729,0.9487951807228916,1.0,0.8886723518371582,0.8662616014480591,0.797205924987793,1.0,0.9997170567512512,1.0,,,1.0,0.9999998807907104,10000,10000,"[1, 2, 3]",0.0,32
invariant,256,0.556,0.601823708206687,0.5486725663716814,0.5180722891566265,-0.7632818222045898,-0.5926951169967651,-0.7796853184700012,-0.9155775308609009,0.9972663521766663,wide,nan,0.4140625,0.515625,0.40625,0.0,none,v2_c-none_d-hard_a-invariant_p-wide_s-00,hard,94.4863109588623,37.47598648071289,0.08172164434601892,-0.18044013103302867,transformer,1.0,1.0,2,0.001,2.1399454652737404e-08,2.1399454652737404e-08,4.827426584255062e-16,0.0,0.0,0.0,1.0,0.07560372352600098,0.4921875,0.49394598603248596,407041.0,102.19724482608325,0.16018435961719926,0.9282603277091075,1.0,-0.10949217835117064,0.559,0.1,0,1.0,,,1.0,0.997,1.0,0.9909638554216867,1.0,0.9879999756813049,1.0,0.9638554453849792,1.0,0.999999463558197,1.0,,,1.0,1.0,10000,10000,"[1, 2, 3]",0.0,128
invariant,256,0.898,0.8753799392097265,0.9498525073746312,0.8674698795180723,0.5931627154350281,0.5016053915023804,0.7993079423904419,0.47340115904808044,0.9996585845947266,wide,1.0,0.1015625,0.87109375,0.87109375,1.0,none,v2_c-none_d-hard_a-invariant_p-wide_s-01,hard,81.2301766872406,37.064979553222656,0.0813922256163421,-0.012331018746056237,transformer,1.0,1.0,2,0.001,4.4174100821692264e-08,4.4174100821692264e-08,2.065999252788046e-16,0.0,0.0,0.0,1.0,0.6239280700683594,0.1875,0.18800383806228638,407041.0,103.18586385965627,0.16173392494127198,0.9334849576907116,1.0,0.3842261052279956,0.902,0.1,1,1.0,,,1.0,0.951,1.0,0.8524096385542169,1.0,0.8021446466445923,0.9941480159759521,0.40984928607940674,1.0,0.9984170794487,1.0,,,1.0,0.9999999403953552,10000,10000,"[1, 2, 3]",0.0,128
invariant,256,0.552,0.45288753799392095,0.5899705014749262,0.6114457831325302,-0.7895655632019043,-1.185945749282837,-0.6399832963943481,-0.5495032072067261,0.9993277788162231,wide,nan,0.48046875,0.52734375,0.4609375,0.0,none,v2_c-none_d-hard_a-invariant_p-wide_s-02,hard,92.38816046714783,37.07245635986328,0.10091878851848692,-0.10219892669099573,transformer,1.0,1.0,2,0.001,2.3772265933530434e-08,2.3772264157173595e-08,1.4852955664164651e-15,0.0,0.0,0.0,1.0,0.18929801881313324,0.419921875,0.420114129781723,407041.0,102.113086712544,0.16005244986222675,0.9261360148051164,1.0,-0.05180075123067107,0.559,0.1,2,1.0,,,1.0,0.932,0.8693009118541033,0.9246987951807228,1.0,0.7306198477745056,0.4772043824195862,0.7066856026649475,1.0,0.9994521141052246,1.0,,,1.0,1.0,10000,10000,"[1, 2, 3]",0.0,128
invariant,256,0.79,0.5653495440729484,0.9085545722713865,0.891566265060241,0.15999895334243774,-0.738601803779602,0.6342202425003052,0.5662599205970764,0.9999681115150452,wide,1.0,0.1953125,0.7890625,0.7890625,1.0,none,v2_c-none_d-hard_a-invariant_p-wide_s-03,hard,73.85247230529785,37.7448844909668,0.09069730209706613,-0.049484976921310625,transformer,1.0,1.0,2,0.001,2.0251917476343806e-08,2.0251917476343806e-08,2.6082172031077397e-16,0.0,0.0,0.0,1.0,0.4013451933860779,0.298828125,0.2987937033176422,407041.0,102.32946576843963,0.1603916032372732,0.9211521053131414,1.0,0.21749610985668577,0.785,0.1,3,1.0,,,1.0,0.884,0.6565349544072948,0.9909638554216867,1.0,0.5356081128120422,-0.37553438544273376,0.9643340706825256,1.0,0.9993345141410828,1.0,,,1.0,1.0,10000,10000,"[1, 2, 3]",0.0,128
invariant,256,0.524,0.3981762917933131,0.5958702064896755,0.5753012048192772,-0.900346577167511,-1.4071577787399292,-0.615325391292572,-0.6891455054283142,0.9994859099388123,wide,nan,0.5234375,0.5,0.515625,0.0,none,v2_c-none_d-hard_a-invariant_p-wide_s-04,hard,82.22630763053894,37.69972229003906,0.0817856835276379,-0.013982387825054551,transformer,1.0,1.0,2,0.001,2.9367306808580906e-08,2.9367305032224067e-08,2.4839198826584995e-15,0.0,0.0,0.0,1.0,0.16089116036891937,0.443359375,0.44119444489479065,407041.0,102.0359028465947,0.15993147157009266,0.9232985864479845,1.0,-0.09032074065361662,0.597,0.1,4,1.0,,,1.0,0.959,0.9696048632218845,0.9066265060240963,1.0,0.8377485275268555,0.8781983256340027,0.6319920420646667,1.0,0.9994798302650452,1.0,,,1.0,1.0,10000,10000,"[1, 2, 3]",0.0,128
invariant,256,0.534,0.45288753799392095,0.528023598820059,0.6204819277108434,-0.8577811121940613,-1.1884151697158813,-0.8873835802078247,-0.4999080300331116,0.9978117942810059,wide,nan,0.48046875,0.59375,0.48828125,0.0,none,v2_c-none_d-hard_a-invariant_p-wide_s-05,hard,94.57380414009094,38.00871658325195,0.05429464404122751,-0.09008209951074073,transformer,1.0,1.0,2,0.001,2.8517085581825086e-08,2.8517085581825086e-08,6.104581009240523e-17,0.0,0.0,0.0,1.0,0.2419765442609787,0.392578125,0.3912874758243561,407041.0,100.89449894038202,0.15814243064151975,0.9113510081008185,1.0,-0.03651121671124691,0.509,0.1,5,1.0,,,1.0,0.957,0.8936170212765957,0.9759036144578314,1.0,0.829433798789978,0.574707567691803,0.9076956510543823,1.0,0.9996219277381897,1.0,,,1.0,0.9999999403953552,10000,10000,"[1, 2, 3]",0.0,128
latent,256,0.956,0.9878419452887538,0.943952802359882,0.9367469879518072,0.8248550891876221,0.9357908964157104,0.77712482213974,0.763658344745636,0.9938674569129944,moderate,1.0,0.0400390625,0.9296875,0.9296875,1.0,none,v2_c-none_d-hard_a-latent_p-moderate_s-00,hard,95.35032796859741,7.534976959228516,0.9999997995556081,0.9999993985499419,transformer,1.0,1.0,2,0.001,4.648632966564037e-06,2.224793860250429e-08,1.5410105978163826e-19,1.1470672234281665e-06,3.2911824376924415e-08,3.446405753493309e-05,1.0,0.9253926277160645,0.05859375,0.06511114537715912,105217.0,51.83934617223012,0.15981463892604253,0.9999941143134653,1.0,0.4564166741746717,0.947,0.1,0,1.0,,,1.0,1.0,1.0,1.0,1.0,1.0,1.0,1.0,1.0,1.0,1.0,,,1.0,1.0,10000,10000,"[1, 2, 3]",0.0,64
latent,256,1.0,1.0,1.0,1.0,1.0,1.0,1.0,1.0,0.9999992847442627,moderate,1.0,0.0,1.0,1.0,1.0,none,v2_c-none_d-hard_a-latent_p-moderate_s-01,hard,112.2574667930603,7.97580623626709,0.9999957662893226,0.9999895340024663,transformer,1.0,1.0,2,0.001,5.6502860388718545e-05,7.354217359534232e-07,1.3084738387871041e-15,4.0822131268214434e-05,1.8107225514540914e-06,0.00013134581968188286,1.0,0.9992252588272095,0.0,6.282807873958518e-08,105217.0,51.95607080889639,0.16017448732383321,0.9998762019180429,1.0,0.6754728930188649,1.0,0.1,1,1.0,,,1.0,1.0,1.0,1.0,1.0,1.0,1.0,1.0,1.0,0.9999992847442627,1.0,,,1.0,0.9999992847442627,10000,10000,"[1, 2, 3]",0.0,64
latent,256,0.985,1.0,1.0,0.9548192771084337,0.9400206208229065,1.0,1.0,0.8193394541740417,0.9999926686286926,moderate,1.0,0.01171875,0.98828125,0.98828125,1.0,none,v2_c-none_d-hard_a-latent_p-moderate_s-02,hard,105.93811464309692,8.028018951416016,0.999999552032047,0.9999990082966872,transformer,1.0,1.0,2,0.001,9.261043487640563e-06,4.540510190054192e-08,2.652676200614413e-19,3.3726432775438298e-06,9.467998438594805e-07,4.8961956053972244e-05,1.0,0.9780762195587158,0.009765625,0.009768263436853886,105217.0,50.86574422090357,0.15681313802377433,0.9999819379127914,1.0,0.6269005603631034,0.975,0.1,2,1.0,,,1.0,1.0,1.0,1.0,1.0,1.0,1.0,1.0,1.0,0.9999999403953552,1.0,,,1.0,0.9999999403953552,10000,10000,"[1, 2, 3]",0.0,64
latent,256,0.995,1.0,1.0,0.9849397590361446,0.9803980588912964,1.0,1.0,0.9409580230712891,0.9999486207962036,moderate,1.0,0.00390625,0.99609375,0.99609375,1.0,none,v2_c-none_d-hard_a-latent_p-moderate_s-03,hard,63.91521382331848,7.845764636993408,0.9999992387161531,0.9999987386438649,transformer,1.0,1.0,2,0.001,2.9682776585104875e-05,3.3358915629833064e-08,4.165461844966838e-19,2.34343133342918e-05,1.9056491851188184e-07,6.0245394706726074e-05,1.0,0.9746689796447754,0.015625,0.015528423711657524,105217.0,50.93794405320969,0.15703572165922733,0.9999292200013588,1.0,0.5768681368766426,0.992,0.1,3,1.0,,,1.0,1.0,1.0,1.0,1.0,1.0,1.0,1.0,1.0,1.0,1.0,,,1.0,1.0,10000,10000,"[1, 2, 3]",0.0,64
latent,256,0.818,1.0,0.8023598820058997,0.6536144578313253,0.2741314172744751,1.0,0.20944049954414368,-0.3791232407093048,0.9991250038146973,moderate,1.0,0.177734375,0.8359375,0.8359375,1.0,none,v2_c-none_d-hard_a-latent_p-moderate_s-04,hard,131.83667254447937,8.123306274414062,0.9999991120717681,0.9999982365042543,transformer,1.0,1.0,2,0.001,2.0176514226477593e-05,8.043033972171543e-08,1.8737489622995133e-18,1.5077766875037923e-05,2.8645180805142445e-07,4.731863737106323e-05,1.0,0.9808133244514465,0.015625,0.01584961637854576,105217.0,51.18277825476663,0.1577905168564617,0.9999522811333809,1.0,0.5789914231489128,0.817,0.1,4,1.0,,,1.0,1.0,1.0,1.0,1.0,1.0,1.0,1.0,1.0,0.9999999403953552,1.0,,,1.0,0.9999999403953552,10000,10000,"[1, 2, 3]",0.0,64
latent,256,0.396,0.46808510638297873,0.3834808259587021,0.3373493975903614,-1.4141024351119995,-1.1276570558547974,-1.460871934890747,-1.650203824043274,0.999695897102356,moderate,nan,0.6123046875,0.36328125,0.36328125,0.0,none,v2_c-none_d-hard_a-latent_p-moderate_s-05,hard,109.60425782203674,7.485652923583984,0.9999991369356155,0.9999983568998482,transformer,1.0,1.0,2,0.001,3.1208270229399204e-05,5.897340571436871e-08,2.2793526908693174e-16,2.445067002554424e-05,2.8088143722015957e-07,6.417743861675262e-05,1.0,0.6032077074050903,0.232421875,0.23198744654655457,105217.0,49.99891784255001,0.15414081371999375,0.9999397198764111,1.0,-0.3759475872420608,0.384,0.1,5,1.0,,,1.0,1.0,1.0,1.0,1.0,0.9975398182868958,0.9925221800804138,1.0,1.0,0.9983639121055603,1.0,,,1.0,0.9999999403953552,10000,10000,"[1, 2, 3]",0.0,64
latent,256,0.99,1.0,0.9882005899705014,0.9819277108433735,0.956121563911438,0.9881925582885742,0.9528025388717651,0.9277294278144836,0.9973892569541931,tight,1.0,0.0048828125,0.99609375,0.99609375,1.0,none,v2_c-none_d-hard_a-latent_p-tight_s-00,hard,104.04366111755371,6.938027381896973,0.9999995175917877,0.9999993487349297,transformer,1.0,1.0,2,0.001,1.472837811888894e-05,2.5092859345932084e-07,1.0636859426245967e-17,4.18201852880884e-06,1.8895143227837252e-07,0.00010106479749083519,1.0,0.9346176385879517,0.029296875,0.03220973536372185,28033.0,35.94630321427116,0.21469377129023828,0.9999581383775044,1.0,0.5748619677282294,0.987,0.1,0,1.0,,,1.0,0.995,0.993920972644377,0.9909638554216867,1.0,0.979999840259552,0.975683331489563,0.9638554453849792,1.0,0.9999843835830688,1.0,,,1.0,0.9999997615814209,10000,10000,"[1, 2, 3]",0.0,32
latent,256,0.616,0.5501519756838906,0.6489675516224189,0.6475903614457831,-0.5237089991569519,-0.7841404676437378,-0.40520113706588745,-0.3866373598575592,0.997061014175415,tight,nan,0.38671875,0.6796875,0.6796875,0.0,none,v2_c-none_d-hard_a-latent_p-tight_s-01,hard,105.45650339126587,6.978941917419434,0.9999980897986022,0.9999971333837527,transformer,1.0,1.0,2,0.001,8.409881411353126e-05,1.716684778330091e-06,1.1822350129436386e-15,6.538366142194718e-05,9.608116897652508e-07,0.00016037654131650925,1.0,0.0670214369893074,0.583984375,0.5854905843734741,28033.0,38.543449064999336,0.2302055482304121,0.9996338888124187,1.0,0.22243555650293134,0.713,0.1,1,1.0,,,1.0,1.0,1.0,1.0,1.0,1.0,1.0,1.0,1.0,0.9999982714653015,1.0,,,1.0,0.999998152256012,10000,10000,"[1, 2, 3]",0.0,32
latent,256,0.905,0.939209726443769,0.9469026548672567,0.8283132530120482,0.6202904582023621,0.7568404078483582,0.788447916507721,0.3132714033126831,0.9999595880508423,tight,1.0,0.0703125,0.890625,0.890625,1.0,none,v2_c-none_d-hard_a-latent_p-tight_s-02,hard,116.49432063102722,7.426003932952881,0.9999992005800064,0.999998622534366,transformer,1.0,1.0,2,0.001,1.2943805813847575e-05,1.652879433322596e-07,1.3580550711733122e-16,4.4178841562825255e-06,4.2911793229905015e-07,7.931515574455261e-05,1.0,0.7036446928977966,0.1640625,0.16396111249923706,28033.0,36.97164905911656,0.22081777700494104,0.9999486386192946,1.0,0.4336645161394086,0.917,0.1,2,1.0,,,1.0,1.0,1.0,1.0,1.0,1.0,1.0,1.0,1.0,0.9999997615814209,1.0,,,1.0,0.9999997615814209,10000,10000,"[1, 2, 3]",0.0,32
latent,256,0.931,0.8936170212765957,0.9498525073746312,0.9487951807228916,0.7267974615097046,0.5744682550430298,0.7994173169136047,0.8035991787910461,0.999346911907196,tight,1.0,0.07421875,0.921875,0.921875,1.0,none,v2_c-none_d-hard_a-latent_p-tight_s-03,hard,120.88401675224304,7.232385158538818,0.9999970054820503,0.9999924935507034,transformer,1.0,1.0,2,0.001,0.0001234819064848125,1.207333326647131e-07,9.144607403226829e-18,0.0001056354958564043,1.6448476571895299e-06,0.00016080820932984352,1.0,0.7691494226455688,0.12109375,0.12096746265888214,28033.0,37.673541017172845,0.22500991411053262,0.999576830678247,1.0,0.5154036500469814,0.953,0.1,3,1.0,,,1.0,0.984,0.9635258358662614,0.9879518072289156,1.0,0.9368245601654053,0.8541039228439331,0.9542902112007141,1.0,0.9998908638954163,1.0,,,1.0,0.9999999403953552,10000,10000,"[1, 2, 3]",0.0,32
latent,256,0.977,1.0,0.9941002949852508,0.9367469879518072,0.9079935550689697,1.0,0.9764013886451721,0.7469682693481445,0.9999564290046692,tight,1.0,0.021484375,0.9765625,0.9765625,1.0,none,v2_c-none_d-hard_a-latent_p-tight_s-04,hard,103.66950821876526,6.740884780883789,0.9999998536019852,0.9999997762327015,transformer,1.0,1.0,2,0.001,8.72685450303834e-06,2.3415013572503085e-07,2.395698224828412e-16,2.396738182142144e-06,4.432536826470823e-08,6.051640957593918e-05,1.0,0.9342721700668335,0.052734375,0.05262532830238342,28033.0,36.94897139401653,0.22068233182674396,0.9999786419477622,1.0,0.6952144521764196,0.979,0.1,4,1.0,,,1.0,1.0,1.0,1.0,1.0,1.0,1.0,1.0,1.0,0.9999997615814209,1.0,,,1.0,0.9999997615814209,10000,10000,"[1, 2, 3]",0.0,32
latent,256,0.798,0.8875379939209727,0.7817109144542773,0.7259036144578314,0.19181442260742188,0.5501532554626465,0.1314835399389267,-0.10168348997831345,0.9987923502922058,tight,1.0,0.2109375,0.7734375,0.7734375,1.0,none,v2_c-none_d-hard_a-latent_p-tight_s-05,hard,113.16000509262085,6.830451965332031,0.9999997607951318,0.9999996391194617,transformer,1.0,1.0,2,0.001,2.2494583390653133e-05,1.0508443892831565e-07,3.423376300556861e-16,1.499965219409205e-05,7.873076413034141e-08,7.31111504137516e-05,1.0,0.8108731508255005,0.09765625,0.09537146985530853,28033.0,35.88290445912658,0.2143151143319424,0.9999536362517993,1.0,0.3830993198295731,0.842,0.1,5,1.0,,,1.0,0.995,0.993920972644377,0.9909638554216867,1.0,0.9790915250778198,0.9729226231575012,0.9638554453849792,1.0,0.9991742968559265,1.0,,,1.0,0.9999998807907104,10000,10000,"[1, 2, 3]",0.0,32
latent,256,0.978,0.9452887537993921,0.9882005899705014,1.0,0.910852313041687,0.778530478477478,0.9519639015197754,1.0,0.9964975714683533,wide,1.0,0.015625,0.984375,0.984375,1.0,none,v2_c-none_d-hard_a-latent_p-wide_s-00,hard,94.08595299720764,8.433806419372559,0.9999968960084736,0.9999942146301812,transformer,1.0,1.0,2,0.001,1.9878241801052354e-05,2.76186710834736e-07,8.353677683233917e-16,1.1703602467605378e-05,2.894875706260791e-06,5.003577098250389e-05,1.0,0.9792615175247192,0.01171875,0.013156842440366745,407041.0,73.8957687977706,0.115824515851042,0.9999738710955048,1.0,0.5804339875983107,0.978,0.1,0,1.0,,,1.0,0.989,0.9787234042553191,0.9879518072289156,1.0,0.9559999704360962,0.914893627166748,0.9518073201179504,1.0,0.9999993443489075,1.0,,,1.0,0.9999996423721313,10000,10000,"[1, 2, 3]",0.0,128
latent,256,0.974,1.0,1.0,0.9216867469879518,0.89683997631073,1.0,1.0,0.689276933670044,0.9981405138969421,wide,1.0,0.02734375,0.9609375,0.9609375,1.0,none,v2_c-none_d-hard_a-latent_p-wide_s-01,hard,110.48794317245483,8.14322566986084,0.9999967647499781,0.9999929204545295,transformer,1.0,1.0,2,0.001,6.23456435278058e-05,5.284915118863864e-07,6.920173628739961e-15,5.280355253489688e-05,2.9880807232984807e-06,6.025517359375954e-05,1.0,0.985183835029602,0.017578125,0.01521936897188425,407041.0,73.26394054348121,0.11483418578418322,0.9999781605876485,1.0,0.8246659466671075,0.977,0.1,1,1.0,,,1.0,1.0,1.0,1.0,1.0,1.0,1.0,1.0,1.0,0.9999997615814209,1.0,,,1.0,0.9999995231628418,10000,10000,"[1, 2, 3]",0.0,128
latent,256,0.97,0.9361702127659575,1.0,0.9728915662650602,0.8818543553352356,0.7446073889732361,1.0,0.8972245454788208,0.999441385269165,wide,1.0,0.01953125,0.96875,0.96875,1.0,none,v2_c-none_d-hard_a-latent_p-wide_s-02,hard,95.86619687080383,8.298611640930176,0.9999990248250297,0.9999974534932579,transformer,1.0,1.0,2,0.001,3.1863364711171016e-05,8.343965873791603e-07,1.3267108816579628e-15,2.2996207917458378e-05,4.412671330555895e-07,7.59148970246315e-05,1.0,0.9472101330757141,0.03515625,0.033837176859378815,407041.0,74.45515365468903,0.11670129785468136,0.9999832958675486,1.0,0.548175702178828,0.967,0.1,2,1.0,,,1.0,0.993,0.9787234042553191,1.0,1.0,0.9727579355239868,0.9171973466873169,1.0,1.0,0.9998813271522522,1.0,,,1.0,0.9999992847442627,10000,10000,"[1, 2, 3]",0.0,128
latent,256,0.965,0.9574468085106383,0.9380530973451328,1.0,0.8595433235168457,0.8297876119613647,0.75086510181427,1.0,0.9994015097618103,wide,1.0,0.02734375,0.96484375,0.96484375,1.0,none,v2_c-none_d-hard_a-latent_p-wide_s-03,hard,89.61780548095703,8.224417686462402,0.999999845538468,0.9999996585494799,transformer,1.0,1.0,2,0.001,1.717307895887643e-05,1.0771127563202754e-06,1.4541025193426415e-15,8.118430741888005e-06,4.890753402264636e-08,7.928628474473953e-05,1.0,0.9750609397888184,0.015625,0.01639953814446926,407041.0,73.60380830106185,0.11536689583126164,0.9999750978915466,1.0,0.5838889058921598,0.965,0.1,3,1.0,,,1.0,0.976,0.9787234042553191,0.9487951807228916,1.0,0.905078113079071,0.914894163608551,0.7984274625778198,1.0,0.9994229078292847,1.0,,,1.0,0.9999990463256836,10000,10000,"[1, 2, 3]",0.0,128
latent,256,0.981,1.0,0.967551622418879,0.9759036144578314,0.9271442294120789,0.9999487996101379,0.8603290319442749,0.9232213497161865,0.993086040019989,wide,1.004102564102564,0.0283203125,0.984375,0.98046875,1.0,none,v2_c-none_d-hard_a-latent_p-wide_s-04,hard,92.12075853347778,8.475567817687988,0.9999879993024532,0.9999729362319157,transformer,1.0,1.0,2,0.001,3.596952592488378e-05,8.526622536919604e-07,1.0858607688753468e-15,2.211302489740774e-05,6.569564902747516e-06,6.434274837374687e-05,1.0,0.9360012412071228,0.03515625,0.03873612731695175,407041.0,72.98916979712833,0.11440350904606783,0.9999782939781451,1.0,0.6704617023808672,0.972,0.1,4,1.0,,,1.0,1.0,1.0,1.0,1.0,1.0,1.0,1.0,1.0,0.9999993443489075,1.0,,,1.0,0.9999990463256836,10000,10000,"[1, 2, 3]",0.0,128
latent,256,0.967,1.0,0.9144542772861357,0.9879518072289156,0.8784558773040771,1.0,0.6886603236198425,0.9518071413040161,0.9981194138526917,wide,1.0,0.03125,0.9765625,0.9765625,1.0,none,v2_c-none_d-hard_a-latent_p-wide_s-05,hard,134.04634070396423,8.56689167022705,0.9999658574178805,0.9999063334167437,transformer,1.0,1.0,2,0.001,7.439056935254484e-05,2.5183715024468256e-06,8.465435654986947e-14,3.699359513120726e-05,1.0415225005999673e-05,0.0002446337603032589,1.0,0.982651948928833,0.025390625,0.02403423748910427,407041.0,74.92284468372544,0.1174343585953344,0.9996069427169653,1.0,0.4441803479763534,0.967,0.1,5,1.0,,,1.0,0.99,1.0,0.9698795180722891,1.0,0.959947407245636,1.0,0.8793597221374512,1.0,0.9998384714126587,1.0,,,1.0,0.9999975562095642,10000,10000,"[1, 2, 3]",0.0,128
concrete,256,0.183,0.03353658536585366,0.2182890855457227,0.29429429429429427,-2.2658119201660156,-2.8658528327941895,-2.1329400539398193,-1.810046911239624,0.9953364133834839,moderate,nan,0.8232421875,0.171875,0.171875,0.0,none,v2_c-none_d-mixed_a-concrete_p-moderate_s-00,mixed,87.1099145412445,28.618175506591797,0.01970436146411233,-0.1762438477690605,transformer,1.0,1.0,2,0.001,6.053393519778183e-08,6.053393519778183e-08,0.0,0.0,0.0,0.0,1.0,0.6404047012329102,0.201171875,0.19566839933395386,105217.0,71.5077138699112,0.22044991529365565,0.9109709286785086,0.994,-1.4333915646084,0.166,0.1,0,1.0,1.0,1.0,1.0,1.0,1.0,1.0,1.0,1.0,1.0,1.0,1.0,0.9999998807907104,1.0,1.0,1.0,1.0,0.9999999403953552,10000,10000,"[1, 2, 3, 4, 5, 6, 7, 8, 9]",0.0,64
concrete,256,0.766,0.7317073170731707,0.7935103244837758,0.7717717717717718,0.07249390333890915,-0.06813105195760727,0.19422052800655365,0.08708745241165161,0.9985749125480652,moderate,1.0063291139240507,0.20703125,0.828125,0.82421875,1.0,none,v2_c-none_d-mixed_a-concrete_p-moderate_s-01,mixed,96.43366265296936,29.4267578125,0.05589172935574941,-0.17076695622937454,transformer,1.0,1.0,2,0.001,3.2980867814558223e-08,3.2980867814558223e-08,0.0,0.0,0.0,0.0,1.0,0.5913693904876709,0.201171875,0.20439869165420532,105217.0,72.46722546859567,0.22340797728733205,0.9117143135732783,0.994,0.22373189745537092,0.779,0.1,1,1.0,1.0,1.0,1.0,1.0,1.0,1.0,1.0,1.0,1.0,1.0,1.0,0.9999999403953552,1.0,1.0,1.0,1.0,1.0,10000,10000,"[1, 2, 3, 4, 5, 6, 7, 8, 9]",0.0,64
concrete,256,0.427,0.3170731707317073,0.43952802359882004,0.5225225225225225,-1.2927641868591309,-1.7315641641616821,-1.2438874244689941,-0.9103102087974548,0.9969053268432617,moderate,nan,0.5791015625,0.421875,0.41796875,0.0,none,v2_c-none_d-mixed_a-concrete_p-moderate_s-02,mixed,46.60001087188721,28.705942153930664,0.09125634106612748,-0.10010449217923056,transformer,1.0,1.0,2,0.001,4.4166363011299836e-08,4.4166363011299836e-08,0.0,0.0,0.0,0.0,1.0,-0.10632152855396271,0.634765625,0.6358623504638672,105217.0,71.55999718368243,0.22061109863274417,0.9265174844828024,0.995,-0.7791187413602183,0.44,0.1,2,1.0,1.0,1.0,1.0,1.0,1.0,1.0,1.0,1.0,1.0,1.0,1.0,0.9999999403953552,1.0,1.0,1.0,1.0,0.9999999403953552,10000,10000,"[1, 2, 3, 4, 5, 6, 7, 8, 9]",0.0,64
concrete,256,0.611,0.5426829268292683,0.6666666666666666,0.6216216216216216,-0.5554971694946289,-0.8292672634124756,-0.33265945315361023,-0.5126907229423523,0.9999352097511292,moderate,nan,0.38671875,0.6015625,0.38671875,0.0,none,v2_c-none_d-mixed_a-concrete_p-moderate_s-03,mixed,80.76962900161743,29.18233871459961,0.12366545582848813,-0.049980924781482056,transformer,1.0,1.0,2,0.001,4.337186965130968e-08,4.337186965130968e-08,0.0,0.0,0.0,0.0,1.0,0.5414061546325684,0.234375,0.23391833901405334,105217.0,72.47530771291848,0.22343289390093804,0.9108808631317811,0.991,-1.3366017119938056,0.611,0.1,3,1.0,1.0,1.0,1.0,1.0,1.0,1.0,1.0,1.0,1.0,1.0,1.0,0.9999999403953552,1.0,1.0,1.0,1.0,0.9999999403953552,10000,10000,"[1, 2, 3, 4, 5, 6, 7, 8, 9]",0.0,64
concrete,256,0.184,0.006097560975609756,0.2949852507374631,0.24624624624624625,-2.2634029388427734,-2.975632905960083,-1.818813681602478,-2.0144660472869873,0.9992238879203796,moderate,nan,0.83984375,0.14453125,0.14453125,0.0,none,v2_c-none_d-mixed_a-concrete_p-moderate_s-04,mixed,85.16925096511841,29.69744873046875,0.08283923586641871,-0.18616502751186587,transformer,1.0,1.0,2,0.001,6.96923478926692e-08,6.96923478926692e-08,0.0,0.0,0.0,0.0,1.0,0.5103214383125305,0.25390625,0.2538619637489319,105217.0,72.3611776905372,0.22308104439541215,0.933728166745768,0.998,-2.8068635979098735,0.199,0.1,4,1.0,1.0,1.0,1.0,1.0,1.0,1.0,1.0,1.0,1.0,1.0,1.0,0.9999998807907104,1.0,1.0,1.0,1.0,0.9999999403953552,10000,10000,"[1, 2, 3, 4, 5, 6, 7, 8, 9]",0.0,64
concrete,256,0.235,0.08536585365853659,0.2890855457227139,0.32732732732732733,-2.055455207824707,-2.65852952003479,-1.8382117748260498,-1.6825939416885376,0.9993388652801514,moderate,nan,0.78515625,0.1640625,0.1640625,0.0,none,v2_c-none_d-mixed_a-concrete_p-moderate_s-05,mixed,89.73416137695312,29.148672103881836,0.0391201645550693,-0.16659751534296235,transformer,1.0,1.0,2,0.001,5.705248895537807e-08,5.705248895537807e-08,0.0,0.0,0.0,0.0,1.0,0.3224639296531677,0.3203125,0.32221299409866333,105217.0,70.71702437541917,0.21801231209462935,0.9651254168175756,0.997,-1.6219746723919388,0.259,0.1,5,1.0,1.0,1.0,1.0,1.0,1.0,1.0,1.0,1.0,1.0,1.0,1.0,0.9999999403953552,1.0,1.0,1.0,1.0,0.9999999403953552,10000,10000,"[1, 2, 3, 4, 5, 6, 7, 8, 9]",0.0,64
concrete,256,0.313,0.27134146341463417,0.2713864306784661,0.3963963963963964,-1.747225046157837,-1.914631962776184,-1.910643219947815,-1.4159694910049438,0.9989781379699707,tight,nan,0.751953125,0.3515625,0.35546875,0.0,none,v2_c-none_d-mixed_a-concrete_p-tight_s-00,mixed,57.0121214389801,20.06700897216797,-0.004626895030612229,-0.5606758970327654,transformer,1.0,1.0,2,0.001,1.5248737383899424e-07,1.5248737383899424e-07,0.0,0.0,0.0,0.0,1.0,0.4917971193790436,0.265625,0.26472342014312744,28033.0,51.5289786323593,0.3077632402801071,0.876019380003451,1.0,-2.95809814059825,0.318,0.1,0,1.0,1.0,1.0,1.0,1.0,1.0,1.0,1.0,1.0,1.0,1.0,1.0,0.9999998807907104,1.0,1.0,1.0,1.0,0.9999998807907104,10000,10000,"[1, 2, 3, 4, 5, 6, 7, 8, 9]",0.0,32
concrete,256,0.171,0.036585365853658534,0.21238938053097345,0.26126126126126126,-2.3152027130126953,-2.8577640056610107,-2.1497976779937744,-1.9491733312606812,0.9975349307060242,tight,nan,0.82421875,0.21484375,0.2109375,0.0,none,v2_c-none_d-mixed_a-concrete_p-tight_s-01,mixed,81.99911689758301,20.22654151916504,0.06369407728673232,-0.1974109292993786,transformer,1.0,1.0,2,0.001,1.3148320476830122e-07,1.3148320476830122e-07,0.0,0.0,0.0,0.0,1.0,0.6178048849105835,0.177734375,0.17454583942890167,28033.0,52.64979016598536,0.31445742670660565,0.8960003765932438,1.0,-2.316334090787552,0.181,0.1,1,1.0,1.0,1.0,1.0,1.0,1.0,1.0,1.0,1.0,1.0,1.0,1.0,0.9999998807907104,1.0,1.0,1.0,1.0,0.9999998807907104,10000,10000,"[1, 2, 3, 4, 5, 6, 7, 8, 9]",0.0,32
concrete,256,0.782,0.9115853658536586,0.7315634218289085,0.7057057057057057,0.12873193621635437,0.6463416218757629,-0.07378093898296356,-0.17494407296180725,0.9998033046722412,tight,1.0,0.150390625,0.7734375,0.7734375,1.0,none,v2_c-none_d-mixed_a-concrete_p-tight_s-02,mixed,85.40931940078735,19.75450897216797,0.11400817887095875,-0.16848995321069005,transformer,1.0,1.0,2,0.001,1.2601522314525937e-07,1.2601522314525937e-07,0.0,0.0,0.0,0.0,1.0,0.48401209712028503,0.26171875,0.26180243492126465,28033.0,51.555305361495705,0.30792047994757277,0.8870827490885578,1.0,0.23797236031119817,0.78,0.1,2,1.0,1.0,1.0,1.0,1.0,1.0,1.0,1.0,1.0,1.0,1.0,1.0,0.9999998807907104,1.0,1.0,1.0,1.0,0.9999998807907104,10000,10000,"[1, 2, 3, 4, 5, 6, 7, 8, 9]",0.0,32
concrete,256,0.2,0.06402439024390244,0.22713864306784662,0.3063063063063063,-2.176846981048584,-2.741790533065796,-2.082270622253418,-1.716666340827942,0.9953761696815491,tight,nan,0.755859375,0.203125,0.203125,0.0,none,v2_c-none_d-mixed_a-concrete_p-tight_s-03,mixed,57.58524942398071,19.59526252746582,0.09486831910927493,-0.27472609050508273,transformer,1.0,1.0,2,0.001,1.4148344007480773e-07,1.4148344007480773e-07,0.0,0.0,0.0,0.0,1.0,0.327597439289093,0.33203125,0.33081743121147156,28033.0,52.205991873561274,0.3118067861518666,0.9179845625131874,1.0,-1.7863613667322573,0.218,0.1,3,1.0,1.0,1.0,1.0,1.0,1.0,1.0,1.0,1.0,1.0,1.0,1.0,0.9999997615814209,1.0,1.0,1.0,1.0,0.9999997615814209,10000,10000,"[1, 2, 3, 4, 5, 6, 7, 8, 9]",0.0,32
concrete,256,0.435,0.4268292682926829,0.4277286135693215,0.45045045045045046,-1.2577261924743652,-1.2926807403564453,-1.2890843152999878,-1.1913732290267944,0.9996756315231323,tight,nan,0.61328125,0.43359375,0.43359375,0.0,none,v2_c-none_d-mixed_a-concrete_p-tight_s-04,mixed,44.99851965904236,19.332744598388672,0.10096973763089928,-0.2240110744961173,transformer,1.0,1.0,2,0.001,1.1934923804801656e-07,1.1934923804801656e-07,0.0,0.0,0.0,0.0,1.0,0.5045071840286255,0.265625,0.26650652289390564,28033.0,50.89510207813641,0.30397733364188173,0.9023895960295603,0.997,-1.006622233803451,0.464,0.1,4,1.0,1.0,1.0,1.0,1.0,1.0,1.0,1.0,1.0,1.0,1.0,1.0,0.9999998807907104,1.0,1.0,1.0,1.0,0.9999998807907104,10000,10000,"[1, 2, 3, 4, 5, 6, 7, 8, 9]",0.0,32
concrete,256,0.47,0.4634146341463415,0.49557522123893805,0.45045045045045046,-1.118894100189209,-1.1575380563735962,-1.0095092058181763,-1.1921861171722412,0.9963567852973938,tight,nan,0.5341796875,0.44921875,0.4609375,0.0,none,v2_c-none_d-mixed_a-concrete_p-tight_s-05,mixed,79.2964735031128,19.560592651367188,0.04683174043417038,-0.3879394505996825,transformer,1.0,1.0,2,0.001,1.209026265769353e-07,1.209026265769353e-07,0.0,0.0,0.0,0.0,1.0,0.40756237506866455,0.296875,0.3046426773071289,28033.0,49.43701725138202,0.29526874048138413,0.9050798393616111,0.999,-1.5104850329953665,0.467,0.1,5,1.0,1.0,1.0,1.0,1.0,1.0,1.0,1.0,1.0,1.0,1.0,1.0,0.9999998807907104,1.0,1.0,1.0,1.0,0.9999998807907104,10000,10000,"[1, 2, 3, 4, 5, 6, 7, 8, 9]",0.0,32
concrete,256,0.669,0.7987804878048781,0.6755162241887905,0.5345345345345346,-0.3231399953365326,0.19531050324440002,-0.2943513095378876,-0.8631133437156677,0.9989063739776611,wide,nan,0.35546875,0.6875,0.6875,0.0,none,v2_c-none_d-mixed_a-concrete_p-wide_s-00,mixed,94.3690197467804,37.5312385559082,0.04490295867424568,-0.21833238958879803,transformer,1.0,1.0,2,0.001,2.8507253446719005e-08,2.8507253446719005e-08,0.0,0.0,0.0,0.0,1.0,-0.0428323894739151,0.537109375,0.5405508279800415,407041.0,101.99236635517717,0.1598632323038623,0.9250671978818038,0.998,-0.5105377406221727,0.538,0.1,0,1.0,1.0,1.0,1.0,1.0,1.0,1.0,1.0,1.0,1.0,1.0,1.0,1.0,1.0,1.0,1.0,1.0,1.0,10000,10000,"[1, 2, 3, 4, 5, 6, 7, 8, 9]",0.0,128
concrete,256,0.346,0.19207317073170732,0.36578171091445427,0.4774774774774775,-1.5891597270965576,-2.1780571937561035,-1.5376607179641724,-1.0615310668945312,0.9953685402870178,wide,nan,0.6640625,0.37109375,0.37109375,0.0,none,v2_c-none_d-mixed_a-concrete_p-wide_s-01,mixed,92.42438912391663,37.193206787109375,0.05732155297130299,-0.06300549302195001,transformer,1.0,1.0,2,0.001,2.437284862821798e-08,2.437284862821798e-08,0.0,0.0,0.0,0.0,1.0,0.2729561924934387,0.34765625,0.3523305654525757,407041.0,102.04587314492824,0.15994709905453677,0.9785995921925231,1.0,-0.9620071712185683,0.388,0.1,1,1.0,1.0,1.0,1.0,1.0,1.0,1.0,1.0,1.0,1.0,1.0,1.0,1.0,1.0,1.0,1.0,1.0,1.0,10000,10000,"[1, 2, 3, 4, 5, 6, 7, 8, 9]",0.0,128
concrete,256,0.538,0.6371951219512195,0.3893805309734513,0.5915915915915916,-0.8213995099067688,-0.4112304151058197,-1.4068171977996826,-0.6294443607330322,0.9884623885154724,wide,nan,0.5224609375,0.6015625,0.609375,0.0,none,v2_c-none_d-mixed_a-concrete_p-wide_s-02,mixed,88.37177515029907,37.27340316772461,0.06297758446597156,-0.13633876350246088,transformer,1.0,1.0,2,0.001,2.1009761042023456e-08,2.1009761042023456e-08,0.0,0.0,0.0,0.0,1.0,0.45090538263320923,0.30859375,0.3013365864753723,407041.0,101.49702459787775,0.15908683170402524,0.9710747467277464,0.998,-0.13881117047072,0.57,0.1,2,1.0,1.0,1.0,1.0,1.0,1.0,1.0,1.0,1.0,1.0,1.0,1.0,1.0,1.0,1.0,1.0,1.0,1.0,10000,10000,"[1, 2, 3, 4, 5, 6, 7, 8, 9]",0.0,128
concrete,256,0.865,0.9146341463414634,0.9321533923303835,0.7477477477477478,0.47017645835876465,0.6585366725921631,0.7347202301025391,0.015334169380366802,0.9985041618347168,wide,1.0,0.1015625,0.88671875,0.88671875,1.0,none,v2_c-none_d-mixed_a-concrete_p-wide_s-03,mixed,74.06363034248352,37.70341110229492,0.05109324126253519,-0.1176933276714967,transformer,1.0,1.0,2,0.001,2.766382678487389e-08,2.766382678487389e-08,0.0,0.0,0.0,0.0,1.0,0.6191993951797485,0.19921875,0.1974596083164215,407041.0,101.66378100108538,0.1593482063399593,0.9512667045895992,0.993,0.40454835716890325,0.827,0.1,3,1.0,1.0,1.0,1.0,1.0,1.0,1.0,1.0,1.0,1.0,1.0,1.0,1.0,1.0,1.0,1.0,1.0,1.0,10000,10000,"[1, 2, 3, 4, 5, 6, 7, 8, 9]",0.0,128
concrete,256,0.193,0.07317073170731707,0.23303834808259588,0.2702702702702703,-2.2257163524627686,-2.7073171138763428,-2.067694902420044,-1.912214994430542,0.9990130662918091,wide,nan,0.83984375,0.22265625,0.22265625,0.0,none,v2_c-none_d-mixed_a-concrete_p-wide_s-04,mixed,70.56027293205261,37.839664459228516,0.023812489222089263,-0.06660929228071055,transformer,1.0,1.0,2,0.001,2.619715999685468e-08,2.619715999685468e-08,0.0,0.0,0.0,0.0,1.0,0.34334811568260193,0.337890625,0.33755332231521606,407041.0,101.65167239945588,0.15932922727060003,0.9693283249838422,0.992,-1.5722156370734455,0.265,0.1,4,1.0,1.0,1.0,1.0,1.0,1.0,1.0,1.0,1.0,1.0,1.0,1.0,1.0,1.0,1.0,1.0,1.0,1.0,10000,10000,"[1, 2, 3, 4, 5, 6, 7, 8, 9]",0.0,128
concrete,256,0.664,0.5853658536585366,0.696165191740413,0.7087087087087087,-0.3093286156654358,-0.5715480446815491,-0.19724203646183014,-0.16515254974365234,0.9918305277824402,wide,nan,0.359375,0.67578125,0.640625,0.0,none,v2_c-none_d-mixed_a-concrete_p-wide_s-05,mixed,92.89536428451538,37.933067321777344,0.01255275244486039,-0.11947845323068011,transformer,1.0,1.0,2,0.001,2.9344972674039127e-08,2.9344972674039127e-08,0.0,0.0,0.0,0.0,1.0,0.6979894638061523,0.14453125,0.13380631804466248,407041.0,100.41728972494694,0.15739445105843042,0.9438476646380738,0.996,-0.996187825035955,0.455,0.1,5,1.0,1.0,1.0,1.0,1.0,1.0,1.0,1.0,1.0,1.0,1.0,1.0,1.0,1.0,1.0,1.0,1.0,1.0,10000,10000,"[1, 2, 3, 4, 5, 6, 7, 8, 9]",0.0,128
invariant,256,0.174,0.04878048780487805,0.13274336283185842,0.33933933933933935,-2.2789623737335205,-2.7464375495910645,-2.4709267616271973,-1.6230835914611816,0.9912381768226624,moderate,nan,0.83203125,0.12890625,0.12890625,0.0,none,v2_c-none_d-mixed_a-invariant_p-moderate_s-00,mixed,90.85966658592224,28.601953506469727,0.021919559208414773,-0.16884558678154804,transformer,1.0,1.0,2,0.001,6.587276146774457e-08,6.587276146774457e-08,2.017905119089641e-16,0.0,0.0,0.0,1.0,0.6763588190078735,0.16796875,0.16823595762252808,105217.0,71.43600280061817,0.22022883845738553,0.9172519619477854,0.997,-1.9525320391239727,0.175,0.1,0,1.0,1.0,1.0,1.0,1.0,1.0,1.0,1.0,1.0,1.0,1.0,1.0,0.9999998807907104,1.0,1.0,1.0,1.0,0.9999999403953552,10000,10000,"[1, 2, 3, 4, 5, 6, 7, 8, 9]",0.0,64
invariant,256,0.65,0.6310975609756098,0.7699115044247787,0.5465465465465466,-0.3947191536426544,-0.47563785314559937,0.08030669391155243,-0.7986003160476685,0.9991535544395447,moderate,nan,0.376953125,0.70703125,0.7109375,0.0,none,v2_c-none_d-mixed_a-invariant_p-moderate_s-01,mixed,79.52042531967163,29.420255661010742,0.05623712034326302,-0.17482440237361851,transformer,1.0,1.0,2,0.001,2.4017859701075395e-08,2.4017857924718555e-08,1.8841790513880394e-15,0.0,0.0,0.0,1.0,0.17823795974254608,0.42578125,0.4254489541053772,105217.0,72.39315087134459,0.2231796139709055,0.908172889826893,0.999,-0.08133061145273768,0.67,0.1,1,1.0,1.0,1.0,1.0,1.0,1.0,1.0,1.0,1.0,1.0,1.0,1.0,1.0,1.0,1.0,1.0,1.0,1.0,10000,10000,"[1, 2, 3, 4, 5, 6, 7, 8, 9]",0.0,64
invariant,256,0.273,0.2652439024390244,0.20648967551622419,0.3483483483483483,-1.9013768434524536,-1.9226415157318115,-2.1743967533111572,-1.602492094039917,0.9979816675186157,moderate,nan,0.7236328125,0.25,0.25,0.0,none,v2_c-none_d-mixed_a-invariant_p-moderate_s-02,mixed,97.370685338974,28.731918334960938,0.09740719748371016,-0.09345806026214938,transformer,1.0,1.0,2,0.001,4.050769319974279e-08,4.050769319974279e-08,3.2091007877031643e-16,0.0,0.0,0.0,1.0,0.10020408034324646,0.458984375,0.4631039500236511,105217.0,71.55594736909792,0.22059861352821777,0.9289549546482175,0.999,-1.1809715821769267,0.39,0.1,2,1.0,1.0,1.0,1.0,1.0,1.0,1.0,1.0,1.0,1.0,1.0,1.0,0.9999999403953552,1.0,1.0,1.0,1.0,0.9999999403953552,10000,10000,"[1, 2, 3, 4, 5, 6, 7, 8, 9]",0.0,64
invariant,256,0.607,0.5426829268292683,0.6578171091445427,0.6186186186186187,-0.5714249610900879,-0.8292679190635681,-0.36873579025268555,-0.5237948894500732,0.9995508790016174,moderate,nan,0.3984375,0.59765625,0.40234375,0.0,none,v2_c-none_d-mixed_a-invariant_p-moderate_s-03,mixed,90.65710806846619,29.177026748657227,0.12769188003272583,-0.03776498842830287,transformer,1.0,1.0,2,0.001,3.69584967074843e-08,3.69584967074843e-08,1.3061270545973973e-16,0.0,0.0,0.0,1.0,0.4926113486289978,0.251953125,0.2527633309364319,105217.0,72.48970911459,0.22347729173729416,0.9104711700784714,0.993,-0.6516188456490741,0.595,0.1,3,1.0,1.0,1.0,1.0,1.0,1.0,1.0,1.0,1.0,1.0,1.0,1.0,0.9999999403953552,1.0,1.0,1.0,1.0,0.9999999403953552,10000,10000,"[1, 2, 3, 4, 5, 6, 7, 8, 9]",0.0,64
invariant,256,0.542,0.38109756097560976,0.640117994100295,0.6006006006006006,-0.817665159702301,-1.4756078720092773,-0.4320378601551056,-0.5621768832206726,0.9962197542190552,moderate,nan,0.48046875,0.48046875,0.41796875,0.0,none,v2_c-none_d-mixed_a-invariant_p-moderate_s-04,mixed,93.0742859840393,29.60943603515625,0.09107979326782928,-0.1894904270065822,transformer,1.0,1.0,2,0.001,6.060781743144616e-08,6.060781743144616e-08,6.093603197546312e-16,0.0,0.0,0.0,1.0,0.23061177134513855,0.41796875,0.4188504219055176,105217.0,72.29734847141586,0.22288426638102676,0.9319699371587402,0.99,-1.4377375944688122,0.483,0.1,4,1.0,1.0,1.0,1.0,1.0,1.0,1.0,1.0,1.0,1.0,1.0,1.0,0.9999999403953552,1.0,1.0,1.0,1.0,0.9999999403953552,10000,10000,"[1, 2, 3, 4, 5, 6, 7, 8, 9]",0.0,64
invariant,256,0.136,0.0,0.12389380530973451,0.2822822822822823,-2.4513354301452637,-2.9999992847442627,-2.4909472465515137,-1.8705832958221436,0.9986243844032288,moderate,nan,0.8603515625,0.13671875,0.13671875,0.0,none,v2_c-none_d-mixed_a-invariant_p-moderate_s-05,mixed,59.769883155822754,29.05839729309082,0.03440969284387648,-0.1938650861983261,transformer,1.0,1.0,2,0.001,5.251077794810044e-08,5.251077794810044e-08,2.2018145007842707e-16,0.0,0.0,0.0,1.0,0.4884289503097534,0.255859375,0.2555546760559082,105217.0,70.70475745183056,0.217974494604464,0.960864635506832,0.997,-2.2273393066531355,0.117,0.1,5,1.0,1.0,1.0,1.0,1.0,1.0,1.0,1.0,1.0,1.0,1.0,1.0,0.9999999403953552,1.0,1.0,1.0,1.0,0.9999999403953552,10000,10000,"[1, 2, 3, 4, 5, 6, 7, 8, 9]",0.0,64
invariant,256,0.273,0.32926829268292684,0.15339233038348082,0.33933933933933935,-1.9042607545852661,-1.6829249858856201,-2.3861563205718994,-1.6316951513290405,0.9994785189628601,tight,nan,0.7490234375,0.3125,0.31640625,0.0,none,v2_c-none_d-mixed_a-invariant_p-tight_s-00,mixed,76.05515050888062,20.03360366821289,-0.014930445879427464,-0.5723575552137949,transformer,1.0,1.0,2,0.001,1.6388028711844527e-07,1.6388028711844527e-07,5.104980328708101e-15,0.0,0.0,0.0,1.0,0.5715992450714111,0.224609375,0.2227010428905487,28033.0,51.50892381420838,0.30764346038186013,0.8705692042637044,1.0,-3.0798199755191265,0.273,0.1,0,1.0,1.0,1.0,1.0,1.0,1.0,1.0,1.0,1.0,1.0,1.0,1.0,0.9999997615814209,1.0,1.0,1.0,1.0,0.9999997615814209,10000,10000,"[1, 2, 3, 4, 5, 6, 7, 8, 9]",0.0,32
invariant,256,0.053,0.0,0.032448377581120944,0.12612612612612611,-2.7873167991638184,-2.99999737739563,-2.8687427043914795,-2.4949374198913574,0.9988303184509277,tight,nan,0.9228515625,0.0546875,0.0546875,0.0,none,v2_c-none_d-mixed_a-invariant_p-tight_s-01,mixed,85.22163820266724,20.229625701904297,0.07255389123156095,-0.211454337271316,transformer,1.0,1.0,2,0.001,1.4841296547274396e-07,1.4841296547274396e-07,6.294660973016342e-15,0.0,0.0,0.0,1.0,0.7742736339569092,0.119140625,0.11880442500114441,28033.0,52.631406998587394,0.31434763095060253,0.9213518960577053,1.0,-2.366943133640078,0.084,0.1,1,1.0,1.0,1.0,1.0,1.0,1.0,1.0,1.0,1.0,1.0,1.0,1.0,0.9999997615814209,1.0,1.0,1.0,1.0,0.9999997615814209,10000,10000,"[1, 2, 3, 4, 5, 6, 7, 8, 9]",0.0,32
invariant,256,0.706,0.7774390243902439,0.6607669616519174,0.6816816816816816,-0.1710243821144104,0.1098935529589653,-0.348876029253006,-0.2666681110858917,0.9991763234138489,tight,nan,0.31640625,0.7109375,0.7109375,0.0,none,v2_c-none_d-mixed_a-invariant_p-tight_s-02,mixed,90.90155410766602,19.84520149230957,0.14062228284454464,-0.12384916506299397,transformer,1.0,1.0,2,0.001,1.3149264077583211e-07,1.3149264077583211e-07,5.672374665788814e-15,0.0,0.0,0.0,1.0,0.40577051043510437,0.302734375,0.30211341381073,28033.0,51.466451332751035,0.3073897881984988,0.9215534045169602,1.0,0.06906985752350314,0.705,0.1,2,1.0,1.0,1.0,1.0,1.0,1.0,1.0,1.0,1.0,1.0,1.0,1.0,0.9999998807907104,1.0,1.0,1.0,1.0,0.9999997615814209,10000,10000,"[1, 2, 3, 4, 5, 6, 7, 8, 9]",0.0,32
invariant,256,0.209,0.11585365853658537,0.22123893805309736,0.2882882882882883,-2.157245635986328,-2.536470413208008,-2.1049985885620117,-1.8369030952453613,0.998457133769989,tight,nan,0.76953125,0.22265625,0.22265625,0.0,none,v2_c-none_d-mixed_a-invariant_p-tight_s-03,mixed,73.77606415748596,19.67244529724121,0.11791645828875609,-0.2254020685794348,transformer,1.0,1.0,2,0.001,1.1950328371312935e-07,1.1950328371312935e-07,2.336754472578406e-15,0.0,0.0,0.0,1.0,0.3175787627696991,0.353515625,0.35612452030181885,28033.0,52.15200359163851,0.31148433441649936,0.9217925683547425,1.0,-1.4345751610458892,0.217,0.1,3,1.0,1.0,1.0,1.0,1.0,1.0,1.0,1.0,1.0,1.0,1.0,1.0,0.9999998807907104,1.0,1.0,1.0,1.0,0.9999998807907104,10000,10000,"[1, 2, 3, 4, 5, 6, 7, 8, 9]",0.0,32
invariant,256,0.394,0.3018292682926829,0.415929203539823,0.4624624624624625,-1.4223285913467407,-1.7891823053359985,-1.3348034620285034,-1.1500853300094604,0.9991402626037598,tight,nan,0.6435546875,0.39453125,0.39453125,0.0,none,v2_c-none_d-mixed_a-invariant_p-tight_s-04,mixed,81.11573624610901,19.33571434020996,0.09880115422996252,-0.21355778694068564,transformer,1.0,1.0,2,0.001,1.0806471095747838e-07,1.0806471095747838e-07,3.796480020141395e-16,0.0,0.0,0.0,1.0,0.4276435375213623,0.326171875,0.32597434520721436,28033.0,50.89446250387643,0.3039735137049865,0.9109705920547742,0.996,-1.8441213647939607,0.412,0.1,4,1.0,1.0,1.0,1.0,1.0,1.0,1.0,1.0,1.0,1.0,1.0,1.0,0.9999998807907104,1.0,1.0,1.0,1.0,0.9999998807907104,10000,10000,"[1, 2, 3, 4, 5, 6, 7, 8, 9]",0.0,32
invariant,256,0.458,0.4969512195121951,0.4424778761061947,0.43543543543543545,-1.1636649370193481,-0.9967836737632751,-1.2328989505767822,-1.257558822631836,0.9975253939628601,tight,nan,0.5419921875,0.453125,0.44921875,0.0,none,v2_c-none_d-mixed_a-invariant_p-tight_s-05,mixed,88.30544233322144,19.571136474609375,0.05311550082503629,-0.3964647700159202,transformer,1.0,1.0,2,0.001,5.514158729624796e-08,5.514158729624796e-08,5.326633392653264e-16,0.0,0.0,0.0,1.0,0.45713168382644653,0.25,0.2484360933303833,28033.0,49.43443086016439,0.2952532929378291,0.8946741498321482,0.997,-1.2433758820118088,0.429,0.1,5,1.0,1.0,1.0,1.0,1.0,1.0,1.0,1.0,1.0,1.0,1.0,1.0,0.9999999403953552,1.0,1.0,1.0,1.0,0.9999999403953552,10000,10000,"[1, 2, 3, 4, 5, 6, 7, 8, 9]",0.0,32
invariant,256,0.197,0.027439024390243903,0.17404129793510326,0.38738738738738737,-2.1990325450897217,-2.8901875019073486,-2.3036913871765137,-1.4117100238800049,0.99628084897995,wide,nan,0.828125,0.21875,0.21875,0.0,none,v2_c-none_d-mixed_a-invariant_p-wide_s-00,mixed,81.34484648704529,37.578712463378906,0.049687297231839046,-0.20577329934614103,transformer,1.0,1.0,2,0.001,1.7402573604385907e-08,1.7402573604385907e-08,1.6778405813572505e-17,0.0,0.0,0.0,1.0,0.5145912766456604,0.2578125,0.2573639750480652,407041.0,101.9474302762915,0.15979279931878274,0.9356846702229542,0.993,-1.3897319682475322,0.342,0.1,0,1.0,1.0,1.0,1.0,1.0,1.0,1.0,1.0,1.0,1.0,1.0,1.0,1.0,1.0,1.0,1.0,1.0,1.0,10000,10000,"[1, 2, 3, 4, 5, 6, 7, 8, 9]",0.0,128
invariant,256,0.535,0.5426829268292683,0.5221238938053098,0.5405405405405406,-0.859369158744812,-0.8278830647468567,-0.9161668419837952,-0.8325611352920532,0.9971335530281067,wide,nan,0.484375,0.5234375,0.54296875,0.0,none,v2_c-none_d-mixed_a-invariant_p-wide_s-01,mixed,83.48973751068115,37.23815155029297,0.05921416239445192,-0.046088736144904566,transformer,1.0,1.0,2,0.001,2.3737161569670207e-08,2.3737161569670207e-08,7.902667578930077e-16,0.0,0.0,0.0,1.0,0.13803337514400482,0.451171875,0.4491956830024719,407041.0,102.04559998573778,0.15994667090375767,0.9824409111181834,0.999,-0.5813062534098796,0.528,0.1,1,1.0,1.0,1.0,1.0,1.0,1.0,1.0,1.0,1.0,1.0,1.0,1.0,1.0,1.0,1.0,1.0,1.0,1.0,10000,10000,"[1, 2, 3, 4, 5, 6, 7, 8, 9]",0.0,128
invariant,256,0.632,0.6676829268292683,0.6312684365781711,0.5975975975975976,-0.4644094705581665,-0.325849324464798,-0.47193747758865356,-0.5932255387306213,0.9985721707344055,wide,nan,0.46875,0.69921875,0.69921875,0.0,none,v2_c-none_d-mixed_a-invariant_p-wide_s-02,mixed,80.53889727592468,37.27372360229492,0.07140592580799361,-0.12484015732666642,transformer,1.0,1.0,2,0.001,2.2676001520949285e-08,2.2675999744592445e-08,1.1285621349661594e-15,0.0,0.0,0.0,1.0,0.3858243525028229,0.35546875,0.3549233675003052,407041.0,101.4899819457297,0.159075793023616,0.9743712710004208,0.997,-0.5605514050805933,0.374,0.1,2,1.0,1.0,1.0,1.0,1.0,1.0,1.0,1.0,1.0,1.0,1.0,1.0,1.0,1.0,1.0,1.0,1.0,1.0,10000,10000,"[1, 2, 3, 4, 5, 6, 7, 8, 9]",0.0,128
invariant,256,0.908,1.0,0.9321533923303835,0.7927927927927928,0.6320026516914368,1.0,0.728613555431366,0.17117905616760254,0.9999997019767761,wide,1.0,0.08203125,0.90625,0.90625,1.0,none,v2_c-none_d-mixed_a-invariant_p-wide_s-03,mixed,86.30389094352722,37.6985969543457,0.051449345167288565,-0.12256141915981525,transformer,1.0,1.0,2,0.001,2.1423003815357333e-08,2.1423003815357333e-08,3.526190747881364e-16,0.0,0.0,0.0,1.0,0.8554273247718811,0.07421875,0.07409392297267914,407041.0,101.73186088331074,0.15945491501254283,0.943321429778177,0.993,0.7076470692183631,0.918,0.1,3,1.0,1.0,1.0,1.0,1.0,1.0,1.0,1.0,1.0,1.0,1.0,1.0,1.0,1.0,1.0,1.0,1.0,1.0,10000,10000,"[1, 2, 3, 4, 5, 6, 7, 8, 9]",0.0,128
invariant,256,0.232,0.06707317073170732,0.3008849557522124,0.32432432432432434,-2.062455654144287,-2.731687307357788,-1.7963457107543945,-1.6741772890090942,0.9966347217559814,wide,nan,0.7578125,0.29296875,0.29296875,0.0,none,v2_c-none_d-mixed_a-invariant_p-wide_s-04,mixed,87.83599805831909,37.829803466796875,0.03142148318819507,-0.061071623727064046,transformer,1.0,1.0,2,0.001,2.5259902614038765e-08,2.5259900837681926e-08,1.4522824572972288e-15,0.0,0.0,0.0,1.0,0.408083438873291,0.3046875,0.3060334622859955,407041.0,101.6968159670734,0.15939998547432613,0.9703861463173967,0.996,-1.2503259499250334,0.278,0.1,4,1.0,1.0,1.0,1.0,1.0,1.0,1.0,1.0,1.0,1.0,1.0,1.0,1.0,1.0,1.0,1.0,1.0,1.0,10000,10000,"[1, 2, 3, 4, 5, 6, 7, 8, 9]",0.0,128
invariant,256,0.311,0.18597560975609756,0.3834808259587021,0.36036036036036034,-1.7558565139770508,-2.2560980319976807,-1.462903618812561,-1.5613573789596558,0.9980323314666748,wide,nan,0.70703125,0.296875,0.296875,0.0,none,v2_c-none_d-mixed_a-invariant_p-wide_s-05,mixed,90.03218650817871,37.942169189453125,0.018519860979869122,-0.11683686667823755,transformer,1.0,1.0,2,0.001,3.1575709158460086e-08,3.157570560574641e-08,3.4607288653439993e-15,0.0,0.0,0.0,1.0,0.19630685448646545,0.431640625,0.42958468198776245,407041.0,100.47088980868399,0.1574784640384619,0.9457151123597634,0.993,-2.1884220508380183,0.337,0.1,5,1.0,1.0,1.0,1.0,1.0,1.0,1.0,1.0,1.0,1.0,1.0,1.0,1.0,1.0,1.0,1.0,1.0,1.0,10000,10000,"[1, 2, 3, 4, 5, 6, 7, 8, 9]",0.0,128
latent,256,1.0,1.0,1.0,1.0,0.9991826415061951,1.0,1.0,0.9975452423095703,0.9991980791091919,moderate,1.0,0.0,1.0,1.0,1.0,none,v2_c-none_d-mixed_a-latent_p-moderate_s-00,mixed,134.2775959968567,7.469283580780029,0.99999948340938,0.9999991596215734,transformer,1.0,1.0,2,0.001,3.337569796713069e-05,7.181992600635567e-08,5.5905757411604e-16,2.6261310267727822e-05,5.216334102442488e-07,6.520934402942657e-05,1.0,0.9962092638015747,0.001953125,0.004044545814394951,105217.0,51.005509463619944,0.15724401791421347,0.9999949606132006,1.0,0.9673643043368471,0.999,0.1,0,1.0,1.0,1.0,1.0,1.0,1.0,1.0,1.0,1.0,1.0,1.0,1.0,0.9999998807907104,1.0,1.0,1.0,1.0,0.9999998807907104,10000,10000,"[1, 2, 3, 4, 5, 6, 7, 8, 9]",0.0,64
latent,256,1.0,1.0,1.0,1.0,1.0,1.0,1.0,0.9999998807907104,0.9999897480010986,moderate,1.0,0.0,1.0,1.0,1.0,none,v2_c-none_d-mixed_a-latent_p-moderate_s-01,mixed,118.45927786827087,7.963457107543945,0.9999941685532447,0.99997904394584,transformer,1.0,1.0,2,0.001,0.00016961211804300547,9.713819508760935e-07,2.7037217950609538e-12,0.00015369613538496196,9.877480806608219e-07,0.00013956846669316292,1.0,0.9975699186325073,0.0,1.7291436961386353e-05,105217.0,50.40690035046962,0.15539857605701649,0.9999761930874148,1.0,0.9891200375248347,1.0,0.1,1,1.0,1.0,1.0,1.0,1.0,1.0,1.0,1.0,1.0,1.0,1.0,1.0,0.9999984502792358,1.0,1.0,1.0,1.0,0.9999988079071045,10000,10000,"[1, 2, 3, 4, 5, 6, 7, 8, 9]",0.0,64
latent,256,1.0,1.0,1.0,1.0,0.9996854662895203,1.0,1.0,0.9990555047988892,0.9997180104255676,moderate,1.0,0.0,1.0,1.0,1.0,none,v2_c-none_d-mixed_a-latent_p-moderate_s-02,mixed,110.00022768974304,8.00835132598877,0.9999995140191267,0.9999990665185068,transformer,1.0,1.0,2,0.001,1.3985410078021232e-05,1.3909343010709563e-07,4.587300684642348e-16,5.43189344170969e-06,2.4644447194077657e-07,8.167978376150131e-05,1.0,0.9966226816177368,0.0,0.0010502113727852702,105217.0,50.79785729653651,0.15660385057887724,0.9999918343943982,1.0,0.9944167134191695,1.0,0.1,2,1.0,1.0,1.0,1.0,1.0,1.0,1.0,1.0,1.0,1.0,1.0,1.0,0.9999998807907104,1.0,1.0,1.0,1.0,0.9999998807907104,10000,10000,"[1, 2, 3, 4, 5, 6, 7, 8, 9]",0.0,64
latent,256,1.0,1.0,1.0,1.0,0.9999999403953552,1.0,1.0,0.9999998211860657,0.9999940991401672,moderate,1.0,0.0,1.0,1.0,1.0,none,v2_c-none_d-mixed_a-latent_p-moderate_s-03,mixed,124.53646516799927,7.8990278244018555,0.9999995174321159,0.9999988063035286,transformer,1.0,1.0,2,0.001,2.7055688406107947e-05,8.994726385935792e-07,7.52329920366765e-14,1.5717036148998886e-05,1.3721354719109513e-07,0.00010301964357495308,1.0,0.9984983205795288,0.0,1.0326805750082713e-05,105217.0,50.661508798169166,0.15618350411149917,0.999992465779405,1.0,0.9923143997159963,1.0,0.1,3,1.0,1.0,1.0,1.0,1.0,1.0,1.0,1.0,1.0,1.0,1.0,1.0,0.9999991655349731,1.0,1.0,1.0,1.0,0.9999992251396179,10000,10000,"[1, 2, 3, 4, 5, 6, 7, 8, 9]",0.0,64
latent,256,0.997,1.0,1.0,0.990990990990991,0.9874244332313538,1.0,1.0,0.9622357487678528,0.999242901802063,moderate,1.0,0.0,1.0,1.0,1.0,none,v2_c-none_d-mixed_a-latent_p-moderate_s-04,mixed,121.29615950584412,8.178670883178711,0.9999998778896482,0.9999998044928968,transformer,1.0,1.0,2,0.001,7.620687938469928e-06,3.80773599317763e-07,1.4301033230898486e-14,2.3920813418953912e-06,8.337244139511313e-08,4.764460027217865e-05,1.0,0.9941390752792358,0.005859375,0.00725328316912055,105217.0,50.815435661262484,0.15665804262061825,0.999996886628217,1.0,0.9922522836557705,0.993,0.1,4,1.0,1.0,1.0,1.0,1.0,1.0,1.0,1.0,1.0,1.0,1.0,1.0,0.9999995231628418,1.0,1.0,1.0,1.0,0.9999996423721313,10000,10000,"[1, 2, 3, 4, 5, 6, 7, 8, 9]",0.0,64
latent,256,1.0,1.0,1.0,1.0,1.0,1.0,1.0,1.0,0.9999959468841553,moderate,1.0,0.0,1.0,1.0,1.0,none,v2_c-none_d-mixed_a-latent_p-moderate_s-05,mixed,111.56361389160156,7.5698370933532715,0.9999998963913838,0.9999998362265242,transformer,1.0,1.0,2,0.001,3.594061854528263e-05,1.5490896032588353e-07,7.936893533350663e-16,3.386085154488683e-05,4.926750563072346e-08,1.8755905330181122e-05,1.0,0.9940171837806702,0.0,1.011092808766989e-05,105217.0,49.39367929061764,0.15227493407869136,0.9999963064457624,1.0,0.9924043433672057,1.0,0.1,5,1.0,1.0,1.0,1.0,1.0,1.0,1.0,1.0,1.0,1.0,1.0,1.0,0.9999997615814209,1.0,1.0,1.0,1.0,0.9999998807907104,10000,10000,"[1, 2, 3, 4, 5, 6, 7, 8, 9]",0.0,64
latent,256,0.902,1.0,0.9410029498525073,0.7657657657657657,0.6214889287948608,1.0,0.7840057611465454,0.0832161232829094,0.9971618056297302,tight,0.9906103286384976,0.08984375,0.9140625,0.921875,1.0,none,v2_c-none_d-mixed_a-latent_p-tight_s-00,mixed,94.2645890712738,7.007716178894043,0.9999996313658432,0.999999155606233,transformer,1.0,1.0,2,0.001,2.3374532247544266e-05,2.1341115825634915e-06,3.980497504415918e-15,6.438501259253826e-06,2.732386406023579e-07,0.00014528678730130196,1.0,0.744970440864563,0.158203125,0.15297523140907288,28033.0,35.27185066171736,0.21066551945023776,0.9999892759921947,1.0,0.834154994521805,0.914,0.1,0,1.0,1.0,1.0,1.0,1.0,1.0,1.0,1.0,1.0,1.0,1.0,1.0,0.9999980330467224,1.0,1.0,1.0,1.0,0.9999980330467224,10000,10000,"[1, 2, 3, 4, 5, 6, 7, 8, 9]",0.0,32
latent,256,0.974,1.0,0.9970501474926253,0.924924924924925,0.8944360017776489,1.0,0.9751378297805786,0.7083010673522949,0.9959301948547363,tight,1.0,0.01953125,0.9765625,0.9765625,1.0,none,v2_c-none_d-mixed_a-latent_p-tight_s-01,mixed,105.8164050579071,7.034765720367432,0.9999965523074311,0.9999943369334906,transformer,1.0,1.0,2,0.001,0.00011091849592048675,1.5144908047659555e-06,4.202146714361171e-14,8.524423174094409e-05,9.97311872197315e-07,0.00023162458091974258,1.0,0.9132925271987915,0.056640625,0.06689108908176422,28033.0,38.150707868382064,0.2278598525370277,0.99995599866751,1.0,0.8529833697532406,0.949,0.1,1,1.0,1.0,1.0,1.0,1.0,1.0,1.0,1.0,1.0,1.0,1.0,1.0,0.9999983906745911,1.0,1.0,1.0,1.0,0.9999984502792358,10000,10000,"[1, 2, 3, 4, 5, 6, 7, 8, 9]",0.0,32
latent,256,0.96,1.0,1.0,0.8798798798798799,0.842715859413147,1.0,1.0,0.527675211429596,0.9996428489685059,tight,1.0,0.0322265625,0.95703125,0.95703125,1.0,none,v2_c-none_d-mixed_a-latent_p-tight_s-02,mixed,106.41997456550598,7.5198283195495605,0.9999996483541522,0.9999994746864974,transformer,1.0,1.0,2,0.001,1.8760689272312447e-05,1.320785543157399e-07,1.0130222054405201e-17,1.287259965465637e-05,8.234705717313773e-08,5.673663690686226e-05,1.0,0.9809768795967102,0.017578125,0.017118418589234352,28033.0,36.45522141325617,0.21773334859439203,0.9999911751985207,1.0,0.8816986098532649,0.964,0.1,2,1.0,1.0,1.0,1.0,1.0,1.0,1.0,1.0,1.0,1.0,1.0,1.0,0.9999998211860657,1.0,1.0,1.0,1.0,0.9999998807907104,10000,10000,"[1, 2, 3, 4, 5, 6, 7, 8, 9]",0.0,32
latent,256,0.982,1.0,1.0,0.9459459459459459,0.9449858665466309,1.0,1.0,0.8347923755645752,0.993977427482605,tight,1.0,0.0322265625,0.9921875,0.9921875,1.0,none,v2_c-none_d-mixed_a-latent_p-tight_s-03,mixed,109.81765508651733,7.3345441818237305,0.9999926814130101,0.9999893647207194,transformer,1.0,1.0,2,0.001,0.00012103382323402911,3.0602441825067217e-07,6.848335917450377e-15,0.00010369507072027773,3.216704044461949e-06,0.00013816030696034431,1.0,0.973651647567749,0.017578125,0.01846531219780445,28033.0,37.00736719688022,0.22103110802967071,0.9999414305037039,1.0,0.9331776641851257,0.989,0.1,3,1.0,1.0,1.0,1.0,1.0,1.0,1.0,1.0,1.0,1.0,1.0,1.0,0.9999996423721313,1.0,1.0,1.0,1.0,0.9999996423721313,10000,10000,"[1, 2, 3, 4, 5, 6, 7, 8, 9]",0.0,32
latent,256,0.983,1.0,1.0,0.948948948948949,0.9359237551689148,1.0,1.0,0.8075788617134094,0.9994539618492126,tight,1.0,0.0205078125,0.98828125,0.98828125,1.0,none,v2_c-none_d-mixed_a-latent_p-tight_s-04,mixed,107.50206470489502,6.900162220001221,0.9999991780787372,0.9999975154752214,transformer,1.0,1.0,2,0.001,1.6901194612728432e-05,4.108239863853669e-07,2.0571145389158385e-16,4.648969479603693e-06,5.286249233904528e-07,0.00011312775313854218,1.0,0.9795231819152832,0.013671875,0.015907244756817818,28033.0,36.515608925770124,0.2180940205311744,0.999992061857031,1.0,0.9211015208404718,0.989,0.1,4,1.0,1.0,1.0,1.0,1.0,1.0,1.0,1.0,1.0,1.0,1.0,1.0,0.9999996423721313,1.0,1.0,1.0,1.0,0.9999996423721313,10000,10000,"[1, 2, 3, 4, 5, 6, 7, 8, 9]",0.0,32
latent,256,0.992,1.0,1.0,0.975975975975976,0.9750568866729736,1.0,1.0,0.9250956773757935,0.9970258474349976,tight,1.0,0.015625,0.99609375,0.99609375,1.0,none,v2_c-none_d-mixed_a-latent_p-tight_s-05,mixed,112.7916989326477,6.744823932647705,0.99935316657733,0.9980931762734575,transformer,1.0,1.0,2,0.001,0.0002625035122036934,1.4067055417399388e-05,4.847471313240703e-09,0.00010557410132605582,6.046409907867201e-05,0.0008239340968430042,1.0,0.9887099266052246,0.0078125,0.00989515334367752,28033.0,35.30341121734395,0.2108540187980316,0.9998020799901167,1.0,0.9632903985261446,0.98,0.1,5,1.0,1.0,1.0,1.0,1.0,1.0,1.0,1.0,1.0,1.0,1.0,1.0,0.9999876618385315,1.0,1.0,1.0,1.0,0.9999869465827942,10000,10000,"[1, 2, 3, 4, 5, 6, 7, 8, 9]",0.0,32
latent,256,0.968,0.9939024390243902,0.9174041297935103,0.993993993993994,0.8720082640647888,0.9756101369857788,0.669636070728302,0.9759805798530579,0.999971330165863,wide,1.0,0.03515625,0.98046875,0.98046875,1.0,none,v2_c-none_d-mixed_a-latent_p-wide_s-00,mixed,103.35696339607239,8.408896446228027,0.9998111041315881,0.9995113134193548,transformer,1.0,1.0,2,0.001,0.00021666761313099414,2.647622068252531e-06,6.0259371277571194e-12,8.430244633927941e-05,3.517577351885848e-05,0.0009454176761209965,1.0,0.9437110424041748,0.044921875,0.04496363550424576,407041.0,74.18389725162136,0.11627612951192023,0.999921541418494,1.0,0.8795842375496618,0.966,0.1,0,1.0,1.0,1.0,1.0,1.0,1.0,1.0,1.0,1.0,1.0,1.0,1.0,0.9999971389770508,1.0,1.0,1.0,1.0,0.999997079372406,10000,10000,"[1, 2, 3, 4, 5, 6, 7, 8, 9]",0.0,128
latent,256,0.973,1.0,1.0,0.918918918918919,0.9035028219223022,1.0,1.0,0.7102187275886536,0.9970905780792236,wide,1.0,0.03125,0.984375,0.984375,1.0,none,v2_c-none_d-mixed_a-latent_p-wide_s-01,mixed,107.98804521560669,8.387822151184082,0.999997747099039,0.9999952806330304,transformer,1.0,1.0,2,0.001,7.987973731360398e-06,3.8244206734816544e-07,2.060027749919242e-15,2.4491675958415726e-06,2.755972900558845e-06,2.4003908038139343e-05,1.0,0.938421368598938,0.029296875,0.031652167439460754,407041.0,71.5672251987842,0.11217474754389126,0.9999987860301373,1.0,0.9134428230423103,0.96,0.1,1,1.0,1.0,1.0,1.0,1.0,1.0,1.0,1.0,1.0,1.0,1.0,1.0,0.9999995827674866,1.0,1.0,1.0,1.0,0.9999996423721313,10000,10000,"[1, 2, 3, 4, 5, 6, 7, 8, 9]",0.0,128
latent,256,1.0,1.0,1.0,1.0,1.0,1.0,1.0,1.0,0.9999986290931702,wide,1.0,0.0,1.0,1.0,1.0,none,v2_c-none_d-mixed_a-latent_p-wide_s-02,mixed,103.26939010620117,8.210750579833984,0.9999934693228774,0.9999866760971603,transformer,1.0,1.0,2,0.001,3.9586553612025455e-05,7.961349410834373e-07,7.668907555432453e-14,1.2459571735234931e-05,2.73625596491911e-06,0.0002359459176659584,1.0,0.9979265928268433,0.0,6.364192586261197e-07,407041.0,74.076396097171,0.11610763178369826,0.9999895269924665,1.0,0.9902425039823343,1.0,0.1,2,1.0,1.0,1.0,1.0,1.0,1.0,1.0,1.0,1.0,1.0,1.0,1.0,0.9999992251396179,1.0,1.0,1.0,1.0,0.9999992847442627,10000,10000,"[1, 2, 3, 4, 5, 6, 7, 8, 9]",0.0,128
latent,256,1.0,1.0,1.0,1.0,0.9983076453208923,1.0,1.0,0.9949176907539368,0.9990532398223877,wide,1.0,0.0,0.99609375,0.99609375,1.0,none,v2_c-none_d-mixed_a-latent_p-wide_s-03,mixed,105.13511991500854,8.243291854858398,0.9999981835978902,0.9999959692020327,transformer,1.0,1.0,2,0.001,2.941490129160229e-05,1.6537083524781337e-07,4.4021664297785174e-14,2.2287647880148143e-05,1.1250047009525588e-06,5.8368779718875885e-05,1.0,0.9975485801696777,0.0,2.966565079987049e-05,407041.0,71.19980481271196,0.1115988513995926,0.9999956466897181,1.0,0.9931767584130277,0.998,0.1,3,1.0,1.0,1.0,1.0,1.0,1.0,1.0,1.0,1.0,1.0,1.0,1.0,0.9999998211860657,1.0,1.0,1.0,1.0,0.9999998807907104,10000,10000,"[1, 2, 3, 4, 5, 6, 7, 8, 9]",0.0,128
latent,256,1.0,1.0,1.0,1.0,1.0,1.0,1.0,1.0,0.9999998807907104,wide,1.0,0.0,1.0,1.0,1.0,none,v2_c-none_d-mixed_a-latent_p-wide_s-04,mixed,111.25201654434204,8.39709186553955,0.9999999685066316,0.9999999450124459,transformer,1.0,1.0,2,0.001,3.899166586052161e-06,1.644071687678661e-07,1.8853884026784817e-15,1.756340225256281e-06,7.64762475569114e-09,1.970771700143814e-05,1.0,0.999586284160614,0.0,4.981241019663685e-08,407041.0,72.56759344738079,0.11374272863335723,0.9999985462114411,1.0,0.9871064203176811,1.0,0.1,4,1.0,1.0,1.0,1.0,1.0,1.0,1.0,1.0,1.0,1.0,1.0,1.0,0.9999997615814209,1.0,1.0,1.0,1.0,0.9999998807907104,10000,10000,"[1, 2, 3, 4, 5, 6, 7, 8, 9]",0.0,128
latent,256,1.0,1.0,1.0,1.0,1.0,1.0,1.0,1.0,0.9999963641166687,wide,1.0,0.0,1.0,1.0,1.0,none,v2_c-none_d-mixed_a-latent_p-wide_s-05,mixed,97.08359885215759,8.622982025146484,0.9999736150410095,0.9999522390067235,transformer,1.0,1.0,2,0.001,0.00010086265683639795,1.9377275748411193e-06,2.646351020263449e-12,4.146988794673234e-05,7.306488896574592e-06,0.0005014855414628983,1.0,0.9993986487388611,0.0,3.8395000956370495e-06,407041.0,72.56860515205132,0.1137443143831986,0.9999729293163464,1.0,0.997959486628367,1.0,0.1,5,1.0,1.0,1.0,1.0,1.0,1.0,1.0,1.0,1.0,1.0,1.0,1.0,0.9999977946281433,1.0,1.0,1.0,1.0,0.9999978542327881,10000,10000,"[1, 2, 3, 4, 5, 6, 7, 8, 9]",0.0,128
