abstraction,batch_size,calib_combo_accuracy,calib_combo_accuracy_far,calib_combo_accuracy_middle,calib_combo_accuracy_near,calib_combo_brier_skill,calib_combo_brier_skill_far,calib_combo_brier_skill_middle,calib_combo_brier_skill_near,calib_combo_confidence,capacity,causal_normalized,causal_random,causal_source_to_target,causal_target_to_target,causal_valid,compression,config_id,difficulty,elapsed_seconds,embedding_participation_rank,embedding_rank_axis_cosine,embedding_rank_axis_cosine_min,family,held_pair_accuracy,held_pair_accuracy_far,held_pair_accuracy_gap,held_pair_accuracy_middle,held_pair_accuracy_near,held_pair_brier_skill,held_pair_brier_skill_far,held_pair_brier_skill_gap,held_pair_brier_skill_middle,held_pair_brier_skill_near,held_pair_confidence,invariant_weight,latent_weight,layers,learning_rate,loss,loss_binary,loss_invariant,loss_latent,loss_mapping,loss_representation,mapping_weight,mastery_held_pair_accuracy,mastery_held_pair_brier_skill,mastery_held_pair_confidence,mastery_step,mastery_test_both_accuracy,mastery_test_both_brier_skill,mastery_test_both_confidence,mastery_test_combo_accuracy,mastery_test_combo_brier_skill,mastery_test_combo_confidence,paired_hidden_cosine,paired_prediction_disagreement,paired_probability_gap,parameter_count,parameter_l2,parameter_rms,probe_source_r2,probe_source_sign_accuracy,probe_target_r2,probe_target_sign_accuracy,representation_weight,seed,source_accuracy,source_accuracy_far,source_accuracy_middle,source_accuracy_near,source_all_accuracy,source_all_accuracy_far,source_all_accuracy_middle,source_all_accuracy_near,source_all_brier_skill,source_all_brier_skill_far,source_all_brier_skill_middle,source_all_brier_skill_near,source_all_confidence,source_brier_skill,source_brier_skill_far,source_brier_skill_middle,source_brier_skill_near,source_confidence,step,steps,test_both_accuracy,test_both_accuracy_far,test_both_accuracy_gap,test_both_accuracy_middle,test_both_accuracy_near,test_both_brier_skill,test_both_brier_skill_far,test_both_brier_skill_gap,test_both_brier_skill_middle,test_both_brier_skill_near,test_both_confidence,test_combo_accuracy,test_combo_accuracy_far,test_combo_accuracy_gap,test_combo_accuracy_middle,test_combo_accuracy_near,test_combo_brier_skill,test_combo_brier_skill_far,test_combo_brier_skill_gap,test_combo_brier_skill_middle,test_combo_brier_skill_near,test_combo_confidence,test_combo_minus_calib_accuracy,train_dists,weight_decay,width
concrete,256,0.285,0.25757575757575757,0.1831831831831832,0.4124629080118694,-1.84321928024292,-1.9435113668441772,-2.2544562816619873,-1.3386545181274414,0.9972928762435913,moderate,nan,0.65625,0.28515625,0.28515625,0.0,high,v2_c-high_d-easy_a-concrete_p-moderate_s-00,easy,95.16258502006531,28.556581497192383,0.01457212605342915,-0.20575998280551278,transformer,0.899,1.0,-0.10099999999999998,0.9077901430842608,0.7971830985915493,0.5974069237709045,1.0,-0.40259307622909546,0.6311396360397339,0.19271424412727356,0.9997285008430481,1.0,1.0,2,0.001,3.4928152814472924e-08,3.4928152814472924e-08,0.0,0.0,0.0,0.0,1.0,0.902,0.6199260950088501,0.9958269000053406,400,0.372,-1.4844660758972168,0.9844892621040344,0.3025,-1.7131909132003784,0.9840277433395386,0.3606645166873932,0.337890625,0.3377601206302643,105217.0,65.16786981935749,0.2009049178621598,0.9754531796314692,1.0,-2.5789754461734806,0.277,0.1,0,1.0,1.0,1.0,,0.857,1.0,0.9696969696969697,0.6041666666666666,0.432272344827652,1.0,0.8787912726402283,-0.5706213712692261,0.998678982257843,1.0,1.0,1.0,,1.0,10000,10000,0.32,0.2811550151975684,-0.6799999999999999,0.31756756756756754,0.356,-1.7193304300308228,-1.8753795623779297,-2.7193304300308228,-1.729728102684021,-1.5742160081863403,0.9999153017997742,0.254,0.1277258566978193,-0.746,0.23699421965317918,0.3933933933933934,-1.9795128107070923,-2.4837937355041504,-2.9795128107070923,-2.051861524581909,-1.4182308912277222,0.9988949298858643,-0.030999999999999972,"[5, 6, 7, 8, 9]",0.01,64
concrete,256,0.576,0.6333333333333333,0.5915915915915916,0.5044510385756676,-0.6908304691314697,-0.46688929200172424,-0.63351970911026,-0.9667503237724304,0.9987056851387024,moderate,nan,0.39453125,0.58984375,0.58984375,0.0,high,v2_c-high_d-easy_a-concrete_p-moderate_s-01,easy,80.13737034797668,29.420745849609375,0.029019974007170476,-0.18844206021170434,transformer,0.904,1.0,-0.09599999999999997,0.9459459459459459,0.7774647887323943,0.6176518201828003,1.0,-0.3823481798171997,0.7837890386581421,0.11450745165348053,0.9993548393249512,1.0,1.0,2,0.001,4.0908652465532214e-08,4.0908652465532214e-08,0.0,0.0,0.0,0.0,1.0,0.901,0.6153610944747925,0.9947603344917297,400,0.654,-0.29957133531570435,0.9758780002593994,0.54,-0.8259304761886597,0.981224000453949,0.3043386936187744,0.3515625,0.351615846157074,105217.0,65.96270057583479,0.20335528808734946,0.9748168129633676,1.0,-0.30217284695764657,0.548,0.1,1,1.0,1.0,1.0,,0.899,1.0,0.9878787878787879,0.7113095238095238,0.5960522294044495,1.0,0.9515150785446167,-0.15460647642612457,0.9998476505279541,1.0,1.0,1.0,,0.9999999403953552,10000,10000,0.6555,0.8237082066869301,-0.34450000000000003,0.5152027027027027,0.6186666666666667,-0.3792429566383362,0.29484301805496216,-1.3792429566383362,-0.944035530090332,-0.5248314738273621,0.9972547888755798,0.5105,0.48286604361370716,-0.48950000000000005,0.569364161849711,0.47597597597597596,-0.9367293119430542,-1.0000255107879639,-1.9367293119430542,-0.7244080901145935,-1.09632408618927,0.995098888874054,-0.0655,"[5, 6, 7, 8, 9]",0.01,64
concrete,256,0.31,0.20303030303030303,0.26126126126126126,0.4629080118694362,-1.760025978088379,-2.187878131866455,-1.9550341367721558,-1.1483672857284546,0.9999184608459473,moderate,nan,0.7265625,0.37109375,0.37109375,0.0,high,v2_c-high_d-easy_a-concrete_p-moderate_s-02,easy,77.54577994346619,28.594390869140625,0.06671910927258778,-0.13187090429981535,transformer,0.886,1.0,-0.11399999999999999,0.9109697933227345,0.7577464788732394,0.5455905795097351,1.0,-0.4544094204902649,0.6438795328140259,0.03546610474586487,0.9995220899581909,1.0,1.0,2,0.001,4.21024282104554e-08,4.21024282104554e-08,0.0,0.0,0.0,0.0,1.0,0.8875,0.5631946921348572,0.9928604960441589,400,0.34,-1.5808252096176147,0.9833801984786987,0.3115,-1.7112075090408325,0.9885349273681641,0.27571338415145874,0.361328125,0.36116909980773926,105217.0,65.31597565233139,0.20136151081649464,0.9730638031202127,1.0,-2.569542360999166,0.309,0.1,2,1.0,1.0,1.0,,0.878,1.0,0.9818181818181818,0.6547619047619048,0.5176563858985901,1.0,0.928555965423584,-0.3653782308101654,0.9980431795120239,1.0,1.0,1.0,,0.9999999403953552,10000,10000,0.1945,0.044072948328267476,-0.8055,0.3091216216216216,0.236,-2.2112720012664795,-2.7986462116241455,-3.2112720012664795,-1.7635020017623901,-2.0493884086608887,0.9985972046852112,0.226,0.10747663551401869,-0.774,0.12283236994219653,0.44744744744744747,-2.103386640548706,-2.596639394760132,-3.103386640548706,-2.507214069366455,-1.2083160877227783,0.9932547807693481,-0.08399999999999999,"[5, 6, 7, 8, 9]",0.01,64
concrete,256,0.516,0.4636363636363636,0.5825825825825826,0.5014836795252225,-0.8745566606521606,-0.9686393737792969,-0.6682308316230774,-0.9863049387931824,0.9902387261390686,moderate,nan,0.501953125,0.52734375,0.5546875,0.0,high,v2_c-high_d-easy_a-concrete_p-moderate_s-03,easy,103.58962273597717,29.165502548217773,0.07232275824242322,-0.10570264682187158,transformer,0.8565,1.0,-0.14349999999999996,0.8616852146263911,0.7183098591549296,0.42599865794181824,1.0,-0.5740013420581818,0.4467414319515228,-0.12676474452018738,0.9999323487281799,1.0,1.0,2,0.001,2.018970235440065e-08,2.018970235440065e-08,0.0,0.0,0.0,0.0,1.0,0.8625,0.4549035131931305,0.9964737892150879,400,0.6675,-0.2559880316257477,0.983231782913208,0.5875,-0.6434531211853027,0.9923363327980042,0.349376380443573,0.32421875,0.323996365070343,105217.0,66.01559487776838,0.20351835503145554,0.9698309879550198,1.0,-1.2644555662277113,0.535,0.1,3,1.0,1.0,1.0,,0.861,1.0,0.9787878787878788,0.6071428571428571,0.4440499544143677,1.0,0.9149947762489319,-0.5711259245872498,0.9998095631599426,1.0,1.0,1.0,,1.0,10000,10000,0.6905,0.770516717325228,-0.3095,0.6875,0.6226666666666667,-0.2378895878791809,0.0823175460100174,-1.237889587879181,-0.24998030066490173,-0.5092743635177612,0.9999741315841675,0.584,0.5685358255451713,-0.41600000000000004,0.6488439306358381,0.5315315315315315,-0.6528953909873962,-0.7258573770523071,-1.6528953909873962,-0.37130850553512573,-0.8751422166824341,0.9975672364234924,0.06799999999999995,"[5, 6, 7, 8, 9]",0.01,64
concrete,256,0.412,0.16363636363636364,0.6186186186186187,0.45103857566765576,-1.3473776578903198,-2.345445394515991,-0.5108668208122253,-1.1966239213943481,0.9986940622329712,moderate,nan,0.62109375,0.41796875,0.4140625,0.0,high,v2_c-high_d-easy_a-concrete_p-moderate_s-04,easy,62.48974609375,29.605106353759766,0.05295766046411043,-0.21071891124267272,transformer,0.906,1.0,-0.09399999999999997,0.9411764705882353,0.7873239436619718,0.6254855990409851,1.0,-0.3745144009590149,0.7647059559822083,0.15348052978515625,0.9994912147521973,1.0,1.0,2,0.001,6.572585675712617e-08,6.572585675712617e-08,0.0,0.0,0.0,0.0,1.0,0.916,0.672115683555603,0.9963216185569763,400,0.269,-1.8645219802856445,0.9878409504890442,0.3915,-1.4255485534667969,0.9850876331329346,0.11108344793319702,0.4609375,0.46078211069107056,105217.0,65.83371701863409,0.2029576468718731,0.9775853128797237,1.0,-1.488409157176382,0.41,0.1,4,1.0,1.0,1.0,,0.909,1.0,0.9696969696969697,0.7589285714285714,0.6458686590194702,1.0,0.8784654140472412,0.06540204584598541,0.9981650710105896,1.0,1.0,1.0,,0.9999999403953552,10000,10000,0.267,0.3100303951367781,-0.733,0.10304054054054054,0.3586666666666667,-1.9279813766479492,-1.7940747737884521,-2.927981376647949,-2.5361673831939697,-1.5654003620147705,0.991769015789032,0.364,0.2102803738317757,-0.636,0.4479768786127168,0.42492492492492495,-1.5286979675292969,-2.136923313140869,-2.528697967529297,-1.205204725265503,-1.2785125970840454,0.9957493543624878,-0.04799999999999999,"[5, 6, 7, 8, 9]",0.01,64
concrete,256,0.275,0.12424242424242424,0.30930930930930933,0.3887240356083086,-1.8799128532409668,-2.503000259399414,-1.711047649383545,-1.4366281032562256,0.9968084096908569,moderate,nan,0.7421875,0.2421875,0.2421875,0.0,high,v2_c-high_d-easy_a-concrete_p-moderate_s-05,easy,73.3662645816803,28.97874641418457,0.019648641260560207,-0.19291307832261845,transformer,0.8835,1.0,-0.11650000000000005,0.8712241653418124,0.7859154929577464,0.535362184047699,1.0,-0.464637815952301,0.4852210581302643,0.14721161127090454,0.9997932314872742,1.0,1.0,2,0.001,4.364811445611849e-08,4.364811445611849e-08,0.0,0.0,0.0,0.0,1.0,0.8755,0.5224983096122742,0.9949880838394165,400,0.512,-0.8783904314041138,0.9714248776435852,0.3565,-1.490085244178772,0.9712430238723755,0.24387703835964203,0.380859375,0.38493630290031433,105217.0,64.39391781782253,0.1985189143955949,0.9754545030806019,1.0,-1.874016613851531,0.283,0.1,5,1.0,1.0,1.0,,0.88,1.0,0.9787878787878788,0.6636904761904762,0.5206766128540039,1.0,0.9151519536972046,-0.3432246446609497,0.999885082244873,1.0,1.0,1.0,,0.9999999403953552,10000,10000,0.471,0.48936170212765956,-0.529,0.5337837837837838,0.4053333333333333,-1.1121512651443481,-1.0425543785095215,-2.112151265144348,-0.8648650646209717,-1.3684020042419434,0.99485844373703,0.279,0.1526479750778816,-0.721,0.1791907514450867,0.5045045045045045,-1.8712416887283325,-2.3894336223602295,-2.8712416887283325,-2.265084743499756,-0.9625046253204346,0.9952481985092163,0.0040000000000000036,"[5, 6, 7, 8, 9]",0.01,64
concrete,256,0.176,0.06363636363636363,0.057057057057057055,0.4035608308605341,-2.296600580215454,-2.74737548828125,-2.7717690467834473,-1.385660171508789,0.9993056654930115,tight,nan,0.84375,0.16796875,0.16796875,0.0,high,v2_c-high_d-easy_a-concrete_p-tight_s-00,easy,52.713008880615234,19.953828811645508,0.0010980737935120397,-0.5111063711267405,transformer,0.8485,0.9773071104387292,-0.15149999999999997,0.8855325914149443,0.6957746478873239,0.3943793475627899,0.9100024104118347,-0.6056206524372101,0.5403697490692139,-0.21499362587928772,0.999501645565033,1.0,1.0,2,0.001,1.6418555048858252e-07,1.6418555048858252e-07,0.0,0.0,0.0,0.0,1.0,0.818,0.3187115788459778,0.9838516712188721,400,0.173,-2.2718753814697266,0.9943727254867554,0.1835,-2.213765859603882,0.9884310364723206,0.782219409942627,0.115234375,0.11253634840250015,28033.0,47.19189549887681,0.2818594712951239,0.9587478179110765,1.0,-3.621253076293561,0.176,0.1,0,1.0,1.0,1.0,,0.876,1.0,0.9575757575757575,0.6726190476190477,0.5069191455841064,1.0,0.8303170800209045,-0.3008497655391693,0.9995691180229187,1.0,1.0,1.0,,0.9999998807907104,10000,10000,0.2125,0.1413373860182371,-0.7875,0.14189189189189189,0.33066666666666666,-2.1499979496002197,-2.434648275375366,-3.1499979496002197,-2.4324302673339844,-1.6773316860198975,0.9999997019767761,0.213,0.11214953271028037,-0.787,0.11416184971098266,0.41291291291291293,-2.1484012603759766,-2.5513994693756104,-3.1484012603759766,-2.544522523880005,-1.3483408689498901,0.9994368553161621,0.037000000000000005,"[5, 6, 7, 8, 9]",0.01,32
concrete,256,0.293,0.15151515151515152,0.2852852852852853,0.4391691394658754,-1.8267682790756226,-2.393937349319458,-1.8551772832870483,-1.243308186531067,0.9998316764831543,tight,nan,0.6669921875,0.23828125,0.23828125,0.0,high,v2_c-high_d-easy_a-concrete_p-tight_s-01,easy,59.868510246276855,20.085895538330078,0.03794132104208884,-0.24065512702660105,transformer,0.8825,1.0,-0.11750000000000005,0.904610492845787,0.7535211267605634,0.530951976776123,1.0,-0.46904802322387695,0.6210896968841553,0.014420423656702042,0.9998713731765747,1.0,1.0,2,0.001,1.7425958276362508e-07,1.7425958276362508e-07,0.0,0.0,0.0,0.0,1.0,0.8715,0.5275435447692871,0.9850407242774963,400,0.395,-1.3765400648117065,0.9849583506584167,0.257,-1.8726273775100708,0.9785221219062805,0.5746954083442688,0.22265625,0.2232062816619873,28033.0,47.90264633711978,0.28610451916556806,0.9656310068429468,1.0,-2.5097201776970977,0.291,0.1,1,1.0,1.0,1.0,,0.881,1.0,0.9848484848484849,0.6607142857142857,0.5249686241149902,1.0,0.9394237995147705,-0.3542894124984741,0.9998533725738525,1.0,1.0,1.0,,0.9999997615814209,10000,10000,0.3375,0.24316109422492402,-0.6625,0.2922297297297297,0.456,-1.6479465961456299,-2.0287318229675293,-2.64794659614563,-1.8310798406600952,-1.169318437576294,0.9983415007591248,0.242,0.19003115264797507,-0.758,0.22254335260115607,0.3123123123123123,-2.0329976081848145,-2.239858388900757,-3.0329976081848145,-2.111452579498291,-1.7520734071731567,0.9984701871871948,-0.05099999999999999,"[5, 6, 7, 8, 9]",0.01,32
concrete,256,0.613,0.6515151515151515,0.6606606606606606,0.5281899109792285,-0.5391514897346497,-0.3942175805568695,-0.346143513917923,-0.8717919588088989,0.9981666803359985,tight,nan,0.33984375,0.55078125,0.55078125,0.0,high,v2_c-high_d-easy_a-concrete_p-tight_s-02,easy,88.8751232624054,19.733842849731445,0.10228616687039574,-0.2873496586949392,transformer,0.884,1.0,-0.11599999999999999,0.8775834658187599,0.7816901408450704,0.5373282432556152,1.0,-0.46267175674438477,0.5119618773460388,0.12905986607074738,0.999612033367157,1.0,1.0,2,0.001,1.3612884686153848e-07,1.3612884686153848e-07,0.0,0.0,0.0,0.0,1.0,0.8755,0.5259068608283997,0.9939666986465454,700,0.6205,-0.4950106143951416,0.992689847946167,0.6825,-0.2365327924489975,0.9908008575439453,0.5689845681190491,0.21875,0.21949253976345062,28033.0,46.90756556624177,0.2801612753731611,0.957408779295768,1.0,0.10394964682097341,0.658,0.1,2,1.0,1.0,1.0,,0.862,1.0,0.9666666666666667,0.6220238095238095,0.44948726892471313,1.0,0.866666853427887,-0.5074785351753235,0.999602198600769,1.0,1.0,1.0,,0.9999998807907104,10000,10000,0.5955,0.6458966565349544,-0.40449999999999997,0.46114864864864863,0.6573333333333333,-0.6179137229919434,-0.4164066016674042,-1.6179137229919434,-1.155403971672058,-0.3704436123371124,0.9999861121177673,0.686,0.8535825545171339,-0.31399999999999995,0.6893063583815029,0.521021021021021,-0.25583478808403015,0.414333701133728,-1.2558347880840302,-0.2427736222743988,-0.9154241681098938,0.9999773502349854,0.07300000000000006,"[5, 6, 7, 8, 9]",0.01,32
concrete,256,0.333,0.23636363636363636,0.2672672672672673,0.49258160237388726,-1.6666972637176514,-2.054544687271118,-1.9316047430038452,-1.0251429080963135,0.9959311485290527,tight,nan,0.7099609375,0.37109375,0.37109375,0.0,high,v2_c-high_d-easy_a-concrete_p-tight_s-03,easy,72.19128513336182,19.52915382385254,0.06528498381517196,-0.24316524366139614,transformer,0.856,0.9878971255673222,-0.14400000000000002,0.8505564387917329,0.7380281690140845,0.4240490198135376,0.9515533447265625,-0.5759509801864624,0.40238872170448303,-0.047860920429229736,0.9999240636825562,1.0,1.0,2,0.001,4.377415052658762e-08,4.377415052658762e-08,0.0,0.0,0.0,0.0,1.0,0.8545,0.43630003929138184,0.9930224418640137,700,0.214,-2.1270179748535156,0.993719220161438,0.164,-2.323164463043213,0.9958856105804443,0.11891329288482666,0.447265625,0.4454207420349121,28033.0,47.522441166631666,0.2838336964489852,0.9577249280705992,1.0,-1.929905801088322,0.344,0.1,3,1.0,1.0,1.0,,0.854,1.0,0.9666666666666667,0.5982142857142857,0.41927415132522583,1.0,0.8667060732841492,-0.5974370837211609,0.999064028263092,1.0,1.0,1.0,,0.9999999403953552,10000,10000,0.235,0.1838905775075988,-0.765,0.26182432432432434,0.25866666666666666,-2.056340217590332,-2.264436960220337,-3.056340217590332,-1.9629343748092651,-1.947498083114624,0.9961851835250854,0.1655,0.037383177570093455,-0.8345,0.10404624277456648,0.35285285285285284,-2.338799238204956,-2.849376916885376,-3.338799238204956,-2.583362102508545,-1.5925105810165405,0.9991783499717712,-0.1675,"[5, 6, 7, 8, 9]",0.01,32
concrete,256,0.38,0.21818181818181817,0.38738738738738737,0.5311572700296736,-1.4805402755737305,-2.126235008239746,-1.4525457620620728,-0.8759200572967529,0.9989373087882996,tight,nan,0.6572265625,0.41796875,0.41796875,0.0,high,v2_c-high_d-easy_a-concrete_p-tight_s-04,easy,76.68456649780273,19.261991500854492,0.066243290824551,-0.2605440295310598,transformer,0.875,1.0,-0.125,0.9379968203497615,0.7028169014084507,0.5135688185691833,1.0,-0.48643118143081665,0.7500114440917969,-0.14875991642475128,0.9970442652702332,1.0,1.0,2,0.001,8.137097040616936e-08,8.137097040616936e-08,0.0,0.0,0.0,0.0,1.0,0.871,0.5077466368675232,0.9875109791755676,400,0.4035,-1.3334171772003174,0.9877461194992065,0.264,-1.8481160402297974,0.9841576218605042,0.42681869864463806,0.3671875,0.36415785551071167,28033.0,46.435373827144765,0.2773410514231615,0.9637218906115081,1.0,-2.028893950245605,0.4,0.1,4,1.0,1.0,1.0,,0.903,1.0,0.9818181818181818,0.7291666666666666,0.6146544218063354,1.0,0.9260902404785156,-0.07427196204662323,0.997901976108551,1.0,1.0,1.0,,0.9999998807907104,10000,10000,0.3575,0.2993920972644377,-0.6425000000000001,0.3885135135135135,0.384,-1.5168874263763428,-1.802429437637329,-2.5168874263763428,-1.2665958404541016,-1.4639354944229126,0.9916209578514099,0.277,0.16199376947040497,-0.723,0.31213872832369943,0.35135135135135137,-1.8927682638168335,-2.352022647857666,-2.8927682638168335,-1.7605032920837402,-1.5874921083450317,0.9974453449249268,-0.10299999999999998,"[5, 6, 7, 8, 9]",0.01,32
concrete,256,0.249,0.18181818181818182,0.2072072072072072,0.3560830860534125,-1.9920330047607422,-2.2723350524902344,-2.1719977855682373,-1.5397241115570068,0.9971184134483337,tight,nan,0.697265625,0.2421875,0.2421875,0.0,high,v2_c-high_d-easy_a-concrete_p-tight_s-05,easy,59.93505620956421,19.644075393676758,0.025579846961807078,-0.4332858373303708,transformer,0.871,1.0,-0.129,0.890302066772655,0.7338028169014085,0.4837054908275604,0.9999970197677612,-0.5162945091724396,0.5612590312957764,-0.06566046923398972,0.9995192885398865,1.0,1.0,2,0.001,6.984608091897826e-08,6.984608091897826e-08,0.0,0.0,0.0,0.0,1.0,0.85,0.48714178800582886,0.9594724178314209,400,0.3465,-1.4278851747512817,0.9505265355110168,0.278,-1.7470133304595947,0.9635577201843262,0.39668816328048706,0.318359375,0.3141257166862488,28033.0,45.10532861344238,0.2693971907926495,0.9584662361485541,1.0,-2.0184248799158278,0.269,0.1,5,1.0,1.0,1.0,,0.872,1.0,0.9787878787878788,0.6398809523809523,0.4896922707557678,1.0,0.9151515364646912,-0.43543970584869385,0.9997442364692688,1.0,1.0,1.0,,0.9999999403953552,10000,10000,0.327,0.2066869300911854,-0.673,0.41047297297297297,0.36666666666666664,-1.6724711656570435,-2.173251152038574,-2.6724711656570435,-1.3581064939498901,-1.481258749961853,0.9948237538337708,0.206,0.06386292834890965,-0.794,0.1791907514450867,0.3708708708708709,-2.1616077423095703,-2.744335412979126,-3.1616077423095703,-2.2503631114959717,-1.5076581239700317,0.9975780248641968,-0.04300000000000001,"[5, 6, 7, 8, 9]",0.01,32
concrete,256,0.472,0.5121212121212121,0.42342342342342343,0.4807121661721068,-1.0922949314117432,-0.9513680934906006,-1.293412685394287,-1.0315639972686768,0.9954993724822998,wide,nan,0.55859375,0.4921875,0.5,0.0,high,v2_c-high_d-easy_a-concrete_p-wide_s-00,easy,90.55301022529602,37.561241149902344,0.03400231166615213,-0.2138204626906225,transformer,0.894,1.0,-0.10599999999999998,0.9379968203497615,0.7563380281690141,0.5796409249305725,1.0,-0.4203590750694275,0.7519869208335876,0.035608477890491486,0.999120831489563,1.0,1.0,2,0.001,2.969297874244603e-08,2.969297874244603e-08,0.0,0.0,0.0,0.0,1.0,0.892,0.5761759281158447,0.9940668940544128,400,0.572,-0.6316298842430115,0.9778082966804504,0.5365,-0.7779220938682556,0.9638993144035339,0.045714057981967926,0.513671875,0.5145054459571838,407041.0,93.01165820086139,0.14578683536130133,0.9888913114349173,1.0,-0.6603605059397724,0.471,0.1,0,1.0,1.0,1.0,,0.886,1.0,0.9878787878787879,0.6726190476190477,0.5456666350364685,1.0,0.9586345553398132,-0.3115559220314026,0.9990960955619812,1.0,1.0,1.0,,1.0,10000,10000,0.5555,0.46200607902735563,-0.4445,0.5709459459459459,0.6253333333333333,-0.7562267184257507,-1.1558724641799927,-1.7562267184257507,-0.6426873207092285,-0.4952245354652405,0.9945030808448792,0.494,0.4392523364485981,-0.506,0.569364161849711,0.46846846846846846,-1.0093413591384888,-1.2463005781173706,-2.0093413591384888,-0.6842246651649475,-1.118730068206787,0.9915024638175964,0.02200000000000002,"[5, 6, 7, 8, 9]",0.01,128
concrete,256,0.216,0.06060606060606061,0.1981981981981982,0.3857566765578635,-2.1346421241760254,-2.757575273513794,-2.2070980072021484,-1.4530528783798218,0.9996020793914795,wide,nan,0.796875,0.1875,0.1875,0.0,high,v2_c-high_d-easy_a-concrete_p-wide_s-01,easy,86.3278636932373,37.138729095458984,0.02007135870341546,-0.1312145980005664,transformer,0.8475,0.9924357034795764,-0.15249999999999997,0.8251192368839427,0.7323943661971831,0.39001885056495667,0.9697536826133728,-0.6099811494350433,0.299787312746048,-0.06976866722106934,0.9997274279594421,1.0,1.0,2,0.001,2.8688999620385403e-08,2.8688999620385403e-08,0.0,0.0,0.0,0.0,1.0,0.848,0.39923179149627686,0.997616708278656,400,0.3475,-1.589676856994629,0.9892343878746033,0.235,-2.0175061225891113,0.9892144203186035,0.6007386445999146,0.205078125,0.20524045825004578,407041.0,93.27667280766919,0.14620222028829183,0.9868361383463814,1.0,-2.3059875123834432,0.239,0.1,1,1.0,1.0,1.0,,0.888,1.0,0.9787878787878788,0.6875,0.5542342066764832,1.0,0.9151868224143982,-0.24338534474372864,0.9987179040908813,1.0,1.0,1.0,,1.0,10000,10000,0.324,0.20972644376899696,-0.6759999999999999,0.38682432432432434,0.37466666666666665,-1.6687973737716675,-2.1610829830169678,-2.6687973737716675,-1.4445949792861938,-1.41386878490448,0.9943392872810364,0.23,0.06697819314641744,-0.77,0.22976878612716764,0.38738738738738737,-2.079087972640991,-2.7320868968963623,-3.079087972640991,-2.0830893516540527,-1.4454632997512817,0.9984140396118164,0.014000000000000012,"[5, 6, 7, 8, 9]",0.01,128
concrete,256,0.474,0.5060606060606061,0.4144144144144144,0.5014836795252225,-1.1013561487197876,-0.9711586833000183,-1.3402700424194336,-0.9927713871002197,0.9992712736129761,wide,nan,0.5869140625,0.52734375,0.5859375,0.0,high,v2_c-high_d-easy_a-concrete_p-wide_s-02,easy,64.88090348243713,37.25006866455078,0.05321890849825908,-0.1542128456621531,transformer,0.8665,0.9636913767019667,-0.13349999999999995,0.890302066772655,0.7549295774647887,0.46613451838493347,0.8547655344009399,-0.5338654816150665,0.5612082481384277,0.020097147673368454,0.9998276233673096,1.0,1.0,2,0.001,2.0907956255200588e-08,2.0907956255200588e-08,0.0,0.0,0.0,0.0,1.0,0.859,0.446232408285141,0.9965278506278992,400,0.5235,-0.7935220003128052,0.960847020149231,0.5185,-0.9025961756706238,0.9872280359268188,0.4912927746772766,0.28125,0.2808498442173004,407041.0,92.35316481874169,0.1447547102692158,0.9869042196137762,1.0,-0.37100788847697874,0.589,0.1,2,1.0,1.0,1.0,,0.885,1.0,0.990909090909091,0.6666666666666666,0.5396666526794434,1.0,0.9636363387107849,-0.3343254327774048,0.9983854293823242,1.0,1.0,1.0,,1.0,10000,10000,0.543,0.5075987841945289,-0.45699999999999996,0.643581081081081,0.49466666666666664,-0.8147387504577637,-0.9696105122566223,-1.8147387504577637,-0.42451122403144836,-0.9868841171264648,0.9928563237190247,0.5075,0.42834890965732086,-0.49250000000000005,0.5476878612716763,0.5420420420420421,-0.9593127965927124,-1.2817116975784302,-1.9593127965927124,-0.7870181798934937,-0.8275527954101562,0.9952802658081055,0.033499999999999974,"[5, 6, 7, 8, 9]",0.01,128
concrete,256,0.823,1.0,0.8918918918918919,0.5816023738872403,0.2954619228839874,1.0,0.5786922574043274,-0.6743104457855225,0.9984820485115051,wide,1.0,0.1640625,0.7890625,0.7890625,1.0,high,v2_c-high_d-easy_a-concrete_p-wide_s-03,easy,75.15777683258057,37.58377456665039,0.031620322607850554,-0.136017135315131,transformer,0.8855,1.0,-0.11450000000000005,0.8887122416534181,0.776056338028169,0.5439004898071289,1.0,-0.4560995101928711,0.5608900785446167,0.10422705858945847,0.9997275471687317,1.0,1.0,2,0.001,1.94954239418621e-08,1.94954239418621e-08,0.0,0.0,0.0,0.0,1.0,0.879,0.5223305225372314,0.9986369609832764,400,0.77,0.1050540953874588,0.9921148419380188,0.804,0.26054584980010986,0.984861433506012,0.8551360368728638,0.072265625,0.07126381993293762,407041.0,92.80444413275532,0.14546204722381553,0.9866642455960437,1.0,0.5186793102342021,0.817,0.1,3,1.0,1.0,1.0,,0.849,1.0,0.9606060606060606,0.5892857142857143,0.3960002064704895,1.0,0.842424213886261,-0.6428564190864563,1.0,1.0,1.0,1.0,,1.0,10000,10000,0.7455,0.8571428571428571,-0.25449999999999995,0.8445945945945946,0.5693333333333334,-0.025762954726815224,0.4125352203845978,-1.0257629547268152,0.37837713956832886,-0.7292978763580322,0.99033123254776,0.749,0.8442367601246106,-0.251,0.819364161849711,0.5840840840840841,0.005391975399106741,0.4002971351146698,-0.9946080246008933,0.2796730101108551,-0.6602711081504822,0.9979059100151062,-0.07399999999999995,"[5, 6, 7, 8, 9]",0.01,128
concrete,256,0.383,0.2696969696969697,0.4024024024024024,0.47477744807121663,-1.4578571319580078,-1.8998905420303345,-1.3886723518371582,-1.0933691263198853,0.9983328580856323,wide,nan,0.5830078125,0.375,0.375,0.0,high,v2_c-high_d-easy_a-concrete_p-wide_s-04,easy,91.60755276679993,37.83218765258789,0.01424398677459724,-0.07433972196096343,transformer,0.883,1.0,-0.11699999999999999,0.9109697933227345,0.7492957746478873,0.5320180058479309,1.0,-0.4679819941520691,0.6475937962532043,-0.006056987214833498,0.9987893104553223,1.0,1.0,2,0.001,1.9686003938090835e-08,1.9686003938090835e-08,0.0,0.0,0.0,0.0,1.0,0.887,0.6047582626342773,0.9685572385787964,200,0.2195,-1.5298256874084473,0.8538599014282227,0.1875,-1.8060070276260376,0.8958598375320435,0.05141402781009674,0.5,0.49938851594924927,407041.0,92.54386225332829,0.14505361017098792,0.9872440368123723,1.0,-3.006658333484247,0.283,0.1,4,1.0,1.0,1.0,,0.878,1.0,0.9878787878787879,0.6488095238095238,0.5121269822120667,1.0,0.9515153169631958,-0.40438416600227356,0.9994871616363525,1.0,1.0,1.0,,1.0,10000,10000,0.243,0.12613981762917933,-0.757,0.33952702702702703,0.2693333333333333,-2.026432752609253,-2.495426893234253,-3.026432752609253,-1.6418912410736084,-1.9185001850128174,0.9997433423995972,0.179,0.02336448598130841,-0.821,0.15606936416184972,0.35285285285285284,-2.2629950046539307,-2.86814284324646,-3.2629950046539307,-2.371901750564575,-1.566495656967163,0.9965255260467529,-0.20400000000000001,"[5, 6, 7, 8, 9]",0.01,128
concrete,256,0.849,0.9818181818181818,0.9519519519519519,0.6172106824925816,0.4136921167373657,0.9795698523521423,0.8078219294548035,-0.5298833847045898,0.9969526529312134,wide,1.0,0.1953125,0.84765625,0.84765625,1.0,high,v2_c-high_d-easy_a-concrete_p-wide_s-05,easy,67.25019526481628,37.882232666015625,0.0063010110488968445,-0.12733295067544684,transformer,0.8725,1.0,-0.12749999999999995,0.8569157392686805,0.7676056338028169,0.4900001883506775,1.0,-0.5099998116493225,0.4276629686355591,0.07042305916547775,1.0,1.0,1.0,2,0.001,1.9756496882905594e-08,1.9756496882905594e-08,0.0,0.0,0.0,0.0,1.0,0.8695,0.4810542166233063,0.999180257320404,400,0.864,0.4562967121601105,0.9984943866729736,0.856,0.424680233001709,0.9992780685424805,0.9167718291282654,0.052734375,0.04203728586435318,407041.0,91.45514609775904,0.14334715222800187,0.9829936599483018,1.0,-0.15741094767444563,0.704,0.1,5,1.0,1.0,1.0,,0.861,1.0,0.9787878787878788,0.6071428571428571,0.44653016328811646,1.0,0.9151515364646912,-0.5638983249664307,0.999606192111969,1.0,1.0,1.0,,1.0,10000,10000,0.818,0.9544072948328267,-0.18200000000000005,0.7787162162162162,0.7293333333333333,0.28467893600463867,0.8002362847328186,-0.7153210639953613,0.17703023552894592,-0.0826660618185997,0.9912689328193665,0.8355,0.9828660436137072,-0.16449999999999998,0.9190751445086706,0.6066066066066066,0.3408251106739044,0.9314637780189514,-0.6591748893260956,0.674096941947937,-0.5748117566108704,0.9985218644142151,-0.013499999999999956,"[5, 6, 7, 8, 9]",0.01,128
invariant,256,0.308,0.22424242424242424,0.30930930930930933,0.3887240356083086,-1.7591923475265503,-2.1030397415161133,-1.7519841194152832,-1.429609775543213,0.9975745677947998,moderate,nan,0.6630859375,0.29296875,0.29296875,0.0,high,v2_c-high_d-easy_a-invariant_p-moderate_s-00,easy,80.61384892463684,28.551944732666016,0.013032920589704651,-0.19948110919688244,transformer,0.8905,1.0,-0.10950000000000004,0.890302066772655,0.7887323943661971,0.5646041035652161,1.0,-0.43539589643478394,0.5576000213623047,0.16546177864074707,0.9985877871513367,1.0,1.0,2,0.001,4.777703210834261e-08,4.777703210834261e-08,2.615362984809014e-16,0.0,0.0,0.0,1.0,0.8965,0.5949898362159729,0.9948863387107849,400,0.2095,-1.9985419511795044,0.9692512154579163,0.207,-2.0937867164611816,0.9826076030731201,0.15931066870689392,0.458984375,0.4593953490257263,105217.0,65.21033310833981,0.20103582721378963,0.9752561833477263,1.0,-1.809965539338064,0.363,0.1,0,1.0,1.0,1.0,,0.849,1.0,0.9575757575757575,0.5922619047619048,0.3981797993183136,1.0,0.8325134515762329,-0.6266359090805054,0.9992852807044983,1.0,1.0,1.0,,0.9999999403953552,10000,10000,0.195,0.09574468085106383,-0.8049999999999999,0.11655405405405406,0.344,-2.199795961380005,-2.6170196533203125,-3.199795961380005,-2.4685559272766113,-1.621610164642334,0.9960432052612305,0.1745,0.0778816199376947,-0.8255,0.06647398843930635,0.37987987987987987,-2.3017578125,-2.7052829265594482,-3.3017578125,-2.73215913772583,-1.4655699729919434,0.9934561252593994,-0.1335,"[5, 6, 7, 8, 9]",0.01,64
invariant,256,0.34,0.22424242424242424,0.40540540540540543,0.3887240356083086,-1.6400094032287598,-2.10302996635437,-1.3783671855926514,-1.4451431035995483,0.9999006986618042,moderate,nan,0.69921875,0.33984375,0.33984375,0.0,high,v2_c-high_d-easy_a-invariant_p-moderate_s-01,easy,82.4337854385376,29.40066909790039,0.03019231270872842,-0.19252112522303025,transformer,0.8735,1.0,-0.12649999999999995,0.9141494435612083,0.719718309859155,0.49815303087234497,1.0,-0.501846969127655,0.6605492234230042,-0.11292878538370132,0.999395489692688,1.0,1.0,2,0.001,3.492268163540757e-08,3.492267808269389e-08,3.901205479674022e-15,0.0,0.0,0.0,1.0,0.8775,0.5256803035736084,0.9926428198814392,400,0.5105,-0.9538996815681458,0.9764381051063538,0.2645,-1.873993158340454,0.9824232459068298,0.09427950531244278,0.478515625,0.4783441424369812,105217.0,66.07815325546596,0.2037112151904229,0.9722759728551481,1.0,-2.1052344097278337,0.341,0.1,1,1.0,1.0,1.0,,0.913,1.0,0.990909090909091,0.75,0.6513606309890747,1.0,0.9637174010276794,-0.0019823198672384024,0.999386727809906,1.0,1.0,1.0,,1.0,10000,10000,0.5205,0.5303951367781155,-0.47950000000000004,0.5371621621621622,0.49866666666666665,-0.9252349138259888,-0.8790664672851562,-1.9252349138259888,-0.8628122210502625,-1.0150123834609985,0.9939472675323486,0.2665,0.11370716510903427,-0.7335,0.28901734104046245,0.39039039039039036,-1.9281457662582397,-2.5450804233551025,-2.9281457662582397,-1.8360188007354736,-1.4291664361953735,0.9987339973449707,-0.07350000000000001,"[5, 6, 7, 8, 9]",0.01,64
invariant,256,0.254,0.23030303030303031,0.15915915915915915,0.37091988130563797,-1.9842721223831177,-2.078787326812744,-2.3641815185546875,-1.5163195133209229,0.9995718002319336,moderate,nan,0.78125,0.30859375,0.30859375,0.0,high,v2_c-high_d-easy_a-invariant_p-moderate_s-02,easy,88.98698425292969,28.620357513427734,0.06405533956327811,-0.1278465749229618,transformer,0.8575,1.0,-0.14249999999999996,0.9411764705882353,0.6507042253521127,0.43000173568725586,1.0,-0.5699982643127441,0.764706015586853,-0.39717841148376465,0.9999426007270813,1.0,1.0,2,0.001,4.0977010229426014e-08,4.0977010229426014e-08,1.9458185124624617e-16,0.0,0.0,0.0,1.0,0.859,0.4427836239337921,0.9974634051322937,400,0.2045,-2.04868745803833,0.9796465635299683,0.2115,-2.1207275390625,0.9913182854652405,0.1408976912498474,0.4453125,0.4426632225513458,105217.0,65.34261298092491,0.20144363058391968,0.9694682374641084,1.0,-2.5471236844187066,0.25,0.1,2,1.0,1.0,1.0,,0.905,1.0,0.9848484848484849,0.7321428571428571,0.6220450401306152,1.0,0.939393937587738,-0.06534220278263092,0.999715268611908,1.0,1.0,1.0,,0.9999999403953552,10000,10000,0.2425,0.13221884498480244,-0.7575000000000001,0.33614864864864863,0.2653333333333333,-2.0319814682006836,-2.4711241722106934,-3.0319814682006836,-1.661730170249939,-1.9389582872390747,0.9975143074989319,0.2055,0.11526479750778816,-0.7945,0.03757225433526012,0.466966966966967,-2.1775083541870117,-2.5404436588287354,-3.1775083541870117,-2.850273609161377,-1.12862229347229,0.9982446432113647,-0.048500000000000015,"[5, 6, 7, 8, 9]",0.01,64
invariant,256,0.558,0.5424242424242425,0.5705705705705706,0.5608308605341247,-0.7682077884674072,-0.8303019404411316,-0.7182953357696533,-0.7567234039306641,0.9992335438728333,moderate,nan,0.4345703125,0.62109375,0.61328125,0.0,high,v2_c-high_d-easy_a-invariant_p-moderate_s-03,easy,80.95248675346375,29.16196632385254,0.08059049690753753,-0.09888541435102528,transformer,0.8775,1.0,-0.12250000000000005,0.931637519872814,0.7154929577464789,0.5118035674095154,1.0,-0.4881964325904846,0.726554811000824,-0.13295194506645203,0.999653697013855,1.0,1.0,2,0.001,2.392754261393293e-08,2.392754261393293e-08,1.2070508018971438e-16,0.0,0.0,0.0,1.0,0.881,0.532350480556488,0.9948821067810059,400,0.577,-0.6367555856704712,0.9904826283454895,0.527,-0.8599439859390259,0.9890171885490417,0.4739723801612854,0.267578125,0.2693149447441101,105217.0,66.04212545165015,0.20360014568659476,0.9706842558114278,1.0,-1.3352019866491052,0.566,0.1,3,1.0,1.0,1.0,,0.878,1.0,0.9666666666666667,0.6696428571428571,0.5193976759910583,1.0,0.8711062073707581,-0.30377188324928284,0.9988779425621033,1.0,1.0,1.0,,1.0,10000,10000,0.552,0.5957446808510638,-0.44799999999999995,0.6097972972972973,0.468,-0.7906692028045654,-0.6135255694389343,-1.7906692028045654,-0.560836672782898,-1.127497673034668,0.9996596574783325,0.527,0.5015576323987538,-0.473,0.615606936416185,0.4594594594594595,-0.8914863467216492,-0.9937651753425598,-1.8914863467216492,-0.5375620126724243,-1.1606343984603882,0.9992274045944214,-0.031000000000000028,"[5, 6, 7, 8, 9]",0.01,64
invariant,256,0.313,0.14242424242424243,0.45345345345345345,0.34124629080118696,-1.7344720363616943,-2.430299758911133,-1.1578752994537354,-1.6228501796722412,0.9968747496604919,moderate,nan,0.734375,0.3203125,0.3203125,0.0,high,v2_c-high_d-easy_a-invariant_p-moderate_s-04,easy,64.70792984962463,29.58748435974121,0.057358226396048595,-0.2087233464935653,transformer,0.9075,1.0,-0.09250000000000003,0.9634340222575517,0.7718309859154929,0.6299925446510315,1.0,-0.3700074553489685,0.8537236452102661,0.08731382340192795,0.9999243021011353,1.0,1.0,2,0.001,4.2864225946459555e-08,4.2864225946459555e-08,7.783761093794518e-16,0.0,0.0,0.0,1.0,0.9015,0.615464448928833,0.9969831705093384,400,0.243,-1.9207545518875122,0.9786750674247742,0.313,-1.7058686017990112,0.9876379370689392,0.0637635588645935,0.4765625,0.4766293168067932,105217.0,65.83712897790708,0.20296816554310465,0.9707792794756371,1.0,-1.9655766639781524,0.3,0.1,4,1.0,1.0,1.0,,0.906,1.0,0.9636363636363636,0.7559523809523809,0.6260790228843689,1.0,0.8545469045639038,0.02999575436115265,0.9995416402816772,1.0,1.0,1.0,,0.9999999403953552,10000,10000,0.2355,0.135258358662614,-0.7645,0.14695945945945946,0.3933333333333333,-2.063585042953491,-2.4582126140594482,-3.063585042953491,-2.412158250808716,-1.4422242641448975,0.9967413544654846,0.2945,0.09034267912772585,-0.7055,0.36416184971098264,0.4189189189189189,-1.8175547122955322,-2.636519193649292,-2.8175547122955322,-1.5334755182266235,-1.3232712745666504,0.9986873865127563,-0.018500000000000016,"[5, 6, 7, 8, 9]",0.01,64
invariant,256,0.332,0.20909090909090908,0.4264264264264264,0.3590504451038576,-1.6685353517532349,-2.162560224533081,-1.2935365438461304,-1.555319905281067,0.9992203712463379,moderate,nan,0.6826171875,0.28515625,0.28515625,0.0,high,v2_c-high_d-easy_a-invariant_p-moderate_s-05,easy,92.38588786125183,29.006715774536133,0.024851161808268362,-0.17913844463105338,transformer,0.889,1.0,-0.11099999999999999,0.8982511923688394,0.7774647887323943,0.5617862343788147,1.0,-0.4382137656211853,0.5938005447387695,0.1254536360502243,0.9985131025314331,1.0,1.0,2,0.001,2.9395456735414882e-08,2.9395453182701203e-08,2.677292210560736e-15,0.0,0.0,0.0,1.0,0.879,0.5404447317123413,0.9934744834899902,400,0.6205,-0.3894113302230835,0.9659902453422546,0.474,-1.0464261770248413,0.9826098084449768,0.26904866099357605,0.35546875,0.35690999031066895,105217.0,64.34258943312366,0.1983606749911076,0.967002214320678,1.0,-1.6425322399187934,0.345,0.1,5,1.0,1.0,1.0,,0.893,1.0,0.9939393939393939,0.6875,0.5744897723197937,1.0,0.9753695130348206,-0.24220892786979675,0.9990314841270447,1.0,1.0,1.0,,1.0,10000,10000,0.4965,0.3951367781155015,-0.5035000000000001,0.6469594594594594,0.4666666666666667,-0.9864961504936218,-1.4194430112838745,-1.9864961504936218,-0.3724749684333801,-1.0913249254226685,0.9867040514945984,0.368,0.29750778816199375,-0.632,0.30346820809248554,0.503003003003003,-1.5188230276107788,-1.793968915939331,-2.518823027610779,-1.7876759767532349,-0.9742431640625,0.9951833486557007,0.035999999999999976,"[5, 6, 7, 8, 9]",0.01,64
invariant,256,0.137,0.0,0.03003003003003003,0.3768545994065282,-2.450869560241699,-2.9999966621398926,-2.8838164806365967,-1.485341191291809,0.9988096356391907,tight,nan,0.88671875,0.125,0.125,0.0,high,v2_c-high_d-easy_a-invariant_p-tight_s-00,easy,80.86698818206787,19.890714645385742,0.0014089402278608498,-0.49395521648939533,transformer,0.8475,1.0,-0.15249999999999997,0.890302066772655,0.6676056338028169,0.392365962266922,1.0,-0.607634037733078,0.5643293857574463,-0.3256777226924896,0.9985793828964233,1.0,1.0,2,0.001,1.8025288284206908e-07,1.8025288284206908e-07,2.2768237681261713e-16,0.0,0.0,0.0,1.0,0.8375,0.38284292817115784,0.9850860238075256,400,0.281,-1.8259358406066895,0.9907640814781189,0.285,-1.8121272325515747,0.9894042611122131,0.871573269367218,0.0625,0.06396247446537018,28033.0,47.064045714435395,0.2810958725401489,0.9633503875690245,1.0,-4.650282591793671,0.137,0.1,0,1.0,1.0,1.0,,0.879,1.0,0.9636363636363636,0.6755952380952381,0.5133494734764099,1.0,0.8502413630485535,-0.30128028988838196,0.9980096220970154,1.0,1.0,1.0,,0.9999997615814209,10000,10000,0.2005,0.0425531914893617,-0.7995,0.20101351351351351,0.33866666666666667,-2.197871685028076,-2.829402208328247,-3.197871685028076,-2.1959433555603027,-1.6453313827514648,0.9999840259552002,0.2335,0.11993769470404984,-0.7665,0.10982658959537572,0.47147147147147145,-2.065877914428711,-2.5202457904815674,-3.065877914428711,-2.560692310333252,-1.113752841949463,0.999971330165863,0.0965,"[5, 6, 7, 8, 9]",0.01,32
invariant,256,0.186,0.0,0.1831831831831832,0.37091988130563797,-2.2504234313964844,-2.9999966621398926,-2.2505593299865723,-1.516286015510559,0.9989693760871887,tight,nan,0.80078125,0.18359375,0.18359375,0.0,high,v2_c-high_d-easy_a-invariant_p-tight_s-01,easy,90.54054474830627,20.16925621032715,0.04408628623305511,-0.2601072834385072,transformer,0.887,1.0,-0.11299999999999999,0.9379968203497615,0.7366197183098592,0.5493404865264893,1.0,-0.45065951347351074,0.7484367489814758,-0.04659954831004143,0.9987647533416748,1.0,1.0,2,0.001,1.7805771790335712e-07,1.7805771790335712e-07,3.109224591793568e-15,0.0,0.0,0.0,1.0,0.888,0.5604676604270935,0.9863463044166565,400,0.3365,-1.5444670915603638,0.972062349319458,0.23,-1.9664360284805298,0.9802772998809814,0.6913843750953674,0.162109375,0.16265596449375153,28033.0,47.99396037422445,0.2866499036208451,0.9671672479889251,1.0,-3.116058029095247,0.199,0.1,1,1.0,1.0,1.0,,0.866,1.0,0.9727272727272728,0.6279761904761905,0.4683557450771332,1.0,0.8909092545509338,-0.47513189911842346,0.998779296875,1.0,1.0,1.0,,0.9999997615814209,10000,10000,0.3015,0.1838905775075988,-0.6985,0.3547297297297297,0.3626666666666667,-1.7920094728469849,-2.264425754547119,-2.792009472846985,-1.581080675125122,-1.5440359115600586,0.9990313649177551,0.216,0.03271028037383177,-0.784,0.2514450867052023,0.35585585585585583,-2.1122219562530518,-2.8252079486846924,-3.1122219562530518,-1.9865659475326538,-1.5554906129837036,0.9961556792259216,0.03,"[5, 6, 7, 8, 9]",0.01,32
invariant,256,0.628,0.703030303030303,0.6006006006006006,0.5816023738872403,-0.4831375479698181,-0.1893564909696579,-0.5818856358528137,-0.6732403039932251,0.9980495572090149,tight,nan,0.31640625,0.578125,0.578125,0.0,high,v2_c-high_d-easy_a-invariant_p-tight_s-02,easy,83.71632504463196,19.818927764892578,0.11584962492291884,-0.2671594433383763,transformer,0.87,0.9757942511346445,-0.13,0.8473767885532592,0.7915492957746478,0.47384047508239746,0.9028900265693665,-0.5261595249176025,0.3860895335674286,0.15214142203330994,0.99533611536026,1.0,1.0,2,0.001,1.2516798619799374e-07,1.2516798619799374e-07,1.7853677876513785e-15,0.0,0.0,0.0,1.0,0.8555,0.4502944350242615,0.9901849031448364,700,0.753,0.03660980239510536,0.9737182855606079,0.7525,0.06194222345948219,0.9712522625923157,0.6516627669334412,0.1640625,0.16388528048992157,28033.0,46.94469416822437,0.2803830305710423,0.9566867882622747,1.0,0.074218297760821,0.684,0.1,2,1.0,1.0,1.0,,0.853,1.0,0.9636363636363636,0.5982142857142857,0.4148334264755249,1.0,0.8545472025871277,-0.5987118482589722,0.9995811581611633,1.0,1.0,1.0,,0.9999998807907104,10000,10000,0.6565,0.8100303951367781,-0.3435,0.5152027027027027,0.6333333333333333,-0.3817514181137085,0.23839949071407318,-1.3817514181137085,-0.9674831032752991,-0.4634929597377777,0.9943175315856934,0.741,0.8847352024922118,-0.259,0.7687861271676301,0.5735735735735735,-0.021595049649477005,0.5398457050323486,-1.021595049649477,0.07517949491739273,-0.6633561849594116,0.9972952008247375,0.11299999999999999,"[5, 6, 7, 8, 9]",0.01,32
invariant,256,0.373,0.4393939393939394,0.2972972972972973,0.3827893175074184,-1.485959768295288,-1.2346378564834595,-1.7591320276260376,-1.4621315002441406,0.9962479472160339,tight,nan,0.625,0.39453125,0.39453125,0.0,high,v2_c-high_d-easy_a-invariant_p-tight_s-03,easy,97.78611660003662,19.583656311035156,0.08889793887350578,-0.2187411821327614,transformer,0.8825,1.0,-0.11750000000000005,0.904610492845787,0.7535211267605634,0.5247818827629089,1.0,-0.47521811723709106,0.6030154824256897,0.013052104972302914,0.9967055916786194,1.0,1.0,2,0.001,5.9164754873108905e-08,5.9164754873108905e-08,1.3679710476588019e-16,0.0,0.0,0.0,1.0,0.8605,0.4549866318702698,0.9950604438781738,700,0.2935,-1.772905707359314,0.981138288974762,0.246,-1.9391323328018188,0.9805940985679626,0.5377901792526245,0.24609375,0.2504280209541321,28033.0,47.49033844494629,0.28364195894690525,0.9635814848530111,1.0,-1.3510696588308062,0.386,0.1,3,1.0,1.0,1.0,,0.86,1.0,0.9575757575757575,0.625,0.44108372926712036,1.0,0.8303065299987793,-0.4967781603336334,0.9998584985733032,1.0,1.0,1.0,,0.9999999403953552,10000,10000,0.22,0.12462006079027356,-0.78,0.33783783783783783,0.21066666666666667,-2.1181602478027344,-2.501068353652954,-3.1181602478027344,-1.6423412561416626,-2.1578011512756348,0.9987693428993225,0.207,0.03271028037383177,-0.793,0.16040462427745664,0.42342342342342343,-2.159992218017578,-2.8691246509552,-3.159992218017578,-2.3403046131134033,-1.2890619039535522,0.9976682066917419,-0.166,"[5, 6, 7, 8, 9]",0.01,32
invariant,256,0.369,0.18787878787878787,0.39039039039039036,0.5252225519287834,-1.520056962966919,-2.2468276023864746,-1.4286715984344482,-0.8986832499504089,0.997664213180542,tight,nan,0.6591796875,0.38671875,0.38671875,0.0,high,v2_c-high_d-easy_a-invariant_p-tight_s-04,easy,48.712589263916016,19.288198471069336,0.07393284214538338,-0.24536501111759776,transformer,0.864,1.0,-0.136,0.9300476947535771,0.6788732394366197,0.47505974769592285,1.0,-0.5249402523040771,0.7537594437599182,-0.2605566680431366,0.995892345905304,1.0,1.0,2,0.001,1.2117263281652413e-07,1.2117263281652413e-07,1.2749692388002234e-15,0.0,0.0,0.0,1.0,0.8795,0.5381786227226257,0.9891263246536255,400,0.2485,-1.9621750116348267,0.9804885387420654,0.229,-2.0353736877441406,0.979817807674408,0.44613736867904663,0.36328125,0.3584885895252228,28033.0,46.38444462525772,0.27703687042416547,0.9651264983559605,1.0,-1.6792813334716232,0.4,0.1,4,1.0,1.0,1.0,,0.909,1.0,0.990909090909091,0.7380952380952381,0.6363862156867981,1.0,0.9608233571052551,-0.043706685304641724,0.9983973503112793,1.0,1.0,1.0,,0.9999998807907104,10000,10000,0.3095,0.1762917933130699,-0.6905,0.3310810810810811,0.4093333333333333,-1.7653470039367676,-2.2944748401641846,-2.7653470039367676,-1.6878169775009155,-1.3623225688934326,0.9940191507339478,0.2205,0.05763239875389408,-0.7795,0.2138728323699422,0.3843843843843844,-2.109058380126953,-2.7694666385650635,-3.109058380126953,-2.1222984790802,-1.4586924314498901,0.9969062209129333,-0.1485,"[5, 6, 7, 8, 9]",0.01,32
invariant,256,0.408,0.29393939393939394,0.4924924924924925,0.4362017804154303,-1.348042368888855,-1.8012769222259521,-0.9962007999420166,-1.2518877983093262,0.9952853322029114,tight,nan,0.51953125,0.4140625,0.4140625,0.0,high,v2_c-high_d-easy_a-invariant_p-tight_s-05,easy,83.58640193939209,19.62017822265625,0.02715459683724705,-0.4328375499224817,transformer,0.8785,1.0,-0.12150000000000005,0.8871224165341812,0.7577464788732394,0.5162913799285889,1.0,-0.48370862007141113,0.5544732213020325,0.03213971480727196,0.9988044500350952,1.0,1.0,2,0.001,7.430889326087708e-08,7.430889326087708e-08,1.6963417661587546e-16,0.0,0.0,0.0,1.0,0.8645,0.5217111706733704,0.9590336680412292,400,0.4025,-1.195037603378296,0.9484114050865173,0.2875,-1.5899126529693604,0.9358687400817871,0.3660863935947418,0.357421875,0.3531036972999573,28033.0,45.079348880550064,0.269242023603453,0.9648445899578089,1.0,-1.2692436263927176,0.442,0.1,5,1.0,1.0,1.0,,0.882,1.0,0.9757575757575757,0.6726190476190477,0.5308252573013306,1.0,0.9030303955078125,-0.30111539363861084,0.9991121888160706,1.0,1.0,1.0,,0.9999999403953552,10000,10000,0.395,0.33586626139817627,-0.605,0.47635135135135137,0.38266666666666665,-1.422731637954712,-1.6564137935638428,-2.422731637954712,-1.1147125959396362,-1.4608442783355713,0.9928886294364929,0.3865,0.22741433021806853,-0.6134999999999999,0.4277456647398844,0.496996996996997,-1.4543442726135254,-2.088604688644409,-2.4543442726135254,-1.2942004203796387,-1.0093357563018799,0.9968472123146057,-0.021499999999999964,"[5, 6, 7, 8, 9]",0.01,32
invariant,256,0.205,0.12727272727272726,0.11711711711711711,0.36795252225519287,-2.182802438735962,-2.497816324234009,-2.53155255317688,-1.5297213792800903,0.9968768358230591,wide,nan,0.7734375,0.171875,0.171875,0.0,high,v2_c-high_d-easy_a-invariant_p-wide_s-00,easy,84.08019661903381,37.53545379638672,0.03310704101274855,-0.21495407979335635,transformer,0.8815,1.0,-0.11850000000000005,0.8950715421303657,0.7591549295774648,0.529529333114624,1.0,-0.470470666885376,0.5802861452102661,0.046561505645513535,0.9994070529937744,1.0,1.0,2,0.001,2.775469809535025e-08,2.775469631899341e-08,9.147668897935561e-16,0.0,0.0,0.0,1.0,0.881,0.5308989882469177,0.997376561164856,400,0.3455,-1.6026628017425537,0.9950581192970276,0.3995,-1.3690887689590454,0.9882417321205139,0.4908647835254669,0.271484375,0.2685076892375946,407041.0,92.91025238009833,0.14562789148284325,0.9906788669326303,1.0,-3.397513606199438,0.159,0.1,0,1.0,1.0,1.0,,0.895,1.0,0.9848484848484849,0.7023809523809523,0.580958366394043,1.0,0.939393937587738,-0.18762396275997162,0.9997721910476685,1.0,1.0,1.0,,1.0,10000,10000,0.289,0.14893617021276595,-0.7110000000000001,0.19763513513513514,0.484,-1.843774437904358,-2.4036357402801514,-2.843774437904358,-2.209458351135254,-1.0639426708221436,0.9999231100082397,0.3685,0.29439252336448596,-0.6315,0.4060693641618497,0.4009009009009009,-1.5143837928771973,-1.8224250078201294,-2.5143837928771973,-1.3489881753921509,-1.389295220375061,0.9974677562713623,0.1635,"[5, 6, 7, 8, 9]",0.01,128
invariant,256,0.203,0.03636363636363636,0.16516516516516516,0.4035608308605341,-2.1859774589538574,-2.8545453548431396,-2.337153434753418,-1.38191556930542,0.9993662238121033,wide,nan,0.8125,0.18359375,0.18359375,0.0,high,v2_c-high_d-easy_a-invariant_p-wide_s-01,easy,87.40771555900574,37.12567901611328,0.014142562978813273,-0.13290034426293776,transformer,0.8725,1.0,-0.12749999999999995,0.8998410174880763,0.7295774647887324,0.4904290735721588,1.0,-0.5095709264278412,0.5993641018867493,-0.08048154413700104,0.9999266266822815,1.0,1.0,2,0.001,1.8731958206785748e-08,1.8731958206785748e-08,1.2955861100718993e-17,0.0,0.0,0.0,1.0,0.8695,0.48708921670913696,0.9978369474411011,400,0.346,-1.5689113140106201,0.9891489744186401,0.238,-1.9903736114501953,0.9874820113182068,0.5568512678146362,0.21484375,0.21936404705047607,407041.0,93.20048375342728,0.14608280126790288,0.9888836957170457,1.0,-3.19273579487717,0.18,0.1,1,1.0,1.0,1.0,,0.899,1.0,0.996969696969697,0.7023809523809523,0.5984078645706177,1.0,0.9878787994384766,-0.1833098977804184,0.9994763731956482,1.0,1.0,1.0,,1.0,10000,10000,0.275,0.16869300911854104,-0.725,0.32094594594594594,0.332,-1.8837710618972778,-2.343472719192505,-2.883771061897278,-1.642991304397583,-1.6705151796340942,0.988589346408844,0.2295,0.07320872274143302,-0.7705,0.23554913294797689,0.3738738738738739,-2.0845563411712646,-2.7071566581726074,-3.0845563411712646,-2.0673460960388184,-1.502273678779602,0.9970902800559998,0.026499999999999996,"[5, 6, 7, 8, 9]",0.01,128
invariant,256,0.582,0.6545454545454545,0.5255255255255256,0.5667655786350149,-0.6702955961227417,-0.3818178176879883,-0.8976732492446899,-0.7281023263931274,0.9997468590736389,wide,nan,0.45703125,0.61328125,0.6171875,0.0,high,v2_c-high_d-easy_a-invariant_p-wide_s-02,easy,82.58708429336548,37.23965072631836,0.05931352852374705,-0.1394429590413877,transformer,0.8615,1.0,-0.13849999999999996,0.8553259141494436,0.7380281690140845,0.44603854417800903,1.0,-0.553961455821991,0.4213958978652954,-0.04786046966910362,0.9999949932098389,1.0,1.0,2,0.001,2.4315529145724213e-08,2.4315529145724213e-08,8.495540878822436e-16,0.0,0.0,0.0,1.0,0.8625,0.4642517566680908,0.9968653321266174,400,0.4725,-1.0075238943099976,0.9796203374862671,0.6095,-0.540005624294281,0.9899332523345947,0.04596175625920296,0.509765625,0.5097839832305908,407041.0,92.43547698143892,0.14488372667364824,0.991703690190194,1.0,0.15640325412645661,0.753,0.1,2,1.0,1.0,1.0,,0.888,1.0,0.990909090909091,0.6755952380952381,0.5583418011665344,1.0,0.9636363387107849,-0.27874454855918884,0.9989210367202759,1.0,1.0,1.0,,1.0,10000,10000,0.497,0.4316109422492401,-0.503,0.38682432432432434,0.6413333333333333,-0.9644238352775574,-1.1655173301696777,-1.9644238352775574,-1.4522885084152222,-0.4029097557067871,0.9925950765609741,0.6175,0.7710280373831776,-0.38249999999999995,0.5158959537572254,0.575075075075075,-0.5220863223075867,0.08411238342523575,-1.5220863223075867,-0.9128752946853638,-0.700394868850708,0.9979512691497803,0.03550000000000009,"[5, 6, 7, 8, 9]",0.01,128
invariant,256,0.842,1.0,0.963963963963964,0.5667655786350149,0.3696121573448181,1.0,0.8558743000030518,-0.7281721234321594,0.9997907876968384,wide,1.0,0.15625,0.81640625,0.81640625,1.0,high,v2_c-high_d-easy_a-invariant_p-wide_s-03,easy,88.74977231025696,37.581974029541016,0.028434659359273924,-0.13854695579272513,transformer,0.8885,1.0,-0.11150000000000004,0.904610492845787,0.7704225352112676,0.5557342171669006,1.0,-0.44426578283309937,0.6184420585632324,0.08657515794038773,0.9987775683403015,1.0,1.0,2,0.001,2.305385926604231e-08,2.305385748968547e-08,9.267959223148697e-16,0.0,0.0,0.0,1.0,0.8845,0.539177417755127,0.9995216131210327,400,0.888,0.5662428140640259,0.9939504265785217,0.835,0.3706064522266388,0.991256594657898,0.9313940405845642,0.029296875,0.029436632990837097,407041.0,92.77957498108748,0.1454230672186215,0.9891993078963879,1.0,0.3797017873628814,0.814,0.1,3,1.0,1.0,1.0,,0.854,1.0,0.9606060606060606,0.6041666666666666,0.4159987270832062,1.0,0.842424213886261,-0.5833370685577393,0.9999803304672241,1.0,1.0,1.0,,1.0,10000,10000,0.8535,0.9118541033434651,-0.14649999999999996,0.9256756756756757,0.7453333333333333,0.41492149233818054,0.6474167108535767,-0.5850785076618195,0.7058833241462708,-0.018720204010605812,0.9989733695983887,0.7995,0.8909657320872274,-0.2005,0.8858381502890174,0.6216216216216216,0.20979918539524078,0.5831783413887024,-0.7902008146047592,0.5552130937576294,-0.5090234279632568,0.9946674704551697,-0.04249999999999998,"[5, 6, 7, 8, 9]",0.01,128
invariant,256,0.269,0.1787878787878788,0.23723723723723725,0.3887240356083086,-1.9245716333389282,-2.2848713397979736,-2.047895908355713,-1.4498956203460693,0.9981691241264343,wide,nan,0.7373046875,0.2421875,0.2421875,0.0,high,v2_c-high_d-easy_a-invariant_p-wide_s-04,easy,78.14170551300049,37.8516845703125,0.01819651381242247,-0.07692608096661331,transformer,0.897,0.9909228441754917,-0.10299999999999998,0.890302066772655,0.8154929577464789,0.5883097052574158,0.9645957350730896,-0.41169029474258423,0.5612084865570068,0.2620021402835846,0.9999309182167053,1.0,1.0,2,0.001,1.7770798166338864e-08,1.7770798166338864e-08,1.3393599290617767e-17,0.0,0.0,0.0,1.0,0.8915,0.6046878695487976,0.9792283177375793,200,0.2205,-1.985537052154541,0.9539721608161926,0.219,-1.938093900680542,0.9520828723907471,0.1320989429950714,0.46484375,0.46520352363586426,407041.0,92.62491398703338,0.14518065097410848,0.9874215319826497,1.0,-2.2670782061910195,0.316,0.1,4,1.0,1.0,1.0,,0.896,1.0,0.9878787878787879,0.7023809523809523,0.5886250138282776,1.0,0.951517641544342,-0.17671367526054382,0.9976245164871216,1.0,1.0,1.0,,1.0,10000,10000,0.3235,0.12613981762917933,-0.6765,0.5675675675675675,0.304,-1.7080390453338623,-2.492008686065674,-2.7080390453338623,-0.747360348701477,-1.7785319089889526,0.9954052567481995,0.19,0.0,-0.81,0.1430635838150289,0.4219219219219219,-2.193286418914795,-2.908125638961792,-3.193286418914795,-2.4172825813293457,-1.2714667320251465,0.9895553588867188,-0.07900000000000001,"[5, 6, 7, 8, 9]",0.01,128
invariant,256,0.752,0.8636363636363636,0.8558558558558559,0.5400593471810089,0.011813686229288578,0.4531964361667633,0.4137587547302246,-0.8175750374794006,0.9938199520111084,wide,nan,0.23828125,0.734375,0.734375,0.0,high,v2_c-high_d-easy_a-invariant_p-wide_s-05,easy,97.59088397026062,37.87175750732422,0.0037272482101035178,-0.12735824194120632,transformer,0.8855,1.0,-0.11450000000000005,0.890302066772655,0.7746478873239436,0.5423786044120789,1.0,-0.45762139558792114,0.5612082481384277,0.0996580719947815,0.9998990297317505,1.0,1.0,2,0.001,2.5493330113590673e-08,2.5493328337233834e-08,1.7850279156812927e-15,0.0,0.0,0.0,1.0,0.881,0.527727484703064,0.9954411387443542,400,0.6955,-0.1435362696647644,0.9659966230392456,0.7225,-0.04387370124459267,0.9782595634460449,0.5631098747253418,0.255859375,0.2577579915523529,407041.0,91.46187906353585,0.14335770550478658,0.9819954840207538,1.0,-0.06177947422993357,0.7,0.1,5,1.0,1.0,1.0,,0.877,1.0,0.9787878787878788,0.6547619047619048,0.5101999640464783,1.0,0.9151515364646912,-0.3744048476219177,0.9990010857582092,1.0,1.0,1.0,,1.0,10000,10000,0.5735,0.6063829787234043,-0.4265,0.40202702702702703,0.68,-0.6833597421646118,-0.5744176506996155,-1.6833597421646118,-1.3195160627365112,-0.276798814535141,0.9945365190505981,0.645,0.6433021806853583,-0.355,0.7442196531791907,0.5435435435435435,-0.3962668776512146,-0.36054527759552,-1.3962668776512146,-0.014754792675375938,-0.8271071910858154,0.9873292446136475,-0.10699999999999998,"[5, 6, 7, 8, 9]",0.01,128
latent,256,0.86,1.0,1.0,0.5845697329376854,0.44456034898757935,1.0,1.0,-0.6481887698173523,0.9967263340950012,moderate,1.0,0.125,0.8671875,0.8671875,1.0,high,v2_c-high_d-easy_a-latent_p-moderate_s-00,easy,96.87811946868896,7.467291831970215,0.9999954285903657,0.9999822900086336,transformer,0.8725,1.0,-0.12749999999999995,0.8569157392686805,0.7676056338028169,0.4900115430355072,1.0,-0.5099884569644928,0.42767736315727234,0.07044224441051483,0.999997615814209,1.0,1.0,2,0.001,1.3827970178681426e-05,9.170273642666871e-07,1.179773111682444e-15,6.687813765893225e-06,5.561702778322797e-07,5.6669581681489944e-05,1.0,0.903,0.6580575704574585,0.9886443614959717,400,0.506,-0.9115524888038635,0.9744353890419006,0.543,-0.7484731674194336,0.9739959239959717,0.9456666707992554,0.0546875,0.053501177579164505,105217.0,48.25893356595736,0.14877664577742802,0.9999981096525815,1.0,0.7687654240687457,0.854,0.1,0,1.0,1.0,1.0,,0.863,1.0,0.9848484848484849,0.6071428571428571,0.45799893140792847,1.0,0.939394474029541,-0.5535751581192017,0.9985703825950623,1.0,1.0,1.0,,0.9999991655349731,10000,10000,0.864,1.0,-0.136,0.8581081081081081,0.7493333333333333,0.4560008645057678,1.0,-0.5439991354942322,0.43243345618247986,-0.0026652070228010416,0.9999990463256836,0.871,1.0,-0.129,1.0,0.6126126126126126,0.4936307668685913,1.0,-0.5063692331314087,0.9999949932098389,-0.5206230878829956,0.9955241680145264,0.01100000000000001,"[5, 6, 7, 8, 9]",0.01,64
latent,256,0.881,1.0,1.0,0.6468842729970327,0.5399131178855896,1.0,0.9996216297149658,-0.36486896872520447,0.9949368238449097,moderate,1.0,0.125,0.87890625,0.87890625,1.0,high,v2_c-high_d-easy_a-latent_p-moderate_s-01,easy,113.62692284584045,7.962208271026611,0.9999971147972093,0.999989834467719,transformer,0.9465,1.0,-0.05349999999999999,0.9618441971383148,0.8830985915492958,0.7999616861343384,1.0,-0.20003831386566162,0.8544904589653015,0.5654209852218628,0.994877815246582,1.0,1.0,2,0.001,2.820510053425096e-05,7.559160621894989e-07,1.3730325724444587e-15,1.8485279724700376e-05,7.551816452178173e-07,8.208723738789558e-05,1.0,0.8805,0.5268480777740479,0.9956093430519104,400,0.4785,-1.0429550409317017,0.9866217374801636,0.343,-1.5683209896087646,0.9785179495811462,0.9984561204910278,0.0078125,0.009893185459077358,105217.0,47.83723394302156,0.14747659517974446,0.9999924904380013,1.0,0.8568620586415645,0.885,0.1,1,1.0,1.0,1.0,,0.912,1.0,0.996969696969697,0.7410714285714286,0.6553918719291687,1.0,0.9853450059890747,-0.011226145550608635,0.9953274726867676,1.0,1.0,1.0,,0.9999992847442627,10000,10000,0.852,0.9635258358662614,-0.14800000000000002,0.8581081081081081,0.7493333333333333,0.4309825301170349,0.9239550828933716,-0.5690174698829651,0.4324337840080261,-0.002664222614839673,0.989798903465271,0.879,1.0,-0.121,0.9869942196531792,0.6501501501501501,0.5281085968017578,1.0,-0.4718914031982422,0.9591235518455505,-0.3746190667152405,0.9946473240852356,-0.0020000000000000018,"[5, 6, 7, 8, 9]",0.01,64
latent,256,0.856,1.0,0.9669669669669669,0.6053412462908012,0.4240036904811859,1.0,0.8678684234619141,-0.5786246061325073,0.9999967813491821,moderate,1.0,0.15625,0.86328125,0.86328125,1.0,high,v2_c-high_d-easy_a-latent_p-moderate_s-02,easy,118.88744330406189,8.0062894821167,0.9999657023398729,0.9999265037474926,transformer,0.8725,1.0,-0.12749999999999995,0.8569157392686805,0.7676056338028169,0.4900043308734894,1.0,-0.5099956691265106,0.4276663064956665,0.07043180614709854,0.9999948740005493,1.0,1.0,2,0.001,4.9643545935396105e-05,3.0798764782957733e-06,1.1399399897334475e-14,1.5897989214863628e-05,3.854393526125932e-06,0.0002681128680706024,1.0,0.8725,0.5002110004425049,0.9964410662651062,400,0.58,-0.6755111217498779,0.9988089799880981,0.54,-0.8319342136383057,0.9983881711959839,0.9988969564437866,0.0,3.4801783499460726e-07,105217.0,48.31899118588144,0.14896179639277402,0.9999904622569556,1.0,0.6653477861807866,0.856,0.1,2,1.0,1.0,1.0,,0.865,1.0,0.9848484848484849,0.6130952380952381,0.4619004428386688,1.0,0.9451967477798462,-0.547662079334259,0.9991030097007751,1.0,1.0,1.0,,0.9999969601631165,10000,10000,0.864,1.0,-0.136,0.8581081081081081,0.7493333333333333,0.4560058116912842,1.0,-0.5439941883087158,0.4324387311935425,-0.0026562015991657972,0.9999943375587463,0.856,1.0,-0.14400000000000002,0.9667630057803468,0.6021021021021021,0.42400428652763367,1.0,-0.5759957134723663,0.8670525550842285,-0.5915793180465698,0.9999955296516418,0.0,"[5, 6, 7, 8, 9]",0.01,64
latent,256,0.964,1.0,1.0,0.8931750741839762,0.867539644241333,1.0,1.0,0.6069428324699402,0.9954769015312195,moderate,1.0,0.03125,0.96484375,0.96484375,1.0,high,v2_c-high_d-easy_a-latent_p-moderate_s-03,easy,104.72441124916077,7.753904819488525,0.9999951840725693,0.9999919050752305,transformer,0.8415,1.0,-0.15849999999999997,1.0,0.5535211267605634,0.3751547932624817,1.0,-0.6248452067375183,1.0,-0.7601273655891418,0.9979378581047058,1.0,1.0,2,0.001,0.00021899658895563334,5.10489428506844e-08,4.399486811933121e-17,0.0002059534890577197,1.1480400416985503e-06,0.00011844001710414886,1.0,0.832,0.36132028698921204,0.983905017375946,400,0.357,-1.3894736766815186,0.9620107412338257,0.43,-1.18760347366333,0.9594107270240784,0.9796372652053833,0.01953125,0.019175652414560318,105217.0,47.514862162435996,0.14648276069844024,0.9999631366933702,1.0,0.939901398446308,0.96,0.1,3,1.0,1.0,1.0,,0.988,1.0,1.0,0.9642857142857143,0.954990565776825,1.0,0.9999895691871643,0.8660534620285034,0.9988448619842529,1.0,1.0,1.0,,0.9999998807907104,10000,10000,0.8715,1.0,-0.12849999999999995,1.0,0.6573333333333333,0.49890342354774475,1.0,-0.5010965764522552,1.0,-0.33625754714012146,0.9980425238609314,0.957,1.0,-0.04300000000000004,0.9898843930635838,0.8813813813813813,0.8311964273452759,1.0,-0.16880357265472412,0.9532415270805359,0.5416662096977234,0.996785581111908,-0.007000000000000006,"[5, 6, 7, 8, 9]",0.01,64
latent,256,0.856,1.0,0.9669669669669669,0.6053412462908012,0.42410343885421753,1.0,0.8678776025772095,-0.5783376097679138,0.9999572038650513,moderate,1.0,0.12109375,0.8515625,0.8515625,1.0,high,v2_c-high_d-easy_a-latent_p-moderate_s-04,easy,72.1092119216919,8.133267402648926,0.9988136639559227,0.9979516135037579,transformer,0.8735,1.0,-0.12649999999999995,0.8569157392686805,0.7704225352112676,0.4940355718135834,1.0,-0.5059644281864166,0.4277195334434509,0.08174033463001251,0.9999681711196899,1.0,1.0,2,0.001,0.0005036886432208121,2.1580111933872104e-05,1.8104188287404455e-11,0.0001126285205828026,0.00018851760250981897,0.001809623558074236,1.0,0.8785,0.5298336148262024,0.9938659071922302,400,0.7195,-0.11279580742120743,0.9969363808631897,0.744,-0.009216981939971447,0.9889014959335327,0.9967942237854004,0.0,2.3078397134668194e-05,105217.0,48.07139043302825,0.14819847224158622,0.9999255727679718,1.0,0.7232685384080224,0.856,0.1,4,1.0,1.0,1.0,,0.838,1.0,0.9575757575757575,0.5595238095238095,0.3520566523075104,1.0,0.8303117156028748,-0.7617447376251221,0.9999719262123108,1.0,1.0,1.0,,0.9999786615371704,10000,10000,0.864,1.0,-0.136,0.8581081081081081,0.7493333333333333,0.45614734292030334,1.0,-0.5438526570796967,0.43284446001052856,-0.002599014202132821,0.9999176263809204,0.856,1.0,-0.14400000000000002,0.9667630057803468,0.6021021021021021,0.4241880774497986,1.0,-0.5758119225502014,0.867061197757721,-0.5910362601280212,0.9999464154243469,0.0,"[5, 6, 7, 8, 9]",0.01,64
latent,256,0.953,1.0,1.0,0.8605341246290801,0.8262354731559753,1.0,1.0,0.4843781590461731,0.997337281703949,moderate,1.0,0.03515625,0.9375,0.9375,1.0,high,v2_c-high_d-easy_a-latent_p-moderate_s-05,easy,95.88859295845032,7.628243446350098,0.9999991528353529,0.9999986626488275,transformer,0.8425,1.0,-0.15749999999999997,1.0,0.5563380281690141,0.3723852038383484,1.0,-0.6276147961616516,1.0,-0.7679290175437927,0.9982653856277466,1.0,1.0,2,0.001,8.327038813149557e-06,8.328935052759334e-08,1.1302085023178257e-16,5.58598549105227e-06,2.3767526613482914e-07,2.4200882762670517e-05,1.0,0.933,0.7584159970283508,0.9898031949996948,400,0.3165,-1.6786004304885864,0.9715560674667358,0.3195,-1.6190203428268433,0.9653998017311096,0.9644819498062134,0.01953125,0.02122490108013153,105217.0,46.38794215408538,0.14300859816493275,0.9999975349335318,1.0,0.9235882049750669,0.946,0.1,5,1.0,1.0,1.0,,0.984,1.0,1.0,0.9523809523809523,0.9350505471229553,1.0,1.0,0.8066981434822083,0.9994432330131531,1.0,1.0,1.0,,0.9999999403953552,10000,10000,0.8215,1.0,-0.1785,0.9273648648648649,0.5813333333333334,0.2945200502872467,1.0,-0.7054799497127533,0.7579560279846191,-0.6902265548706055,0.9874237179756165,0.9615,1.0,-0.03849999999999998,1.0,0.8843843843843844,0.8468679189682007,1.0,-0.15313208103179932,1.0,0.5401437878608704,0.9997702836990356,0.008500000000000063,"[5, 6, 7, 8, 9]",0.01,64
latent,256,0.892,1.0,0.975975975975976,0.7032640949554896,0.5651116371154785,1.0,0.9039040803909302,-0.1955145299434662,0.9977303147315979,tight,1.0,0.10546875,0.90234375,0.90234375,1.0,high,v2_c-high_d-easy_a-latent_p-tight_s-00,easy,119.38858699798584,6.802974700927734,0.9999960401923328,0.9999910627824455,transformer,0.8845,1.0,-0.11550000000000005,0.9109697933227345,0.7535211267605634,0.5414944887161255,1.0,-0.4585055112838745,0.6438782811164856,0.023928890004754066,0.9994890093803406,1.0,1.0,2,0.001,0.00029262155294418335,1.404031593210675e-07,4.3474371336327116e-18,0.0002873026533052325,4.919961611449253e-07,4.6865083277225494e-05,1.0,0.86,0.46564361453056335,0.9834110140800476,400,0.196,-2.1619949340820312,0.9917584657669067,0.16,-2.2991042137145996,0.9891759157180786,0.7205493450164795,0.162109375,0.16293689608573914,28033.0,33.056190513570826,0.19743221336400268,0.999956406504496,1.0,0.8764801082564428,0.891,0.1,0,1.0,1.0,1.0,,0.899,1.0,0.990909090909091,0.7083333333333334,0.6007512807846069,1.0,0.9707447290420532,-0.1595073640346527,0.9985814094543457,1.0,1.0,1.0,,0.9999998807907104,10000,10000,0.8035,0.9027355623100304,-0.1965,0.8716216216216216,0.6626666666666666,0.21304427087306976,0.6109427809715271,-0.7869557291269302,0.48641425371170044,-0.35182544589042664,0.9962742328643799,0.8415,1.0,-0.15849999999999997,0.8482658959537572,0.6816816816816816,0.371182918548584,1.0,-0.628817081451416,0.41026192903518677,-0.2755787670612335,0.9979444742202759,-0.05049999999999999,"[5, 6, 7, 8, 9]",0.01,32
latent,256,0.815,0.8727272727272727,0.8708708708708709,0.7032640949554896,0.2611440420150757,0.48503825068473816,0.48336663842201233,-0.1776844710111618,0.9958431720733643,tight,1.0,0.208984375,0.796875,0.796875,1.0,high,v2_c-high_d-easy_a-latent_p-tight_s-01,easy,75.06195759773254,6.869418621063232,0.9999997043515748,0.9999994988148624,transformer,0.983,1.0,-0.017000000000000015,1.0,0.952112676056338,0.9320003390312195,1.0,-0.06799966096878052,1.0,0.8084515929222107,0.9999982714653015,1.0,1.0,2,0.001,1.3788142496196087e-05,6.774763505745796e-07,1.2547598664767933e-17,7.274418749148026e-06,9.194339867235612e-08,5.74430450797081e-05,1.0,0.872,0.5055714249610901,0.9847388863563538,400,0.2765,-1.8123177289962769,0.9801573753356934,0.2,-2.1464145183563232,0.98931884765625,0.5241794586181641,0.302734375,0.30557286739349365,28033.0,35.399923063834166,0.21143044781699513,0.9999968588249312,1.0,0.6476126777362057,0.827,0.1,1,1.0,1.0,1.0,,0.936,1.0,0.990909090909091,0.8184523809523809,0.7461899518966675,1.0,0.9633559584617615,0.2806025445461273,0.9973303079605103,1.0,1.0,1.0,,0.999999463558197,10000,10000,0.679,0.776595744680851,-0.32099999999999995,0.7297297297297297,0.5533333333333333,-0.283997505903244,0.10638383775949478,-1.283997505903244,-0.08107998222112656,-0.7866616249084473,0.9999992847442627,0.6745,0.7725856697819314,-0.3255,0.6459537572254336,0.6096096096096096,-0.29419276118278503,0.09034354984760284,-1.294192761182785,-0.39685776829719543,-0.5581989288330078,0.9980153441429138,-0.14049999999999996,"[5, 6, 7, 8, 9]",0.01,32
latent,256,0.884,1.0,0.8888888888888888,0.7655786350148368,0.5333871841430664,1.0,0.55562824010849,0.05448953062295914,0.9975633025169373,tight,1.0,0.125,0.8984375,0.8984375,1.0,high,v2_c-high_d-easy_a-latent_p-tight_s-02,easy,119.85325288772583,7.321727275848389,0.9999892751794793,0.9999740981444657,transformer,0.9175,1.0,-0.08250000000000002,1.0,0.7676056338028169,0.6943979859352112,1.0,-0.3056020140647888,1.0,0.13914938271045685,0.9947423338890076,1.0,1.0,2,0.001,5.6858618336264044e-05,1.75554490056129e-07,3.480863632593622e-16,4.9003974709194154e-05,1.8158538068746566e-06,5.8632344007492065e-05,1.0,0.8785,0.5323057770729065,0.9928507208824158,700,0.291,-1.7924623489379883,0.9928475618362427,0.3535,-1.5506682395935059,0.9850037693977356,0.8186999559402466,0.109375,0.1078922301530838,28033.0,34.33709005477024,0.20508254534681586,0.999967844251025,1.0,0.7214670700908982,0.884,0.1,2,1.0,1.0,1.0,,0.963,1.0,0.9666666666666667,0.9226190476190477,0.8522435426712036,1.0,0.8666672110557556,0.6912004351615906,0.999261736869812,1.0,1.0,1.0,,0.9999997615814209,10000,10000,0.779,0.9118541033434651,-0.22099999999999997,0.793918918918919,0.6506666666666666,0.14147315919399261,0.6474360823631287,-0.8585268408060074,0.17769573628902435,-0.3310166299343109,0.993559718132019,0.8825,0.9610591900311527,-0.11750000000000005,0.9089595375722543,0.7792792792792793,0.5424012541770935,0.8442371487617493,-0.4575987458229065,0.6616101264953613,0.12757961452007294,0.9935693144798279,-0.0015000000000000568,"[5, 6, 7, 8, 9]",0.01,32
latent,256,0.871,1.0,0.972972972972973,0.6439169139465876,0.48795944452285767,1.0,0.879891037940979,-0.40072494745254517,0.9954289793968201,tight,1.0,0.130859375,0.85546875,0.85546875,1.0,high,v2_c-high_d-easy_a-latent_p-tight_s-03,easy,119.24228549003601,7.4768829345703125,0.9999945492059849,0.9999910934652111,transformer,0.9215,1.0,-0.07850000000000001,0.9666136724960255,0.8084507042253521,0.6888542771339417,1.0,-0.31114572286605835,0.8664548993110657,0.24184288084506989,0.9990001320838928,1.0,1.0,2,0.001,0.0002609706425573677,1.1329331783827001e-07,3.978910799947474e-18,0.0002531982318032533,9.981948778658989e-07,6.660912185907364e-05,1.0,0.777,0.22634197771549225,0.9321218132972717,400,0.4165,-0.9983897805213928,0.8764553070068359,0.4215,-1.0177464485168457,0.9022284150123596,0.9073121547698975,0.0625,0.06851562112569809,28033.0,34.374350607113286,0.20530508863465272,0.9999684209756329,1.0,0.8442474779659798,0.874,0.1,3,1.0,1.0,1.0,,0.93,1.0,0.9939393939393939,0.7976190476190477,0.7273404598236084,1.0,0.9848418235778809,0.20340073108673096,0.9965963959693909,1.0,1.0,1.0,,0.9999998807907104,10000,10000,0.815,1.0,-0.18500000000000005,0.8462837837837838,0.628,0.2776544392108917,1.0,-0.7223455607891083,0.3851390480995178,-0.44092461466789246,0.995990514755249,0.8845,1.0,-0.11550000000000005,1.0,0.6531531531531531,0.5378852486610413,1.0,-0.46211475133895874,0.9939061999320984,-0.3814004361629486,0.9972631931304932,0.013499999999999956,"[5, 6, 7, 8, 9]",0.01,32
latent,256,0.856,1.0,0.9669669669669669,0.6053412462908012,0.42426660656929016,1.0,0.8678680658340454,-0.5778440237045288,0.9999659657478333,tight,1.0,0.12109375,0.8515625,0.8515625,1.0,high,v2_c-high_d-easy_a-latent_p-tight_s-04,easy,117.44996118545532,6.542440414428711,0.9999998846851604,0.9999997558800381,transformer,0.9055,1.0,-0.09450000000000003,0.9109697933227345,0.8126760563380282,0.6275070905685425,1.0,-0.3724929094314575,0.6402198076248169,0.26945894956588745,0.9979892373085022,1.0,1.0,2,0.001,3.7586657981591998e-06,1.7814653574532713e-07,5.4155175559795575e-18,4.48324783519638e-07,1.566305130040746e-08,3.1165312975645065e-05,1.0,0.8685,0.49292269349098206,0.9924128651618958,400,0.123,-2.4638915061950684,0.9873714447021484,0.165,-2.314159870147705,0.9911368489265442,0.9921315908432007,0.0,0.00014312447456177324,28033.0,34.00034298199472,0.20307128152938878,0.9999993664198298,1.0,0.8086075041917786,0.857,0.1,4,1.0,1.0,1.0,,0.879,1.0,1.0,0.6398809523809523,0.520365834236145,1.0,0.9999912977218628,-0.42747411131858826,0.998982846736908,1.0,1.0,1.0,,0.9999997615814209,10000,10000,0.8355,1.0,-0.16449999999999998,0.8378378378378378,0.6893333333333334,0.3467593491077423,1.0,-0.6532406508922577,0.35140717029571533,-0.230019211769104,0.9993182420730591,0.869,1.0,-0.131,0.976878612716763,0.6306306306306306,0.47593262791633606,1.0,-0.5240673720836639,0.9073396325111389,-0.47749820351600647,0.9997182488441467,0.013000000000000012,"[5, 6, 7, 8, 9]",0.01,32
latent,256,0.862,1.0,0.9309309309309309,0.658753709198813,0.45071980357170105,1.0,0.7256019115447998,-0.35877031087875366,0.9993267059326172,tight,1.0,0.1337890625,0.85546875,0.85546875,1.0,high,v2_c-high_d-easy_a-latent_p-tight_s-05,easy,103.34486103057861,6.621216297149658,0.9999996370801273,0.9999992770342442,transformer,0.8835,1.0,-0.11650000000000005,0.890302066772655,0.7690140845070422,0.5340020656585693,1.0,-0.46599793434143066,0.5612091422080994,0.07606150209903717,0.9999995827674866,1.0,1.0,2,0.001,8.817472917144187e-06,9.13901558874386e-08,5.784730035982908e-18,4.762836852023611e-06,6.798901353022302e-08,3.895256668329239e-05,1.0,0.872,0.4986523985862732,0.9945445656776428,400,0.619,-0.5127253532409668,0.9941486716270447,0.4025,-1.315066933631897,0.981436550617218,0.8772716522216797,0.07421875,0.0710621252655983,28033.0,33.318069289789804,0.19899631695908399,0.9999983621252596,1.0,0.8207222918067729,0.85,0.1,5,1.0,1.0,1.0,,0.845,1.0,0.9606060606060606,0.5773809523809523,0.38292160630226135,1.0,0.842424213886261,-0.6817810535430908,0.9995205402374268,1.0,1.0,1.0,,0.9999999403953552,10000,10000,0.922,1.0,-0.07799999999999996,1.0,0.792,0.713814914226532,1.0,-0.286185085773468,1.0,0.2368399202823639,0.9953515529632568,0.8375,0.9485981308411215,-0.16249999999999998,0.9667630057803468,0.5960960960960962,0.34474000334739685,0.7783767580986023,-0.6552599966526031,0.8670520186424255,-0.6159728765487671,0.9901553392410278,-0.024499999999999966,"[5, 6, 7, 8, 9]",0.01,32
latent,256,0.794,0.8424242424242424,0.8858858858858859,0.655786350148368,0.25385046005249023,0.4137774407863617,0.6422527432441711,-0.28654682636260986,0.9736441373825073,wide,1.0,0.2470703125,0.7890625,0.7890625,1.0,high,v2_c-high_d-easy_a-latent_p-wide_s-00,easy,113.21656942367554,8.455979347229004,0.9999940266442493,0.9999844513183458,transformer,0.928,1.0,-0.07199999999999995,0.9666136724960255,0.8267605633802817,0.7376227974891663,1.0,-0.26237720251083374,0.8605182766914368,0.38447830080986023,0.9914171099662781,1.0,1.0,2,0.001,3.765497967833653e-05,3.43298893312749e-07,9.446668351942777e-16,2.818341090460308e-05,1.8088181832354167e-06,7.319450378417969e-05,1.0,0.9295,0.7240293025970459,0.9918084144592285,400,0.3905,-1.3615827560424805,0.9741357564926147,0.3815,-1.370527744293213,0.9617003202438354,0.817486047744751,0.224609375,0.2276347279548645,407041.0,68.19178322487949,0.10688406664603457,0.9999981753925445,1.0,0.6576463998942036,0.824,0.1,0,1.0,1.0,1.0,,0.926,1.0,1.0,0.7797619047619048,0.72767174243927,1.0,1.0,0.18949924409389496,0.9913698434829712,1.0,1.0,1.0,,0.9999996423721313,10000,10000,0.764,1.0,-0.236,0.6300675675675675,0.6626666666666666,0.0994550958275795,0.9897607564926147,-0.9005449041724205,-0.3564833104610443,-0.3217524290084839,0.985352098941803,0.875,1.0,-0.125,0.9783236994219653,0.6471471471471472,0.509577214717865,0.9999969601631165,-0.490422785282135,0.8966987133026123,-0.36540406942367554,0.9840301275253296,0.08099999999999996,"[5, 6, 7, 8, 9]",0.01,128
latent,256,0.972,1.0,1.0,0.9169139465875371,0.9121577143669128,1.0,1.0,0.7393403649330139,0.993927001953125,wide,1.0,0.01171875,0.97265625,0.97265625,1.0,high,v2_c-high_d-easy_a-latent_p-wide_s-01,easy,117.36642646789551,8.409574508666992,0.9999983285080882,0.9999952279623523,transformer,0.8765,1.0,-0.12350000000000005,1.0,0.652112676056338,0.5784011483192444,1.0,-0.4215988516807556,1.0,-0.18760249018669128,0.9851354360580444,1.0,1.0,2,0.001,3.764879693335388e-06,2.747876806097338e-07,3.479986953493214e-16,1.6710621366655687e-06,4.789029617313645e-07,1.3401266187429428e-05,1.0,0.8975,0.6296439170837402,0.9853712320327759,400,0.3185,-1.56146240234375,0.9664208889007568,0.363,-1.3927348852157593,0.9312775135040283,0.9797099232673645,0.04296875,0.038498520851135254,407041.0,66.94324233435765,0.10492709879093749,0.9999996141774916,1.0,0.9623729354956072,0.981,0.1,1,1.0,1.0,1.0,,0.924,1.0,0.9848484848484849,0.7886904761904762,0.7358365654945374,1.0,0.9711104035377502,0.24217301607131958,0.9937682151794434,1.0,1.0,1.0,,0.9999997615814209,10000,10000,0.8825,1.0,-0.11750000000000005,1.0,0.6866666666666666,0.5661766529083252,1.0,-0.4338233470916748,1.0,-0.1568623036146164,0.9705873727798462,0.989,1.0,-0.01100000000000001,1.0,0.9669669669669669,0.9556357860565186,1.0,-0.044364213943481445,1.0,0.8667742013931274,0.9959765672683716,0.017000000000000015,"[5, 6, 7, 8, 9]",0.01,128
latent,256,0.817,0.8818181818181818,0.933933933933934,0.6379821958456974,0.3007340431213379,0.5348313450813293,0.7561887502670288,-0.37854939699172974,0.9922071695327759,wide,1.0,0.1298828125,0.8125,0.8125,1.0,high,v2_c-high_d-easy_a-latent_p-wide_s-02,easy,122.74800634384155,8.33521842956543,0.9999964303778889,0.9999927860066542,transformer,0.843,1.0,-0.15700000000000003,0.8298887122416534,0.7084507042253522,0.41643181443214417,1.0,-0.5835681855678558,0.36699333786964417,-0.08306358009576797,0.9911015629768372,1.0,1.0,2,0.001,0.00016594416229054332,9.90403691503161e-07,2.8326744755039065e-15,0.00015281690866686404,1.2096010095774545e-06,0.0001092725433409214,1.0,0.9345,0.7847278118133545,0.9786955714225769,400,0.762,0.1536191999912262,0.9523007869720459,0.7765,0.17527936398983002,0.9641810059547424,0.8556370735168457,0.158203125,0.1582947075366974,407041.0,69.55679532349174,0.109023591926369,0.9999959499490235,1.0,0.5896042592117736,0.818,0.1,2,1.0,1.0,1.0,,0.894,1.0,0.9848484848484849,0.6994047619047619,0.5853173732757568,1.0,0.9394317865371704,-0.1746879518032074,0.9957194924354553,1.0,1.0,1.0,,0.9999990463256836,10000,10000,0.6975,0.6170212765957447,-0.3025,0.7347972972972973,0.7386666666666667,-0.12997931241989136,-0.40728557109832764,-1.1299793124198914,-0.08322606235742569,0.07640679180622101,0.979621171951294,0.7495,0.7866043613707165,-0.25049999999999994,0.8208092485549133,0.6396396396396397,0.01757829636335373,0.15103907883167267,-0.9824217036366463,0.2929593622684479,-0.39720475673675537,0.9942710399627686,-0.0674999999999999,"[5, 6, 7, 8, 9]",0.01,128
latent,256,0.828,0.9575757575757575,0.9279279279279279,0.6023738872403561,0.3967912197113037,0.8590535521507263,0.7586692571640015,-0.41345182061195374,0.9747774600982666,wide,0.9940298507462687,0.158203125,0.80859375,0.8125,1.0,high,v2_c-high_d-easy_a-latent_p-wide_s-03,easy,105.11010980606079,8.085365295410156,0.99999905122009,0.999998377770992,transformer,0.9085,1.0,-0.09150000000000003,0.9220985691573926,0.8112676056338028,0.6391288042068481,1.0,-0.36087119579315186,0.7046709656715393,0.2450980544090271,0.9980790615081787,1.0,1.0,2,0.001,8.695709402672946e-05,6.970994377297757e-07,6.942799572827018e-15,7.850947440601885e-05,6.557548317687178e-07,7.094768807291985e-05,1.0,0.8725,0.5085141062736511,0.9947721362113953,400,0.7445,0.030530838295817375,0.990054190158844,0.716,-0.07502073794603348,0.9801983833312988,0.9508365392684937,0.138671875,0.12848766148090363,407041.0,68.01488081819298,0.10660678912472717,0.9999974858842866,1.0,0.7564130319237934,0.831,0.1,3,1.0,1.0,1.0,,0.876,1.0,0.9818181818181818,0.6488095238095238,0.5066807270050049,1.0,0.9272732734680176,-0.39678406715393066,0.9984031915664673,1.0,1.0,1.0,,0.9999994039535522,10000,10000,0.958,1.0,-0.04200000000000004,1.0,0.888,0.8552379608154297,0.9999998211860657,-0.1447620391845703,0.9994744062423706,0.6143829226493835,0.986870527267456,0.8935,1.0,-0.10650000000000004,0.9624277456647399,0.7192192192192193,0.6339915990829468,0.9999995231628418,-0.3660084009170532,0.9147579669952393,-0.01055400725454092,0.9764590263366699,0.0655,"[5, 6, 7, 8, 9]",0.01,128
latent,256,0.72,0.8272727272727273,0.7867867867867868,0.5489614243323442,-0.09358231723308563,0.33348265290260315,0.1779993623495102,-0.7801346778869629,0.989897608757019,wide,nan,0.25,0.70703125,0.70703125,0.0,high,v2_c-high_d-easy_a-latent_p-wide_s-04,easy,86.4221396446228,8.538461685180664,0.9999954956835879,0.9999859898027739,transformer,0.8725,1.0,-0.12749999999999995,0.8569157392686805,0.7676056338028169,0.49000102281570435,1.0,-0.5099989771842957,0.42766475677490234,0.070423923432827,0.9999993443489075,1.0,1.0,2,0.001,1.4715723409608472e-05,4.3269989191685454e-07,1.6455429768504276e-15,8.544806405552663e-06,7.428362778227893e-07,4.995381459593773e-05,1.0,0.9355,0.774867594242096,0.9741629362106323,400,0.332,-1.4594125747680664,0.941116452217102,0.278,-1.785879373550415,0.9526094794273376,0.6864064931869507,0.396484375,0.39941346645355225,407041.0,67.50223688617064,0.1058032690288343,0.9999991513212664,1.0,0.2972315830093859,0.732,0.1,4,1.0,1.0,1.0,,0.87,1.0,0.9848484848484849,0.6279761904761905,0.4800013303756714,1.0,0.939393937587738,-0.4880913197994232,0.9999881982803345,1.0,1.0,1.0,,0.9999995231628418,10000,10000,0.8315,1.0,-0.16849999999999998,0.8023648648648649,0.7066666666666667,0.32601046562194824,1.0,-0.6739895343780518,0.2094687968492508,-0.17331278324127197,0.9999802112579346,0.869,1.0,-0.131,0.9566473988439307,0.6516516516516516,0.4741170108318329,0.9999998807907104,-0.5258829891681671,0.8205369710922241,-0.3927590250968933,0.998278021812439,0.14900000000000002,"[5, 6, 7, 8, 9]",0.01,128
latent,256,0.881,1.0,0.9459459459459459,0.7002967359050445,0.562230110168457,1.0,0.8172581791877747,-0.11844785511493683,0.9863757491111755,wide,1.0055172413793103,0.1787109375,0.890625,0.88671875,1.0,high,v2_c-high_d-easy_a-latent_p-wide_s-05,easy,120.81101131439209,8.57979679107666,0.9999893028779939,0.9999731948022135,transformer,0.8835,1.0,-0.11650000000000005,0.8298887122416534,0.8225352112676056,0.5565575957298279,1.0,-0.4434424042701721,0.38452422618865967,0.29612597823143005,0.9941990375518799,1.0,1.0,2,0.001,1.963479553523939e-05,1.6048031170612376e-07,5.595222775667274e-16,6.264367584662978e-06,2.0749150735355215e-06,0.00011135032400488853,1.0,0.94,0.7912487983703613,0.9869298338890076,400,0.2105,-2.005354642868042,0.9525222778320312,0.325,-1.6151597499847412,0.9788798689842224,0.9714486002922058,0.060546875,0.04819068685173988,407041.0,68.57445369337354,0.10748386582892298,0.9999973831945344,1.0,0.8491170237302444,0.884,0.1,5,1.0,1.0,1.0,,0.869,1.0,0.9787878787878788,0.6309523809523809,0.4839385449886322,1.0,0.9149865508079529,-0.4524019658565521,0.9931489825248718,1.0,1.0,1.0,,0.9999998807907104,10000,10000,0.8575,1.0,-0.14249999999999996,0.8226351351351351,0.76,0.4416629374027252,1.0,-0.5583370625972748,0.3012765049934387,0.0626269057393074,0.9972227811813354,0.8505,1.0,-0.14949999999999997,0.9335260115606936,0.6201201201201201,0.4748137295246124,1.0,-0.5251862704753876,0.7986843585968018,-0.3679610788822174,0.9759360551834106,-0.03049999999999997,"[5, 6, 7, 8, 9]",0.01,128
concrete,256,0.254,0.2948328267477204,0.2359882005899705,0.2319277108433735,-1.987804651260376,-1.8207781314849854,-2.067164897918701,-2.0722880363464355,0.996874988079071,moderate,nan,0.736328125,0.21484375,0.20703125,0.0,high,v2_c-high_d-hard_a-concrete_p-moderate_s-00,hard,59.792999029159546,28.61457633972168,0.012561288544836716,-0.16572828208805174,transformer,0.776,0.9607250755287009,-0.22399999999999998,0.9776357827476039,0.42696629213483145,0.10463761538267136,0.8429005146026611,-0.8953623846173286,0.9112122058868408,-1.2909321784973145,0.9998530745506287,1.0,1.0,2,0.001,5.7476686521340525e-08,5.7476686521340525e-08,0.0,0.0,0.0,0.0,1.0,0.7525,0.06839701533317566,0.982137143611908,700,0.246,-1.9888542890548706,0.9904109835624695,0.1365,-2.392192840576172,0.9901912808418274,0.4258403182029724,0.296875,0.2947377860546112,105217.0,65.55502313396015,0.20209846623324995,0.8832597952099461,1.0,-0.5534391302562285,0.224,0.1,0,1.0,,,1.0,0.917,0.8328267477203647,0.9156626506024096,1.0,0.6706415414810181,0.33473432064056396,0.6672106981277466,1.0,0.9995330572128296,1.0,,,1.0,0.9999998807907104,10000,10000,0.2615,0.1778115501519757,-0.7384999999999999,0.0,0.5486486486486486,-1.9539481401443481,-2.288750171661377,-2.953948140144348,-2.9999988079071045,-0.8052691221237183,0.9999935030937195,0.1755,0.1794478527607362,-0.8245,0.1967930029154519,0.14954682779456194,-2.2982866764068604,-2.284553289413452,-3.2982866764068604,-2.212824821472168,-2.4003725051879883,0.9986805319786072,-0.07850000000000001,"[1, 2, 3]",0.01,64
concrete,256,0.676,0.6109422492401215,0.6637168141592921,0.7530120481927711,-0.29534491896629333,-0.5561841130256653,-0.34520551562309265,0.014049193821847439,0.998751699924469,moderate,nan,0.3232421875,0.671875,0.671875,0.0,high,v2_c-high_d-hard_a-concrete_p-moderate_s-01,hard,102.41658782958984,29.455184936523438,0.043147793407298754,-0.17881444886492523,transformer,0.763,0.974320241691843,-0.237,0.9472843450479234,0.4044943820224719,0.05112826079130173,0.8972822427749634,-0.9488717392086983,0.7891465425491333,-1.3844804763793945,0.9993849992752075,1.0,1.0,2,0.001,5.127989410880218e-08,5.127989410880218e-08,0.0,0.0,0.0,0.0,1.0,0.767,0.07174742221832275,0.9986565113067627,700,0.741,-0.035868894308805466,0.9829344749450684,0.7265,-0.07552540302276611,0.9883869290351868,-0.0015262709930539131,0.521484375,0.5234114527702332,105217.0,66.34205171335331,0.20452478325936194,0.8874311768559079,1.0,0.144387148457918,0.67,0.1,1,1.0,,,1.0,0.973,1.0,0.9186746987951807,1.0,0.8944423794746399,1.0,0.6820554137229919,1.0,0.9994681477546692,1.0,,,1.0,0.9999999403953552,10000,10000,0.678,0.7249240121580547,-0.32199999999999995,0.9418604651162791,0.42162162162162165,-0.2702081501483917,-0.08301539719104767,-1.2702081501483917,0.8076485395431519,-1.3135089874267578,0.9966645240783691,0.699,0.6794478527607362,-0.30100000000000005,0.6807580174927114,0.7371601208459214,-0.19506436586380005,-0.25534188747406006,-1.1950643658638,-0.2766658365726471,-0.05113757401704788,0.9971705675125122,0.02299999999999991,"[1, 2, 3]",0.01,64
concrete,256,0.763,0.5866261398176292,0.8525073746312685,0.8463855421686747,0.07378750294446945,-0.5876891613006592,0.4104330539703369,0.3855434060096741,0.9968584179878235,moderate,nan,0.1875,0.7421875,0.74609375,0.0,high,v2_c-high_d-hard_a-concrete_p-moderate_s-02,hard,47.61703276634216,28.81073760986328,0.10852613486381671,-0.12178246201637372,transformer,0.745,0.9879154078549849,-0.255,0.9920127795527156,0.30196629213483145,-0.019998004660010338,0.951662003993988,-1.0199980046600103,0.9680511355400085,-1.792129635810852,0.9999890327453613,1.0,1.0,2,0.001,4.531469244284381e-08,4.531469244284381e-08,0.0,0.0,0.0,0.0,1.0,0.7335,-0.05400700867176056,0.9969413876533508,700,0.603,-0.5625170469284058,0.9935604333877563,0.705,-0.1488358974456787,0.9908045530319214,0.44653448462486267,0.3046875,0.30120471119880676,105217.0,65.48642759940215,0.20188699422604325,0.8876716943797892,1.0,0.31258365535308963,0.79,0.1,2,1.0,,,1.0,0.932,0.878419452887538,0.9156626506024096,1.0,0.7307863831520081,0.5187884569168091,0.6659787893295288,1.0,0.9984751343727112,1.0,,,1.0,0.9999999403953552,10000,10000,0.6095,0.7933130699088146,-0.39049999999999996,0.707641196013289,0.3662162162162162,-0.5567134022712708,0.17325347661972046,-1.5567134022712708,-0.1625656932592392,-1.526436448097229,0.9979457259178162,0.7195,0.6441717791411042,-0.28049999999999997,0.7813411078717201,0.729607250755287,-0.11844981461763382,-0.41433557868003845,-1.1184498146176338,0.12728388607501984,-0.08167611807584763,0.9994402527809143,-0.04349999999999998,"[1, 2, 3]",0.01,64
concrete,256,0.519,0.3768996960486322,0.5221238938053098,0.6566265060240963,-0.9198311567306519,-1.4923996925354004,-0.9114533066749573,-0.36099064350128174,0.9992029070854187,moderate,nan,0.49609375,0.58984375,0.60546875,0.0,high,v2_c-high_d-hard_a-concrete_p-moderate_s-03,hard,78.03741335868835,29.184528350830078,0.12192594622082989,-0.07914793814143851,transformer,0.7955,1.0,-0.20450000000000002,0.9776357827476039,0.4452247191011236,0.1835581362247467,1.0,-0.8164418637752533,0.9105433225631714,-1.2147245407104492,0.999704122543335,1.0,1.0,2,0.001,4.921322016571139e-08,4.921322016571139e-08,0.0,0.0,0.0,0.0,1.0,0.8105,0.2624190151691437,0.989956796169281,700,0.728,-0.0718177929520607,0.991976797580719,0.7065,-0.159707173705101,0.9926571249961853,0.4572756886482239,0.26171875,0.26213502883911133,105217.0,66.48019718145532,0.2049506695741824,0.8974758087883836,1.0,-0.23727263060054815,0.518,0.1,3,1.0,,,1.0,0.982,0.9635258358662614,0.9819277108433735,1.0,0.9312406778335571,0.8541033267974854,0.937471866607666,1.0,0.9995441436767578,1.0,,,1.0,0.9999999403953552,10000,10000,0.7435,0.7720364741641338,-0.25649999999999995,0.872093023255814,0.6135135135135135,-0.025999758392572403,0.08814611285924911,-1.0259997583925724,0.48837220668792725,-0.5459455847740173,0.9999998807907104,0.703,0.5552147239263804,-0.29700000000000004,0.8192419825072886,0.7280966767371602,-0.1794234663248062,-0.7529705762863159,-1.1794234663248062,0.2769681215286255,-0.08747769147157669,0.9987862706184387,0.18399999999999994,"[1, 2, 3]",0.01,64
concrete,256,0.491,0.1884498480243161,0.696165191740413,0.5813253012048193,-1.0171520709991455,-2.1889026165008545,-0.21534059941768646,-0.6747066974639893,0.9973552823066711,moderate,nan,0.541015625,0.50390625,0.5,0.0,high,v2_c-high_d-hard_a-concrete_p-moderate_s-04,hard,61.91303753852844,29.480377197265625,0.08040272894732471,-0.13811744621370228,transformer,0.747,0.9169184290030211,-0.253,0.9760383386581469,0.38764044943820225,-0.011194905266165733,0.6676778793334961,-1.0111949052661657,0.9066883325576782,-1.4494093656539917,0.999772846698761,1.0,1.0,2,0.001,7.059260553887725e-08,7.059260553887725e-08,0.0,0.0,0.0,0.0,1.0,0.7435,0.00040040016756393015,0.9924639463424683,700,0.453,-1.1769543886184692,0.9896531701087952,0.4515,-1.1326510906219482,0.9870940446853638,0.2341226190328598,0.373046875,0.37680256366729736,105217.0,66.15724844353063,0.203955056400907,0.883597259975456,1.0,-0.21953626748400312,0.498,0.1,4,1.0,,,1.0,0.897,0.8297872340425532,0.858433734939759,1.0,0.5904704332351685,0.3197266757488251,0.4406036138534546,1.0,0.9987010359764099,1.0,,,1.0,0.9999999403953552,10000,10000,0.458,0.5668693009118541,-0.542,0.292358803986711,0.49594594594594593,-1.1679985523223877,-0.7325207591056824,-2.1679985523223877,-1.8305635452270508,-1.0162149667739868,0.9999776482582092,0.475,0.25153374233128833,-0.525,0.5932944606413995,0.5725075528700906,-1.0908020734786987,-1.9864290952682495,-2.0908020734786987,-0.6127623915672302,-0.7040749192237854,0.998698353767395,-0.016000000000000014,"[1, 2, 3]",0.01,64
concrete,256,0.164,0.16109422492401215,0.16224188790560473,0.1686746987951807,-2.3438990116119385,-2.355325698852539,-2.3510310649871826,-2.3252921104431152,0.9999627470970154,moderate,nan,0.81640625,0.1484375,0.1484375,0.0,high,v2_c-high_d-hard_a-concrete_p-moderate_s-05,hard,60.629637002944946,28.868101119995117,0.027815831149319233,-0.17723451107830035,transformer,0.7165,0.8897280966767371,-0.2835,0.9568690095846646,0.3441011235955056,-0.1278323531150818,0.5589131116867065,-1.1278323531150818,0.8275611400604248,-1.6063462495803833,0.9988649487495422,1.0,1.0,2,0.001,6.464630786240377e-08,6.464630786240377e-08,0.0,0.0,0.0,0.0,1.0,0.7255,-0.07851853966712952,0.9945914149284363,1000,0.3205,-1.717618465423584,0.9955554008483887,0.151,-2.371616840362549,0.9946571588516235,0.3994500935077667,0.302734375,0.3026776909828186,105217.0,64.83628077655453,0.19988266763988033,0.8825244902930598,1.0,-0.5555056047186719,0.152,0.1,5,1.0,,,1.0,0.907,0.9665653495440729,0.7530120481927711,1.0,0.6301444172859192,0.8662616014480591,0.018506983295083046,1.0,0.9996645450592041,1.0,,,1.0,0.9999998807907104,10000,10000,0.2765,0.135258358662614,-0.7235,0.05149501661129568,0.5851351351351352,-1.8689743280410767,-2.45896577835083,-2.8689743280410767,-2.711252450942993,-0.6591554284095764,0.9963376522064209,0.1305,0.02147239263803681,-0.8694999999999999,0.20408163265306123,0.16163141993957703,-2.4776995182037354,-2.914109230041504,-3.4776995182037354,-2.1844840049743652,-2.351727247238159,0.9984678626060486,-0.0335,"[1, 2, 3]",0.01,64
concrete,256,0.467,0.2826747720364742,0.5132743362831859,0.6024096385542169,-1.1266615390777588,-1.8446255922317505,-0.9468818306922913,-0.5987548828125,0.9963542222976685,tight,nan,0.5927734375,0.4375,0.42578125,0.0,high,v2_c-high_d-hard_a-concrete_p-tight_s-00,hard,79.51013135910034,19.972087860107422,0.056815044307806845,-0.43950732389663405,transformer,0.68,0.7764350453172205,-0.31999999999999995,0.8322683706070287,0.45646067415730335,-0.2787317633628845,0.1057441234588623,-1.2787317633628845,0.3295326232910156,-1.1710022687911987,0.9995580315589905,1.0,1.0,2,0.001,1.6125710544656613e-07,1.6125710544656613e-07,0.0,0.0,0.0,0.0,1.0,0.675,-0.2377299666404724,0.9745268225669861,1000,0.518,-0.8348336219787598,0.9799923896789551,0.6025,-0.48107072710990906,0.967860221862793,0.4233376681804657,0.294921875,0.29511281847953796,28033.0,47.31419860729068,0.28258994183695885,0.8647264871503392,1.0,-0.1551799054662213,0.464,0.1,0,1.0,,,1.0,0.854,0.7446808510638298,0.8132530120481928,1.0,0.4203432500362396,-0.008139219135046005,0.2530754804611206,1.0,0.9990457892417908,1.0,,,1.0,0.9999997615814209,10000,10000,0.4755,0.4878419452887538,-0.5245,0.6295681063122923,0.33918918918918917,-1.095947027206421,-1.0486342906951904,-2.095947027206421,-0.48172205686569214,-1.637697458267212,0.9996616840362549,0.606,0.7177914110429447,-0.394,0.5145772594752187,0.5906344410876133,-0.5577337145805359,-0.12845489382743835,-1.5577337145805359,-0.9177221059799194,-0.6074885129928589,0.9970040917396545,0.13899999999999996,"[1, 2, 3]",0.01,32
concrete,256,0.201,0.2006079027355623,0.23303834808259588,0.1686746987951807,-2.19118595123291,-2.197638988494873,-2.069671869277954,-2.3088672161102295,0.9979316592216492,tight,nan,0.845703125,0.2109375,0.21484375,0.0,high,v2_c-high_d-hard_a-concrete_p-tight_s-01,hard,78.7790915966034,20.163846969604492,0.02997117473374434,-0.22151626479693842,transformer,0.75,0.986404833836858,-0.25,0.9792332268370607,0.32865168539325845,0.0059863245114684105,0.945519208908081,-0.9940136754885316,0.9166946411132812,-1.6682753562927246,0.9987539052963257,1.0,1.0,2,0.001,1.8205075491550815e-07,1.8205075491550815e-07,0.0,0.0,0.0,0.0,1.0,0.7235,-0.08237718045711517,0.9895926713943481,700,0.247,-1.9669926166534424,0.9893009662628174,0.1985,-2.1537551879882812,0.9909955859184265,0.2804787755012512,0.408203125,0.40478771924972534,28033.0,47.82335603143514,0.2856309479431612,0.8649506364758363,1.0,-0.5062800675285655,0.207,0.1,1,1.0,,,1.0,0.929,0.8419452887537994,0.9427710843373494,1.0,0.7169192433357239,0.36902329325675964,0.772622287273407,1.0,0.9997578263282776,1.0,,,1.0,0.9999997615814209,10000,10000,0.2235,0.0911854103343465,-0.7765,0.054817275747508304,0.4783783783783784,-2.093935012817383,-2.635256052017212,-3.093935012817383,-2.7808549404144287,-1.0537793636322021,0.9979755282402039,0.178,0.15030674846625766,-0.8220000000000001,0.17346938775510204,0.20996978851963746,-2.285430669784546,-2.398768901824951,-3.285430669784546,-2.3059940338134766,-2.152496337890625,0.9996309876441956,-0.02300000000000002,"[1, 2, 3]",0.01,32
concrete,256,0.581,0.7264437689969605,0.3952802359882006,0.6265060240963856,-0.6638041138648987,-0.09422826021909714,-1.384291410446167,-0.49255499243736267,0.9976543188095093,tight,nan,0.4462890625,0.5390625,0.54296875,0.0,high,v2_c-high_d-hard_a-concrete_p-tight_s-02,hard,92.64207768440247,19.676191329956055,0.08381116716656457,-0.26078744390269826,transformer,0.7355,0.8700906344410876,-0.26449999999999996,0.8226837060702875,0.5337078651685393,-0.05799585580825806,0.4806329905986786,-1.057995855808258,0.2907349169254303,-0.8654084801673889,0.9994716644287109,1.0,1.0,2,0.001,2.139582875315682e-07,2.139582875315682e-07,0.0,0.0,0.0,0.0,1.0,0.7345,-0.05029948800802231,0.9968428611755371,2000,0.4645,-1.139423131942749,0.9974045753479004,0.5215,-0.9016067385673523,0.9961750507354736,0.09662136435508728,0.478515625,0.47987401485443115,28033.0,47.18607405976009,0.2818247020252255,0.8482653550153487,1.0,0.07688122951560117,0.593,0.1,2,1.0,,,1.0,0.881,0.8115501519756839,0.8283132530120482,1.0,0.5284543037414551,0.24604538083076477,0.32682332396507263,1.0,0.9991352558135986,1.0,,,1.0,0.9999997615814209,10000,10000,0.445,0.5562310030395137,-0.5549999999999999,0.4186046511627907,0.3675675675675676,-1.196445345878601,-0.7750744819641113,-2.196445345878601,-1.263180136680603,-1.5168344974517822,0.9964763522148132,0.5235,0.43558282208588955,-0.47650000000000003,0.597667638483965,0.5332326283987915,-0.9062655568122864,-1.2576674222946167,-1.9062655568122864,-0.6106048822402954,-0.8665515184402466,0.9993825554847717,-0.057499999999999996,"[1, 2, 3]",0.01,32
concrete,256,0.279,0.2188449848024316,0.3746312684365782,0.24096385542168675,-1.8812172412872314,-2.1246185302734375,-1.505000352859497,-2.024165153503418,0.9983919858932495,tight,nan,0.73046875,0.30078125,0.30078125,0.0,high,v2_c-high_d-hard_a-concrete_p-tight_s-03,hard,76.24288392066956,19.616870880126953,0.05838335239579829,-0.2869122079096876,transformer,0.753,0.9259818731117825,-0.247,0.9568690095846646,0.41292134831460675,0.01852521486580372,0.7039021253585815,-0.9814747851341963,0.8274804949760437,-1.3299658298492432,0.9986916184425354,1.0,1.0,2,0.001,1.4611131859965099e-07,1.4611131859965099e-07,0.0,0.0,0.0,0.0,1.0,0.762,0.06359967589378357,0.9883450865745544,1000,0.3115,-1.7434148788452148,0.9839086532592773,0.1365,-2.3592915534973145,0.9689581394195557,0.4234018325805664,0.294921875,0.2920525074005127,28033.0,47.73717980515738,0.2851162497027094,0.8732784958537367,1.0,-0.5038302017384506,0.274,0.1,3,1.0,,,1.0,0.93,0.993920972644377,0.7951807228915663,1.0,0.7206906676292419,0.975683867931366,0.18280327320098877,1.0,0.9999094009399414,1.0,,,1.0,0.9999998807907104,10000,10000,0.262,0.12158054711246201,-0.738,0.06976744186046512,0.5432432432432432,-1.9289950132369995,-2.5136759281158447,-2.9289950132369995,-2.72092866897583,-0.7648541331291199,0.9965511560440063,0.0755,0.0,-0.9245,0.08163265306122448,0.14350453172205438,-2.6939432621002197,-2.999988317489624,-3.6939432621002197,-2.661989450454712,-2.425633430480957,0.9994754791259766,-0.20350000000000001,"[1, 2, 3]",0.01,32
concrete,256,0.23,0.17933130699088146,0.26843657817109146,0.24096385542168675,-2.030876398086548,-2.1544408798217773,-1.926249384880066,-2.0152618885040283,0.992121696472168,tight,nan,0.73046875,0.2109375,0.2109375,0.0,high,v2_c-high_d-hard_a-concrete_p-tight_s-04,hard,90.98457479476929,19.259567260742188,0.05439208576076084,-0.35012120885011333,transformer,0.762,0.9410876132930514,-0.238,0.987220447284345,0.39747191011235955,0.052973922342061996,0.7643505334854126,-0.947026077657938,0.9488818049430847,-1.3961408138275146,0.9987877011299133,1.0,1.0,2,0.001,1.282225099430434e-07,1.282225099430434e-07,0.0,0.0,0.0,0.0,1.0,0.762,0.07110029458999634,0.9897390007972717,700,0.2595,-1.9386253356933594,0.9938865303993225,0.1435,-2.4102516174316406,0.9962959885597229,0.19525110721588135,0.44140625,0.4510278105735779,28033.0,46.68034294544801,0.27880415998107544,0.8570491117088759,1.0,-0.5408558010519036,0.246,0.1,4,1.0,,,1.0,0.983,0.993920972644377,0.9548192771084337,1.0,0.93388831615448,0.9727462530136108,0.827876091003418,1.0,0.9989142417907715,1.0,,,1.0,0.9999998807907104,10000,10000,0.282,0.17325227963525835,-0.718,0.19601328903654486,0.4486486486486487,-1.8719133138656616,-2.3069894313812256,-2.8719133138656616,-2.215945243835449,-1.2051738500595093,0.9999891519546509,0.1325,0.13803680981595093,-0.8674999999999999,0.09037900874635568,0.17069486404833836,-2.46231746673584,-2.4220685958862305,-3.46231746673584,-2.638357162475586,-2.319535732269287,0.9983453154563904,-0.0975,"[1, 2, 3]",0.01,32
concrete,256,0.534,0.5288753799392097,0.5103244837758112,0.5632530120481928,-0.8465692400932312,-0.8844316005706787,-0.9387073516845703,-0.7149681448936462,0.9965448975563049,tight,nan,0.4296875,0.484375,0.4296875,0.0,high,v2_c-high_d-hard_a-concrete_p-tight_s-05,hard,46.8182487487793,19.61983871459961,0.037083636294347945,-0.43147000491226895,transformer,0.7865,0.9682779456193353,-0.21350000000000002,0.9137380191693291,0.5056179775280899,0.15198715031147003,0.87311190366745,-0.84801284968853,0.6735600233078003,-0.9770705699920654,0.9991195797920227,1.0,1.0,2,0.001,1.5605095882165188e-07,1.5605095882165188e-07,0.0,0.0,0.0,0.0,1.0,0.785,0.17209988832473755,0.9921193718910217,1000,0.5225,-0.8961480855941772,0.9710685014724731,0.5045,-0.9368579983711243,0.9898885488510132,0.45235246419906616,0.287109375,0.2854728102684021,28033.0,45.569585770227235,0.272170024461928,0.8582591424537818,1.0,-0.10751982532047699,0.518,0.1,5,1.0,,,1.0,0.925,0.8632218844984803,0.9096385542168675,1.0,0.6999897360801697,0.45288845896720886,0.6385223269462585,1.0,0.9999100565910339,1.0,,,1.0,0.9999997615814209,10000,10000,0.513,0.5957446808510638,-0.487,0.5382059800664452,0.4189189189189189,-0.9140146970748901,-0.617577314376831,-1.9140146970748901,-0.7337575554847717,-1.3242452144622803,0.9859974384307861,0.51,0.33588957055214724,-0.49,0.5160349854227405,0.675226586102719,-0.9556756615638733,-1.6600712537765503,-1.9556756615638733,-0.9377988576889038,-0.2804453372955322,0.9954133629798889,-0.02400000000000002,"[1, 2, 3]",0.01,32
concrete,256,0.952,1.0,0.9380530973451328,0.9186746987951807,0.8120399713516235,1.0,0.7575680017471313,0.681398868560791,0.9985925555229187,wide,1.0,0.0234375,0.94140625,0.94140625,1.0,high,v2_c-high_d-hard_a-concrete_p-wide_s-00,hard,75.0564956665039,37.46479797363281,0.08142915936726111,-0.1873757740371698,transformer,0.8285,1.0,-0.17149999999999999,0.9952076677316294,0.5224719101123596,0.31424567103385925,1.0,-0.6857543289661407,0.9808306694030762,-0.9094222784042358,0.9999691247940063,1.0,1.0,2,0.001,2.0978033532514928e-08,2.0978033532514928e-08,0.0,0.0,0.0,0.0,1.0,0.7625,0.1447533369064331,0.9442269206047058,400,0.7365,0.1068316400051117,0.7822972536087036,0.6765,-0.10335680842399597,0.7965020537376404,0.7873683571815491,0.10546875,0.1048910915851593,407041.0,93.33942186078676,0.14630057339856722,0.92946684156396,1.0,0.48296592567794683,0.95,0.1,0,1.0,,,1.0,0.994,1.0,0.9819277108433735,1.0,0.9760004878044128,1.0,0.9277122020721436,1.0,0.9999999403953552,1.0,,,1.0,1.0,10000,10000,0.7455,1.0,-0.25449999999999995,0.8239202657807309,0.4554054054054054,-0.017877208068966866,1.0,-1.0178772080689669,0.29608863592147827,-1.1783781051635742,0.999965488910675,0.891,0.7377300613496932,-0.10899999999999999,0.9664723032069971,0.9637462235649547,0.5781151056289673,-0.014477302320301533,-0.4218848943710327,0.8658743500709534,0.8635643124580383,0.9925546050071716,-0.06099999999999994,"[1, 2, 3]",0.01,128
concrete,256,0.647,0.6747720364741642,0.7050147492625368,0.5602409638554217,-0.37343961000442505,-0.2015741616487503,-0.18650232255458832,-0.7346307635307312,0.991685688495636,wide,nan,0.359375,0.6328125,0.640625,0.0,high,v2_c-high_d-hard_a-concrete_p-wide_s-01,hard,93.32175469398499,37.15266418457031,0.0812478886575749,-0.04815051201485565,transformer,0.752,0.9697885196374623,-0.248,0.9201277955271565,0.40168539325842695,0.009341700002551079,0.8798142075538635,-0.9906582999974489,0.6847856044769287,-1.3938614130020142,0.9991883635520935,1.0,1.0,2,0.001,4.5491667322039575e-08,4.5491667322039575e-08,0.0,0.0,0.0,0.0,1.0,0.785,0.16442276537418365,0.9819828271865845,700,0.556,-0.606471598148346,0.9407203197479248,0.5985,-0.4604831337928772,0.9402769207954407,0.25834205746650696,0.388671875,0.3972196578979492,407041.0,93.96737402678413,0.14728482806953905,0.9201745820929063,1.0,-0.0813454210642941,0.567,0.1,1,1.0,,,1.0,0.962,0.9513677811550152,0.9337349397590361,1.0,0.8489893674850464,0.8054689168930054,0.737922191619873,1.0,0.9998369216918945,1.0,,,1.0,0.9999999403953552,10000,10000,0.654,0.6109422492401215,-0.346,0.813953488372093,0.5621621621621622,-0.37617072463035583,-0.5522626638412476,-1.3761707246303558,0.27790629863739014,-0.7516921758651733,0.9982036352157593,0.6445,0.6901840490797546,-0.35550000000000004,0.6151603498542274,0.6299093655589124,-0.41930365562438965,-0.24194282293319702,-1.4193036556243896,-0.5386965870857239,-0.47026389837265015,0.9978062510490417,-0.0025000000000000577,"[1, 2, 3]",0.01,128
concrete,256,0.469,0.42249240121580545,0.4690265486725664,0.5150602409638554,-1.126617670059204,-1.3196724653244019,-1.1238365173339844,-0.9381473064422607,0.9939057230949402,wide,nan,0.5546875,0.4375,0.4375,0.0,high,v2_c-high_d-hard_a-concrete_p-wide_s-02,hard,63.94686532020569,36.94755554199219,0.08637216540484102,-0.10068562378749452,transformer,0.7405,0.7492447129909365,-0.25949999999999995,0.9121405750798722,0.5814606741573034,-0.02427896112203598,0.0045131901279091835,-1.024278961122036,0.649312436580658,-0.6432798504829407,0.9976479411125183,1.0,1.0,2,0.001,2.4324268821374062e-08,2.4324268821374062e-08,0.0,0.0,0.0,0.0,1.0,0.7205,-0.06776314973831177,0.9854446053504944,700,0.419,-1.2359694242477417,0.9745839834213257,0.344,-1.5875059366226196,0.9726139903068542,-0.009235644713044167,0.5234375,0.5101521611213684,407041.0,92.97854143314902,0.14573492801059315,0.9178548229279164,1.0,-0.15633813050974799,0.481,0.1,2,1.0,,,1.0,0.86,0.7264437689969605,0.8493975903614458,1.0,0.4411314129829407,-0.08693475276231766,0.3937739133834839,1.0,0.9986537098884583,1.0,,,1.0,1.0,10000,10000,0.4225,0.5121580547112462,-0.5775,0.36212624584717606,0.3918918918918919,-1.2892587184906006,-0.8926156163215637,-2.2892587184906006,-1.5514734983444214,-1.4286339282989502,0.9968258142471313,0.287,0.14570552147239263,-0.7130000000000001,0.3104956268221574,0.40181268882175225,-1.8209688663482666,-2.338752269744873,-2.8209688663482666,-1.741585373878479,-1.3932687044143677,0.9949929118156433,-0.182,"[1, 2, 3]",0.01,128
concrete,256,0.785,0.6109422492401215,0.8672566371681416,0.8734939759036144,0.13779690861701965,-0.5629632472991943,0.4690265357494354,0.4940114915370941,0.9975121021270752,wide,1.0,0.203125,0.77734375,0.77734375,1.0,high,v2_c-high_d-hard_a-concrete_p-wide_s-03,hard,75.60679531097412,37.70460891723633,0.0851640810063349,-0.07070627855300524,transformer,0.794,0.9154078549848943,-0.20599999999999996,0.9488817891373802,0.5449438202247191,0.1756623238325119,0.6525645852088928,-0.8243376761674881,0.8041874170303345,-0.8203573226928711,0.9974380731582642,1.0,1.0,2,0.001,2.7259996926431995e-08,2.7259996926431995e-08,0.0,0.0,0.0,0.0,1.0,0.7775,0.12078949064016342,0.9944600462913513,700,0.6955,-0.2115626186132431,0.9878638982772827,0.8535,0.42467352747917175,0.9971091151237488,0.6495003700256348,0.154296875,0.16110698878765106,407041.0,93.29449231612136,0.14623015065524997,0.9298695417121455,1.0,0.2106752206636261,0.782,0.1,3,1.0,,,1.0,0.898,0.7386018237082067,0.9518072289156626,1.0,0.5926340222358704,-0.04558548703789711,0.8091316819190979,1.0,0.9999189376831055,1.0,,,1.0,1.0,10000,10000,0.7055,0.7750759878419453,-0.2945,0.8803986710963455,0.5013513513513513,-0.1834140568971634,0.10030398517847061,-1.1834140568971634,0.5034977197647095,-0.9945051074028015,0.9964722990989685,0.8635,0.7883435582822086,-0.13649999999999995,0.9256559766763849,0.8731117824773413,0.45280778408050537,0.1525399386882782,-0.5471922159194946,0.7024776339530945,0.4898184835910797,0.9986506104469299,0.07850000000000001,"[1, 2, 3]",0.01,128
concrete,256,0.688,0.6869300911854104,0.6873156342182891,0.6897590361445783,-0.24530567228794098,-0.2522795498371124,-0.249239981174469,-0.23437757790088654,0.9982873797416687,wide,nan,0.3349609375,0.671875,0.67578125,0.0,high,v2_c-high_d-hard_a-concrete_p-wide_s-04,hard,85.06524014472961,37.70806121826172,0.07890144984402639,-0.02761668168170675,transformer,0.7685,0.9637462235649547,-0.23150000000000004,0.952076677316294,0.425561797752809,0.07399626076221466,0.8549848794937134,-0.9260037392377853,0.8083069920539856,-1.2977635860443115,0.9999184608459473,1.0,1.0,2,0.001,2.6050328116866694e-08,2.6050328116866694e-08,0.0,0.0,0.0,0.0,1.0,0.769,0.07771226763725281,0.99661785364151,700,0.753,0.011008065193891525,0.9919428825378418,0.7505,0.014493877068161964,0.9916390180587769,0.17261454463005066,0.42578125,0.4265890121459961,407041.0,93.24053238931864,0.1461455736557957,0.9213939524158716,1.0,0.042770724107793145,0.677,0.1,4,1.0,,,1.0,0.934,0.8753799392097265,0.9246987951807228,1.0,0.7360001802444458,0.5015197396278381,0.6987956762313843,1.0,0.9999940395355225,1.0,,,1.0,1.0,10000,10000,0.7615,0.8693009118541033,-0.23850000000000005,0.9767441860465116,0.4905405405405405,0.05294802412390709,0.4813265800476074,-0.9470519758760929,0.9255433082580566,-1.0378296375274658,0.9981048703193665,0.7515,0.7070552147239264,-0.24850000000000005,0.7915451895043731,0.7537764350453172,0.0108561459928751,-0.16066940128803253,-0.9891438540071249,0.17135421931743622,0.013473951257765293,0.995428204536438,0.0635,"[1, 2, 3]",0.01,128
concrete,256,0.348,0.182370820668693,0.3864306784660767,0.47289156626506024,-1.5809804201126099,-2.1924943923950195,-1.4506404399871826,-1.1080800294876099,0.9941824078559875,wide,nan,0.640625,0.37109375,0.3828125,0.0,high,v2_c-high_d-hard_a-concrete_p-wide_s-05,hard,87.68251585960388,38.046119689941406,0.02597019765454094,-0.10856296040960012,transformer,0.7775,0.9894259818731118,-0.22250000000000003,0.9904153354632588,0.39325842696629215,0.11212015897035599,0.9591047763824463,-0.887879841029644,0.9616613388061523,-1.4223133325576782,0.9997212290763855,1.0,1.0,2,0.001,2.8556623732356456e-08,2.8556623732356456e-08,0.0,0.0,0.0,0.0,1.0,0.7785,0.12642207741737366,0.9963386058807373,700,0.344,-1.6142563819885254,0.9926026463508606,0.2505,-1.9654299020767212,0.9889258742332458,0.27941399812698364,0.37109375,0.3804619312286377,407041.0,91.88826333003949,0.14402602186494842,0.9178649724595902,1.0,-0.5018461650303427,0.324,0.1,5,1.0,,,1.0,0.964,0.9726443768996961,0.9186746987951807,1.0,0.8573989272117615,0.8934731483459473,0.6760428547859192,1.0,0.9998094439506531,1.0,,,1.0,0.9999999403953552,10000,10000,0.322,0.19300911854103345,-0.6779999999999999,0.21428571428571427,0.5243243243243243,-1.704118013381958,-2.2279632091522217,-2.704118013381958,-2.1184239387512207,-0.9012767672538757,0.9988728761672974,0.248,0.20705521472392638,-0.752,0.23323615160349853,0.30362537764350456,-2.0077645778656006,-2.171583414077759,-3.0077645778656006,-2.065988540649414,-1.786085605621338,0.9993482232093811,-0.09999999999999998,"[1, 2, 3]",0.01,128
invariant,256,0.144,0.06382978723404255,0.15634218289085547,0.21084337349397592,-2.4093496799468994,-2.7028002738952637,-2.3763434886932373,-2.152252674102783,0.9962132573127747,moderate,nan,0.859375,0.12890625,0.12890625,0.0,high,v2_c-high_d-hard_a-invariant_p-moderate_s-00,hard,82.30218887329102,28.562477111816406,0.007162914301988869,-0.1768695930185652,transformer,0.7675,0.9607250755287009,-0.23250000000000004,0.9792332268370607,0.40168539325842695,0.07823370397090912,0.8434544205665588,-0.9217662960290909,0.9169328808784485,-1.37064528465271,0.9986307621002197,1.0,1.0,2,0.001,5.141098213812256e-08,5.1410978585408884e-08,3.3295664487363813e-15,0.0,0.0,0.0,1.0,0.7775,0.15162985026836395,0.983476459980011,700,0.2925,-1.7264479398727417,0.9677696824073792,0.1885,-2.205650568008423,0.9899886250495911,0.4934726059436798,0.259765625,0.25668948888778687,105217.0,65.49294045848006,0.20190707260856094,0.8881197103537515,1.0,-0.75412858436754,0.146,0.1,0,1.0,,,1.0,0.956,0.939209726443769,0.927710843373494,1.0,0.8273725509643555,0.7568384408950806,0.7210021018981934,1.0,0.9989879131317139,1.0,,,1.0,0.9999998807907104,10000,10000,0.263,0.22188449848024316,-0.737,0.07475083056478406,0.4527027027027027,-1.929867148399353,-2.100613832473755,-2.929867148399353,-2.700995922088623,-1.1507169008255005,0.9954615235328674,0.151,0.14570552147239263,-0.849,0.15306122448979592,0.1540785498489426,-2.391526460647583,-2.402597665786743,-3.391526460647583,-2.3885715007781982,-2.383683919906616,0.9987243413925171,0.007000000000000006,"[1, 2, 3]",0.01,64
invariant,256,0.86,0.9513677811550152,0.855457227138643,0.7740963855421686,0.4398657977581024,0.8054721355438232,0.42183107137680054,0.09597809612751007,0.999697744846344,moderate,1.0,0.1533203125,0.85546875,0.85546875,1.0,high,v2_c-high_d-hard_a-invariant_p-moderate_s-01,hard,94.18781971931458,29.334667205810547,0.036390969683129167,-0.18464030619192173,transformer,0.736,0.9365558912386707,-0.264,0.865814696485623,0.4353932584269663,-0.0559135302901268,0.7462238669395447,-1.0559135302901268,0.46461716294288635,-1.2593786716461182,0.9989810585975647,1.0,1.0,2,0.001,4.22641974751059e-08,4.22641974751059e-08,6.792258736452116e-16,0.0,0.0,0.0,1.0,0.7415,-0.01369435153901577,0.9938772916793823,700,0.755,0.1140330508351326,0.9807530641555786,0.9205,0.686976432800293,0.9850828051567078,0.5349202752113342,0.236328125,0.23777934908866882,105217.0,66.27051826742273,0.20430425401513594,0.8901071240947058,1.0,0.45164655772267137,0.867,0.1,1,1.0,,,1.0,0.929,0.8936170212765957,0.891566265060241,1.0,0.715853750705719,0.5740236639976501,0.5662649869918823,1.0,0.9994432330131531,1.0,,,1.0,0.9999999403953552,10000,10000,0.7525,0.9604863221884499,-0.24750000000000005,0.8770764119601329,0.46621621621621623,0.02614431083202362,0.8419469594955444,-0.9738556891679764,0.5056003332138062,-1.0893025398254395,0.9962392449378967,0.893,0.9294478527607362,-0.10699999999999998,0.8717201166180758,0.879154078549849,0.5789579749107361,0.7278960347175598,-0.4210420250892639,0.48663002252578735,0.5279448628425598,0.9974395036697388,0.03300000000000003,"[1, 2, 3]",0.01,64
invariant,256,0.652,0.5562310030395137,0.6814159292035398,0.7168674698795181,-0.3849356770515442,-0.7745884656906128,-0.2605628967285156,-0.12579883635044098,0.9977676272392273,moderate,nan,0.3857421875,0.6875,0.6875,0.0,high,v2_c-high_d-hard_a-invariant_p-moderate_s-02,hard,72.4249427318573,28.80427360534668,0.11396662501554299,-0.12903862001443311,transformer,0.7565,0.9894259818731118,-0.24350000000000005,0.9920127795527156,0.33286516853932585,0.04112745076417923,0.9577039480209351,-0.9588725492358208,0.9900383949279785,-1.6453779935836792,0.9973112344741821,1.0,1.0,2,0.001,2.9313703464595164e-08,2.9313699911881486e-08,3.064923921619221e-15,0.0,0.0,0.0,1.0,0.752,0.03316151350736618,0.9933696389198303,700,0.5695,-0.6816707849502563,0.9761143326759338,0.59,-0.6193745136260986,0.9913396835327148,0.2845745086669922,0.3515625,0.3502739667892456,105217.0,65.65966571981899,0.20242106708202914,0.8890691065490574,1.0,0.05593296188298236,0.626,0.1,2,1.0,,,1.0,0.931,0.8814589665653495,0.9096385542168675,1.0,0.7293094396591187,0.5344544649124146,0.6460057497024536,1.0,0.9982072710990906,1.0,,,1.0,1.0,10000,10000,0.604,0.6428571428571429,-0.396,0.717607973421927,0.47702702702702704,-0.5794605016708374,-0.42847612500190735,-1.5794605016708374,-0.13005883991718292,-1.0793085098266602,0.9960343241691589,0.587,0.5521472392638037,-0.41300000000000003,0.5991253644314869,0.6087613293051359,-0.6489241719245911,-0.7914098501205444,-1.648924171924591,-0.6025325059890747,-0.556664228439331,0.9981743693351746,-0.06500000000000006,"[1, 2, 3]",0.01,64
invariant,256,0.925,1.0,0.8525073746312685,0.9246987951807228,0.7040086388587952,1.0,0.4218541085720062,0.6987954378128052,0.9994097352027893,moderate,1.0,0.1015625,0.90625,0.90625,1.0,high,v2_c-high_d-hard_a-invariant_p-moderate_s-03,hard,88.55958104133606,29.217039108276367,0.13377165901197313,-0.05130993609964563,transformer,0.7825,1.0,-0.21750000000000003,1.0,0.3890449438202247,0.13000045716762543,1.0,-0.8699995428323746,1.0,-1.4438190460205078,0.9999997615814209,1.0,1.0,2,0.001,2.8207663760326795e-08,2.8207661983969956e-08,2.24235159181573e-15,0.0,0.0,0.0,1.0,0.777,0.1283501535654068,0.9905818700790405,700,0.772,0.11407607793807983,0.9850698709487915,0.9225,0.7132135629653931,0.9624804854393005,0.8396580219268799,0.07421875,0.07422095537185669,105217.0,66.40978089696105,0.2047335844079541,0.8945039080477786,1.0,0.4668723646561058,0.926,0.1,3,1.0,,,1.0,0.994,1.0,0.9819277108433735,1.0,0.9760075211524963,1.0,0.9277334809303284,1.0,0.9999991059303284,1.0,,,1.0,1.0,10000,10000,0.796,1.0,-0.20399999999999996,0.9667774086378738,0.4756756756756757,0.1832069456577301,1.0,-0.8167930543422699,0.8671177625656128,-1.099447250366211,0.9985072612762451,0.9585,1.0,-0.04149999999999998,0.9314868804664723,0.945619335347432,0.8340018391609192,1.0,-0.1659981608390808,0.7259475588798523,0.7824826836585999,0.9999980330467224,0.033499999999999974,"[1, 2, 3]",0.01,64
invariant,256,0.493,0.23100303951367782,0.6814159292035398,0.5602409638554217,-1.020869255065918,-2.074993133544922,-0.27407896518707275,-0.7388063073158264,0.9989239573478699,moderate,nan,0.5068359375,0.51171875,0.5,0.0,high,v2_c-high_d-hard_a-invariant_p-moderate_s-04,hard,86.55911374092102,29.506864547729492,0.10134046461821361,-0.13444446542574093,transformer,0.7895,0.9607250755287009,-0.21050000000000002,0.9760383386581469,0.46629213483146065,0.1588958203792572,0.8430536985397339,-0.8411041796207428,0.9044715762138367,-1.1327375173568726,0.9992929697036743,1.0,1.0,2,0.001,5.302776884263949e-08,5.302776884263949e-08,6.147724103013329e-17,0.0,0.0,0.0,1.0,0.7925,0.17059707641601562,0.9905023574829102,700,0.4445,-1.1768176555633545,0.9878513813018799,0.4565,-1.0799057483673096,0.9685574173927307,0.282751202583313,0.3828125,0.38162001967430115,105217.0,66.07443227680552,0.20369974384857584,0.8936095372457067,1.0,-0.2875671966152009,0.45,0.1,4,1.0,,,1.0,0.961,0.9209726443768997,0.9608433734939759,1.0,0.8440960049629211,0.6838799715042114,0.8436731696128845,1.0,0.9998025298118591,1.0,,,1.0,0.9999999403953552,10000,10000,0.449,0.4756838905775076,-0.5509999999999999,0.49335548172757476,0.3891891891891892,-1.1872279644012451,-1.097244381904602,-2.187227964401245,-1.0023974180221558,-1.4176021814346313,0.9959120154380798,0.5035,0.2883435582822086,-0.49650000000000005,0.6268221574344023,0.5876132930513596,-0.9705257415771484,-1.8557602167129517,-1.9705257415771484,-0.4652728736400604,-0.6222334504127502,0.9937443733215332,0.010499999999999954,"[1, 2, 3]",0.01,64
invariant,256,0.183,0.22492401215805471,0.13864306784660768,0.18674698795180722,-2.255753755569458,-2.1003029346466064,-2.4120569229125977,-2.2502012252807617,0.99814772605896,moderate,nan,0.8076171875,0.15625,0.15625,0.0,high,v2_c-high_d-hard_a-invariant_p-moderate_s-05,hard,84.96883988380432,29.139450073242188,0.05211741105414674,-0.1577717944919237,transformer,0.783,0.9924471299093656,-0.21699999999999997,0.9824281150159745,0.41292134831460675,0.14131619036197662,0.9698206782341003,-0.8586838096380234,0.9487375020980835,-1.338902473449707,0.9979265928268433,1.0,1.0,2,0.001,5.975635275490276e-08,5.975635275490276e-08,1.3328946456893928e-15,0.0,0.0,0.0,1.0,0.7755,0.10941071063280106,0.9930055141448975,1000,0.405,-1.3613247871398926,0.9951959252357483,0.2675,-1.9011852741241455,0.9928041696548462,0.3247191905975342,0.3359375,0.33781731128692627,105217.0,64.90177763608204,0.20008458679452015,0.8867092797481955,1.0,-0.5747582074576159,0.161,0.1,5,1.0,,,1.0,0.976,1.0,0.927710843373494,1.0,0.9047513008117676,1.0,0.7131063938140869,1.0,0.9998850226402283,1.0,,,1.0,0.9999999403953552,10000,10000,0.388,0.35714285714285715,-0.612,0.14119601328903655,0.6162162162162163,-1.4479702711105347,-1.5717190504074097,-2.4479702711105347,-2.4352149963378906,-0.5347967743873596,0.9988842010498047,0.2555,0.18711656441717792,-0.7444999999999999,0.33090379008746357,0.24471299093655588,-1.9758881330490112,-2.251532554626465,-2.9758881330490112,-1.6740039587020874,-2.0172362327575684,0.9992958903312683,0.07250000000000001,"[1, 2, 3]",0.01,64
invariant,256,0.313,0.0851063829787234,0.4365781710914454,0.4126506024096386,-1.7370095252990723,-2.6590404510498047,-1.2559139728546143,-1.3145488500595093,0.9971193671226501,tight,nan,0.6796875,0.2890625,0.2890625,0.0,high,v2_c-high_d-hard_a-invariant_p-tight_s-00,hard,68.07776832580566,19.853607177734375,0.07595009442086709,-0.4613441660472113,transformer,0.7245,0.9018126888217523,-0.27549999999999997,0.8785942492012779,0.4241573033707865,-0.09147080034017563,0.6072521209716797,-1.0914708003401756,0.527345597743988,-1.2851977348327637,0.9981716871261597,1.0,1.0,2,0.001,2.0972589709344902e-07,2.097258828825943e-07,1.3561485376518967e-14,0.0,0.0,0.0,1.0,0.716,-0.12131407856941223,0.9963181018829346,2000,0.4335,-1.2644997835159302,0.9981256723403931,0.2885,-1.8360788822174072,0.9980895519256592,0.37184619903564453,0.322265625,0.3243938088417053,28033.0,47.2783802344434,0.2823760121457129,0.8747901033568701,1.0,-0.35686760132183615,0.323,0.1,0,1.0,,,1.0,0.942,0.9300911854103343,0.8945783132530121,1.0,0.7657383680343628,0.7137094140052795,0.5780961513519287,1.0,0.9964368939399719,1.0,,,1.0,0.9999997615814209,10000,10000,0.372,0.3617021276595745,-0.628,0.3521594684385382,0.3972972972972973,-1.5070288181304932,-1.5343910455703735,-2.507028818130493,-1.591307520866394,-1.4141370058059692,0.9974928498268127,0.2785,0.09355828220858896,-0.7215,0.2915451895043732,0.4471299093655589,-1.8692280054092407,-2.5997958183288574,-2.8692280054092407,-1.8119487762451172,-1.2090517282485962,0.9970016479492188,-0.034499999999999975,"[1, 2, 3]",0.01,32
invariant,256,0.165,0.1580547112462006,0.23893805309734514,0.0963855421686747,-2.3370790481567383,-2.371781349182129,-2.0356051921844482,-2.610520839691162,0.9956085681915283,tight,nan,0.8662109375,0.1796875,0.18359375,0.0,high,v2_c-high_d-hard_a-invariant_p-tight_s-01,hard,85.64436626434326,20.06246566772461,0.02596254617073639,-0.20565930482080846,transformer,0.7385,1.0,-0.26149999999999995,0.9776357827476039,0.2851123595505618,-0.03990963473916054,0.9998940825462341,-1.0399096347391605,0.911188006401062,-1.8429112434387207,0.9988698959350586,1.0,1.0,2,0.001,1.5855236767947645e-07,1.5855235346862173e-07,9.521773492826395e-15,0.0,0.0,0.0,1.0,0.7515,0.04102332517504692,0.986247718334198,700,0.2235,-2.014601230621338,0.9839614033699036,0.0995,-2.4633071422576904,0.9703699946403503,0.5014796257019043,0.26953125,0.2679797112941742,28033.0,47.83176774412473,0.2856811879444646,0.8681144340093228,1.0,-0.5591007117884994,0.169,0.1,1,1.0,,,1.0,0.955,0.9787234042553191,0.8855421686746988,1.0,0.8208781480789185,0.9148938655853271,0.5448135733604431,1.0,0.9998832941055298,1.0,,,1.0,0.9999998807907104,10000,10000,0.217,0.0,-0.783,0.0,0.5864864864864865,-2.131988763809204,-2.999997854232788,-3.131988763809204,-2.999997854232788,-0.6540271043777466,0.999852180480957,0.049,0.0,-0.951,0.04518950437317784,0.10120845921450151,-2.8041162490844727,-2.9985103607177734,-3.8041162490844727,-2.820998191833496,-2.5951640605926514,0.9994592070579529,-0.116,"[1, 2, 3]",0.01,32
invariant,256,0.454,0.39209726443769,0.4277286135693215,0.5421686746987951,-1.1759412288665771,-1.4243940114974976,-1.2788681983947754,-0.8246369957923889,0.9987125396728516,tight,nan,0.548828125,0.41015625,0.40234375,0.0,high,v2_c-high_d-hard_a-invariant_p-tight_s-02,hard,82.58056378364563,19.730924606323242,0.12036993008997374,-0.3071207688637063,transformer,0.705,0.8731117824773413,-0.29500000000000004,0.805111821086262,0.4606741573033708,-0.1799745112657547,0.4928368031978607,-1.1799745112657547,0.2205842286348343,-1.1577144861221313,0.9995003938674927,1.0,1.0,2,0.001,1.6640271383039362e-07,1.6640271383039362e-07,5.784223248891376e-15,0.0,0.0,0.0,1.0,0.704,-0.17921949923038483,0.9968365430831909,2000,0.678,-0.2857501804828644,0.9920864105224609,0.631,-0.4616432189941406,0.9955779314041138,0.16259469091892242,0.408203125,0.40913957357406616,28033.0,47.20902255413302,0.2819617647649735,0.8590157503716513,1.0,-0.1308857991190373,0.464,0.1,2,1.0,,,1.0,0.877,0.8024316109422492,0.8253012048192772,1.0,0.5072768330574036,0.20656231045722961,0.302162230014801,1.0,0.9983752369880676,1.0,,,1.0,0.9999997615814209,10000,10000,0.675,0.8297872340425532,-0.32499999999999996,0.6611295681063123,0.5486486486486486,-0.28172221779823303,0.3103072941303253,-1.281722217798233,-0.35614386200904846,-0.7476054430007935,0.9906815886497498,0.6135,0.5996932515337423,-0.38649999999999995,0.6661807580174927,0.5725075528700906,-0.5466524362564087,-0.601315438747406,-1.5466524362564087,-0.3352639675140381,-0.7118672132492065,0.9987695813179016,0.15950000000000003,"[1, 2, 3]",0.01,32
invariant,256,0.331,0.23100303951367782,0.40117994100294985,0.35843373493975905,-1.6671847105026245,-2.0759408473968506,-1.3987340927124023,-1.5362327098846436,0.9973912239074707,tight,nan,0.6728515625,0.328125,0.32421875,0.0,high,v2_c-high_d-hard_a-invariant_p-tight_s-03,hard,91.96052408218384,19.66954803466797,0.1022394638909578,-0.22442720031352129,transformer,0.806,1.0,-0.19399999999999995,1.0,0.4550561797752809,0.22317823767662048,1.0,-0.7768217623233795,0.9999005794525146,-1.1819961071014404,0.9986760020256042,1.0,1.0,2,0.001,1.465001133738042e-07,1.465001133738042e-07,4.104748343932178e-15,0.0,0.0,0.0,1.0,0.7715,0.13965211808681488,0.9690133333206177,1000,0.317,-1.4686177968978882,0.9288123250007629,0.204,-1.9509214162826538,0.9514561891555786,0.3063451945781708,0.353515625,0.35444191098213196,28033.0,47.7068553083552,0.28493513287013467,0.878169511507492,1.0,-0.35333248017702545,0.331,0.1,3,1.0,,,1.0,0.975,1.0,0.9246987951807228,1.0,0.9010547995567322,0.9999992847442627,0.7019729614257812,1.0,0.9997269511222839,1.0,,,1.0,0.9999998807907104,10000,10000,0.3855,0.4452887537993921,-0.6145,0.23089700996677742,0.4581081081081081,-1.4332941770553589,-1.2168807983398438,-2.433294177055359,-2.014657974243164,-1.1527791023254395,0.9954107999801636,0.272,0.13803680981595093,-0.728,0.2478134110787172,0.42900302114803623,-1.912195086479187,-2.4478275775909424,-2.912195086479187,-2.0087149143218994,-1.2846347093582153,0.9988774657249451,-0.059,"[1, 2, 3]",0.01,32
invariant,256,0.204,0.0851063829787234,0.20648967551622419,0.3192771084337349,-2.183234930038452,-2.659571409225464,-2.17179012298584,-1.7228885889053345,0.9991835951805115,tight,nan,0.7763671875,0.24609375,0.24609375,0.0,high,v2_c-high_d-hard_a-invariant_p-tight_s-04,hard,85.43879580497742,19.21831512451172,0.062122742485960517,-0.3274338501168304,transformer,0.7635,0.974320241691843,-0.23650000000000004,0.9648562300319489,0.3904494382022472,0.05691291019320488,0.8976171016693115,-0.9430870898067951,0.8592929244041443,-1.4302161931991577,0.9992566704750061,1.0,1.0,2,0.001,1.3301610124472063e-07,1.3301610124472063e-07,1.3449477127705847e-15,0.0,0.0,0.0,1.0,0.765,0.1030997484922409,0.9874536991119385,700,0.41,-1.308437466621399,0.9823792576789856,0.186,-2.1876378059387207,0.9807043671607971,0.40930086374282837,0.318359375,0.317035436630249,28033.0,46.73684483614433,0.279141624557789,0.84651808605938,1.0,-0.5258652023086552,0.211,0.1,4,1.0,,,1.0,0.959,0.9300911854103343,0.9457831325301205,1.0,0.8365550637245178,0.7203659415245056,0.7848032712936401,1.0,0.9997960329055786,1.0,,,1.0,0.9999998807907104,10000,10000,0.4195,0.2553191489361702,-0.5805,0.29401993355481726,0.6675675675675675,-1.2974355220794678,-1.9082539081573486,-2.2974355220794678,-1.8193367719650269,-0.3297288715839386,0.9964873194694519,0.181,0.1196319018404908,-0.819,0.17201166180758018,0.25075528700906347,-2.2856874465942383,-2.550396203994751,-3.2856874465942383,-2.3125805854797363,-1.9971100091934204,0.9915333390235901,-0.022999999999999993,"[1, 2, 3]",0.01,32
invariant,256,0.547,0.5714285714285714,0.4247787610619469,0.6475903614457831,-0.8101382255554199,-0.7115700840950012,-1.2988451719284058,-0.40880483388900757,0.9978813529014587,tight,nan,0.423828125,0.515625,0.42578125,0.0,high,v2_c-high_d-hard_a-invariant_p-tight_s-05,hard,105.49275827407837,19.693111419677734,0.05325889048726648,-0.4353275229564578,transformer,0.7565,0.9577039274924471,-0.24350000000000005,0.9201277955271565,0.425561797752809,0.025992538779973984,0.8237950205802917,-0.974007461220026,0.6805114150047302,-1.2912461757659912,0.9978765845298767,1.0,1.0,2,0.001,1.1680307920869382e-07,1.1680307210326646e-07,5.397147403204527e-15,0.0,0.0,0.0,1.0,0.766,0.08686848729848862,0.9887492060661316,1000,0.6575,-0.3636176288127899,0.9685103893280029,0.6175,-0.47620904445648193,0.9788099527359009,-0.004165977239608765,0.501953125,0.502527117729187,28033.0,45.592666413004395,0.27230787647447274,0.8617940011063235,1.0,-0.07787084902110308,0.546,0.1,5,1.0,,,1.0,0.929,0.8601823708206687,0.9246987951807228,1.0,0.7178547978401184,0.44164738059043884,0.7034723162651062,1.0,0.9997464418411255,1.0,,,1.0,0.9999998807907104,10000,10000,0.6115,0.6838905775075987,-0.38849999999999996,0.7641196013289037,0.422972972972973,-0.5565568208694458,-0.26449984312057495,-1.5565568208694458,0.04801835119724274,-1.3080806732177734,0.9974544644355774,0.6135,0.4110429447852761,-0.38649999999999995,0.607871720116618,0.8187311178247734,-0.529275119304657,-1.3329819440841675,-1.529275119304657,-0.5410405993461609,0.2744831442832947,0.997272253036499,0.0665,"[1, 2, 3]",0.01,32
invariant,256,0.64,0.7021276595744681,0.5958702064896755,0.6234939759036144,-0.4387860596179962,-0.1864428073167801,-0.6222458481788635,-0.5015211701393127,0.9975579380989075,wide,nan,0.30859375,0.609375,0.62109375,0.0,high,v2_c-high_d-hard_a-invariant_p-wide_s-00,hard,92.5578031539917,37.47890853881836,0.07855254188881598,-0.18520874889260613,transformer,0.8205,1.0,-0.1795,1.0,0.4957865168539326,0.2844381630420685,0.9981774091720581,-0.7155618369579315,1.0,-1.0083106756210327,0.9987649917602539,1.0,1.0,2,0.001,2.061097070793494e-08,2.061097070793494e-08,3.599661326935018e-16,0.0,0.0,0.0,1.0,0.8205,0.2919802963733673,0.998109757900238,700,0.6935,-0.15770061314105988,0.979659378528595,0.6995,-0.15233996510505676,0.9828208684921265,0.1322280764579773,0.470703125,0.4735570251941681,407041.0,93.14143204393378,0.14599024338842564,0.9337711222501796,1.0,0.12387164237236459,0.662,0.1,0,1.0,,,1.0,0.996,1.0,0.9879518072289156,1.0,0.984000027179718,1.0,0.9518072009086609,1.0,1.0,1.0,,,1.0,1.0,10000,10000,0.7085,0.7325227963525835,-0.2915,0.9352159468438538,0.5027027027027027,-0.14387011528015137,-0.021504424512386322,-1.1438701152801514,0.7395806908607483,-0.9713755249977112,0.9945436716079712,0.6795,0.651840490797546,-0.3205,0.7157434402332361,0.6691842900302115,-0.2673557996749878,-0.3908158838748932,-1.2673557996749878,-0.12215374410152435,-0.2962268590927124,0.9977307319641113,0.03949999999999998,"[1, 2, 3]",0.01,128
invariant,256,0.838,0.7598784194528876,0.9351032448377581,0.8162650602409639,0.3512355387210846,0.03950481861829758,0.7404941916465759,0.26268354058265686,0.9988797903060913,wide,0.9886363636363636,0.15234375,0.83203125,0.83984375,1.0,high,v2_c-high_d-hard_a-invariant_p-wide_s-01,hard,82.02362060546875,37.13734817504883,0.06932841456388393,-0.03891651179253329,transformer,0.7595,0.8942598187311178,-0.24050000000000005,0.9648562300319489,0.45365168539325845,0.03816578537225723,0.577039361000061,-0.9618342146277428,0.8599017858505249,-1.1853469610214233,0.9999744296073914,1.0,1.0,2,0.001,3.489181921167983e-08,3.489181565896615e-08,4.071562016575228e-15,0.0,0.0,0.0,1.0,0.77,0.1326296031475067,0.982438862323761,700,0.7035,-0.11379840224981308,0.9803987741470337,0.856,0.46168506145477295,0.9807864427566528,0.3451427221298218,0.33203125,0.33184489607810974,407041.0,93.84123442540559,0.1470871163670017,0.9172320856746959,1.0,0.34538459491974893,0.827,0.1,1,1.0,,,1.0,0.944,0.939209726443769,0.891566265060241,1.0,0.7755650877952576,0.7568389773368835,0.5649549961090088,1.0,0.9993823766708374,1.0,,,1.0,1.0,10000,10000,0.716,0.9088145896656535,-0.28400000000000003,0.9102990033222591,0.3864864864864865,-0.13230399787425995,0.6352583765983582,-1.13230399787426,0.6411960124969482,-1.4440648555755615,0.9994678497314453,0.888,0.8819018404907976,-0.11199999999999999,0.8994169096209913,0.8821752265861027,0.5519886612892151,0.5276075601577759,-0.4480113387107849,0.5976628065109253,0.5286715030670166,0.9998959898948669,0.050000000000000044,"[1, 2, 3]",0.01,128
invariant,256,0.633,0.6261398176291794,0.6755162241887905,0.5963855421686747,-0.4535389244556427,-0.4953903555870056,-0.25609350204467773,-0.6136740446090698,0.997414767742157,wide,nan,0.4267578125,0.63671875,0.63671875,0.0,high,v2_c-high_d-hard_a-invariant_p-wide_s-02,hard,83.96671843528748,37.123558044433594,0.08800102281198342,-0.1086945611535204,transformer,0.817,0.9682779456193353,-0.18300000000000005,0.950479233226837,0.5589887640449438,0.273708313703537,0.8729116916656494,-0.726291686296463,0.8031793832778931,-0.7489343881607056,0.9980359673500061,1.0,1.0,2,0.001,3.252342040127587e-08,3.252341684856219e-08,3.237643680443266e-15,0.0,0.0,0.0,1.0,0.788,0.19689516723155975,0.9866241216659546,700,0.5735,-0.6297677159309387,0.9628164172172546,0.5875,-0.5613626837730408,0.9652422070503235,0.13522322475910187,0.435546875,0.4381328225135803,407041.0,93.17945679174471,0.14604984352625777,0.9252813217654808,0.999,0.0035871128427245047,0.651,0.1,2,1.0,,,1.0,0.916,0.8480243161094225,0.8975903614457831,1.0,0.6638851165771484,0.392122358083725,0.5899904370307922,1.0,0.9998168349266052,1.0,,,1.0,1.0,10000,10000,0.557,0.6291793313069909,-0.44299999999999995,0.5514950166112956,0.4972972972972973,-0.7405047416687012,-0.43856436014175415,-1.7405047416687012,-0.7382672429084778,-1.0108070373535156,0.9952948093414307,0.6225,0.6457055214723927,-0.37749999999999995,0.6486880466472303,0.5725075528700906,-0.49963057041168213,-0.4171774089336395,-1.4996305704116821,-0.3833217918872833,-0.7013638019561768,0.9976724982261658,-0.010499999999999954,"[1, 2, 3]",0.01,128
invariant,256,0.768,0.5957446808510638,0.8436578171091446,0.8614457831325302,0.07340552657842636,-0.6170212030410767,0.37543565034866333,0.4491952061653137,0.9996083974838257,wide,1.0,0.234375,0.76953125,0.76953125,1.0,high,v2_c-high_d-hard_a-invariant_p-wide_s-03,hard,83.3163628578186,37.741268157958984,0.0918099944258281,-0.054243556880179,transformer,0.771,0.8942598187311178,-0.22899999999999998,0.9249201277955271,0.5210674157303371,0.08505911380052567,0.5770393013954163,-0.9149408861994743,0.699680507183075,-0.9127553701400757,0.9998629093170166,1.0,1.0,2,0.001,3.0183546328999e-08,3.018354277628532e-08,3.0720428100244196e-15,0.0,0.0,0.0,1.0,0.7725,0.09328638017177582,0.9967494606971741,700,0.6255,-0.47875627875328064,0.9936496019363403,0.758,0.05091360583901405,0.9919657111167908,0.6179753541946411,0.19140625,0.19173821806907654,407041.0,93.35701676041688,0.14632815171278282,0.9344368004544963,1.0,0.14315876239642977,0.734,0.1,3,1.0,,,1.0,0.89,0.6808510638297872,0.9849397590361446,1.0,0.5600141286849976,-0.2765539586544037,0.939760148525238,1.0,0.9999982118606567,1.0,,,1.0,1.0,10000,10000,0.6565,0.621580547112462,-0.3435,0.9186046511627907,0.4743243243243243,-0.3739994466304779,-0.5136774778366089,-1.373999446630478,0.6744186282157898,-1.1027014255523682,0.9999951124191284,0.753,0.6226993865030674,-0.247,0.8323615160349854,0.7990936555891238,0.016255171969532967,-0.5092023015022278,-0.983744828030467,0.3408313989639282,0.19743192195892334,0.9993413686752319,-0.015000000000000013,"[1, 2, 3]",0.01,128
invariant,256,0.557,0.4194528875379939,0.6106194690265486,0.6385542168674698,-0.7728261351585388,-1.3240703344345093,-0.5590383410453796,-0.44485828280448914,0.9979000091552734,wide,nan,0.4755859375,0.54296875,0.4765625,0.0,high,v2_c-high_d-hard_a-invariant_p-wide_s-04,hard,101.44024443626404,37.67166519165039,0.0841712450698737,-0.01253982525639441,transformer,0.784,0.9199395770392749,-0.21599999999999997,0.9712460063897763,0.49297752808988765,0.14412587881088257,0.6797583103179932,-0.8558741211891174,0.884984016418457,-1.005264401435852,0.9986160397529602,1.0,1.0,2,0.001,2.7255886436705623e-08,2.7255884660348784e-08,1.7053518673769354e-15,0.0,0.0,0.0,1.0,0.7635,0.06574796885251999,0.9976622462272644,700,0.775,0.10537242889404297,0.998947024345398,0.7565,0.07696902751922607,0.9818161725997925,0.18378442525863647,0.41796875,0.4224904775619507,407041.0,93.0773234480856,0.1458897593255786,0.9198792283059054,0.999,-0.12450942732125836,0.593,0.1,4,1.0,,,1.0,0.958,0.9270516717325228,0.9457831325301205,1.0,0.8318520188331604,0.7085070610046387,0.7823891043663025,1.0,0.9993951320648193,1.0,,,1.0,1.0,10000,10000,0.775,1.0,-0.22499999999999998,0.9285714285714286,0.45,0.10000018030405045,1.0,-0.8999998196959496,0.7142857313156128,-1.199999451637268,0.9999998211860657,0.7375,0.6303680981595092,-0.26249999999999996,0.7755102040816326,0.8036253776435045,-0.047418639063835144,-0.4741191864013672,-1.0474186390638351,0.10288653522729874,0.2170819491147995,0.9994651675224304,0.1805,"[1, 2, 3]",0.01,128
invariant,256,0.411,0.2857142857142857,0.5309734513274337,0.4126506024096386,-1.3459080457687378,-1.8589791059494019,-0.8445648550987244,-1.3493870496749878,0.9976970553398132,wide,nan,0.578125,0.40234375,0.39453125,0.0,high,v2_c-high_d-hard_a-invariant_p-wide_s-05,hard,101.7364718914032,37.988037109375,0.04976882731372675,-0.09331089828777353,transformer,0.7735,0.9290030211480362,-0.22650000000000003,1.0,0.4297752808988764,0.0974888950586319,0.7168259024620056,-0.9025111049413681,1.0,-1.271855354309082,0.9995242357254028,1.0,1.0,2,0.001,3.317202867947344e-08,3.317202867947344e-08,8.974079818609837e-17,0.0,0.0,0.0,1.0,0.7695,0.1023285835981369,0.9940109848976135,700,0.391,-1.3351781368255615,0.9674598574638367,0.4465,-1.1214135885238647,0.9760522246360779,0.27634671330451965,0.361328125,0.3614834249019623,407041.0,91.98396090163273,0.14417601861142304,0.9097188427475694,1.0,-0.32814426430472654,0.425,0.1,5,1.0,,,1.0,0.985,1.0,0.9548192771084337,1.0,0.9398552179336548,1.0,0.8188410401344299,1.0,0.9998058676719666,1.0,,,1.0,0.9999999403953552,10000,10000,0.339,0.21580547112462006,-0.661,0.2574750830564784,0.5148648648648648,-1.643539547920227,-2.136776924133301,-2.643539547920227,-1.9700947999954224,-0.9393010139465332,0.9999414086341858,0.3535,0.3159509202453988,-0.6465000000000001,0.4037900874635568,0.338368580060423,-1.576149821281433,-1.736063003540039,-2.576149821281433,-1.366005539894104,-1.6364145278930664,0.9977413415908813,-0.057499999999999996,"[1, 2, 3]",0.01,128
latent,256,0.778,0.8632218844984803,0.672566371681416,0.8012048192771084,0.15205249190330505,0.4646679759025574,-0.2715088129043579,0.2747536301612854,0.9868185520172119,moderate,0.9929328621908127,0.220703125,0.76953125,0.7734375,1.0,high,v2_c-high_d-hard_a-latent_p-moderate_s-00,hard,108.66111135482788,7.513612747192383,0.9999998991000592,0.9999998164503293,transformer,0.8205,1.0,-0.1795,1.0,0.4957865168539326,0.2820064127445221,1.0,-0.7179935872554779,1.0,-1.0168360471725464,0.9999985098838806,1.0,1.0,2,0.001,6.391739589162171e-06,1.0911767844845599e-07,4.182663582792761e-18,3.6452015592658427e-06,2.7854049733377906e-08,2.6095658540725708e-05,1.0,0.814,0.2785869240760803,0.9950293898582458,1000,0.5645,-0.7384925484657288,0.9922322034835815,0.567,-0.7079654335975647,0.9940667748451233,0.2921115756034851,0.349609375,0.35757988691329956,105217.0,47.34212110094606,0.14595022021696896,0.999992990111852,1.0,0.29177383797370804,0.786,0.1,0,1.0,,,1.0,0.995,1.0,0.9849397590361446,1.0,0.9801355600357056,1.0,0.9401673674583435,1.0,0.9999697804450989,1.0,,,1.0,0.9999998807907104,10000,10000,0.748,1.0,-0.252,1.0,0.31891891891891894,-0.007999432273209095,1.0,-1.007999432273209,1.0,-1.7243226766586304,0.9999998807907104,0.951,1.0,-0.049000000000000044,0.8571428571428571,1.0,0.8039987683296204,1.0,-0.19600123167037964,0.42857417464256287,0.9999935626983643,0.9999741315841675,0.17299999999999993,"[1, 2, 3]",0.01,64
latent,256,0.986,0.9574468085106383,1.0,1.0,0.9546385407447815,0.8626160025596619,1.0,0.99951171875,0.9981987476348877,moderate,1.0,0.0234375,0.98828125,0.98828125,1.0,high,v2_c-high_d-hard_a-latent_p-moderate_s-01,hard,106.42331457138062,7.97266149520874,0.9999977274099904,0.9999932874147436,transformer,0.8695,1.0,-0.13049999999999995,1.0,0.6334269662921348,0.47801488637924194,1.0,-0.5219851136207581,1.0,-0.46625030040740967,0.9989868402481079,1.0,1.0,2,0.001,3.8555172068299726e-05,1.540582957204606e-06,1.828384567635925e-15,2.5039236788870767e-05,2.6848028937820345e-06,9.290548041462898e-05,1.0,0.7945,0.2213355004787445,0.9710891842842102,700,0.686,-0.04688061773777008,0.930788516998291,0.6685,-0.18697455525398254,0.9477764964103699,0.9795529842376709,0.01953125,0.022141247987747192,105217.0,47.92284895572286,0.14774053624674882,0.9999473073306366,1.0,0.6218316174542035,0.961,0.1,1,1.0,,,1.0,0.998,0.993920972644377,1.0,1.0,0.9920002222061157,0.975684642791748,1.0,1.0,0.9999985098838806,1.0,,,1.0,0.9999984502792358,10000,10000,0.8875,1.0,-0.11250000000000004,1.0,0.6959459459459459,0.5662932395935059,1.0,-0.43370676040649414,1.0,-0.1721804291009903,0.9973025918006897,0.986,0.9601226993865031,-0.014000000000000012,1.0,0.9969788519637462,0.9439781308174133,0.8404949307441711,-0.05602186918258667,1.0,0.9878453612327576,0.999911367893219,0.0,"[1, 2, 3]",0.01,64
latent,256,0.921,0.8662613981762918,0.9557522123893806,0.9397590361445783,0.6800731420516968,0.4650826156139374,0.8113842606544495,0.7590413689613342,0.9979073405265808,moderate,1.0,0.052734375,0.8828125,0.8828125,1.0,high,v2_c-high_d-hard_a-latent_p-moderate_s-02,hard,106.12574648857117,7.927981853485107,0.9998906436907239,0.9997577005045322,transformer,0.8495,1.0,-0.15049999999999997,1.0,0.577247191011236,0.41054272651672363,1.0,-0.5894572734832764,1.0,-0.6557788848876953,0.9966633915901184,1.0,1.0,2,0.001,0.00016270689957309514,5.661004706780659e-06,3.000350957808352e-14,7.31704494683072e-05,3.181148713338189e-05,0.0005206395871937275,1.0,0.7865,0.15513263642787933,0.9935329556465149,700,0.5705,-0.6971540451049805,0.9892110228538513,0.6985,-0.17581649124622345,0.9764350652694702,0.7600610256195068,0.154296875,0.1521388292312622,105217.0,47.694170912521045,0.14703554859541557,0.9996296799995584,1.0,0.5360924650609178,0.96,0.1,2,1.0,,,1.0,1.0,1.0,1.0,1.0,1.0,1.0,1.0,1.0,0.9999944567680359,1.0,,,1.0,0.9999943375587463,10000,10000,0.717,0.8753799392097265,-0.28300000000000003,0.8787375415282392,0.4445945945945946,-0.13746392726898193,0.5015336871147156,-1.137463927268982,0.5154252052307129,-1.2367879152297974,0.9934318661689758,0.922,0.8895705521472392,-0.07799999999999996,0.9402332361516035,0.9350453172205438,0.6940563917160034,0.5582869052886963,-0.3059436082839966,0.7565011978149414,0.7630665898323059,0.9968975782394409,0.0010000000000000009,"[1, 2, 3]",0.01,64
latent,256,0.979,0.9513677811550152,1.0,0.9849397590361446,0.9160001277923584,0.8054711222648621,1.0,0.9397594332695007,0.9999994039535522,moderate,1.0,0.0234375,0.98046875,0.98046875,1.0,high,v2_c-high_d-hard_a-latent_p-moderate_s-03,hard,111.05915784835815,7.809895992279053,0.9999998222089197,0.9999996765141681,transformer,0.8625,1.0,-0.13749999999999996,1.0,0.6137640449438202,0.45004358887672424,1.0,-0.5499564111232758,1.0,-0.5448215007781982,0.9999844431877136,1.0,1.0,2,0.001,5.822247203468578e-06,6.722519430013563e-08,1.9042844121600907e-19,2.5669648948678514e-06,5.6018958360937177e-08,3.132037818431854e-05,1.0,0.7845,0.19385139644145966,0.9854825735092163,700,0.8565,0.4446426331996918,0.9755723476409912,0.819,0.3236716389656067,0.9774649739265442,0.8998249769210815,0.052734375,0.05273523926734924,105217.0,46.6662121800638,0.14386647209679004,0.9999847994984896,1.0,0.6277161766762372,0.979,0.1,3,1.0,,,1.0,1.0,1.0,1.0,1.0,1.0,1.0,1.0,1.0,0.9999999403953552,1.0,,,1.0,0.9999999403953552,10000,10000,0.8125,0.8556231003039514,-0.1875,1.0,0.6216216216216216,0.25340497493743896,0.42249271273612976,-0.746595025062561,1.0,-0.504311203956604,0.9995579719543457,0.9695,0.906441717791411,-0.03049999999999997,1.0,1.0,0.878000020980835,0.6257669925689697,-0.12199997901916504,1.0,1.0,0.9999983906745911,-0.009499999999999953,"[1, 2, 3]",0.01,64
latent,256,0.814,0.9148936170212766,0.7964601769911505,0.7319277108433735,0.2635619342327118,0.6694811582565308,0.18644295632839203,-0.059944335371255875,0.9989663362503052,moderate,1.0,0.2041015625,0.86328125,0.86328125,1.0,high,v2_c-high_d-hard_a-latent_p-moderate_s-04,hard,110.9513726234436,8.074836730957031,0.9999998012947103,0.9999996794396788,transformer,0.93,1.0,-0.06999999999999995,1.0,0.8033707865168539,0.7212311029434204,1.0,-0.2787688970565796,1.0,0.21694128215312958,0.999588131904602,1.0,1.0,2,0.001,1.6144049368449487e-05,8.19989551814615e-08,7.423771255759022e-19,1.3531814147427212e-05,3.862217923256139e-08,2.4916138499975204e-05,1.0,0.842,0.387582391500473,0.9931158423423767,700,0.283,-1.8183315992355347,0.9889607429504395,0.3325,-1.6314401626586914,0.9920867681503296,0.8023080229759216,0.14453125,0.14719440042972565,105217.0,47.26925613387273,0.1457255860488509,0.999988559775203,1.0,0.4239486851315656,0.805,0.1,4,1.0,,,1.0,1.0,1.0,1.0,1.0,1.0,1.0,1.0,1.0,0.9999999403953552,1.0,,,1.0,0.9999999403953552,10000,10000,0.921,1.0,-0.07899999999999996,1.0,0.7864864864864864,0.6871646642684937,1.0,-0.31283533573150635,1.0,0.1544991433620453,0.9995066523551941,1.0,1.0,0.0,1.0,1.0,1.0,1.0,0.0,1.0,1.0,0.9999997615814209,0.18600000000000005,"[1, 2, 3]",0.01,64
latent,256,0.59,0.5896656534954408,0.6017699115044248,0.5783132530120482,-0.6378942131996155,-0.6412213444709778,-0.5928917527198792,-0.6805486083030701,0.9982559680938721,moderate,nan,0.400390625,0.5390625,0.40625,0.0,high,v2_c-high_d-hard_a-latent_p-moderate_s-05,hard,96.38642239570618,7.593510150909424,0.9999993962206937,0.9999989838292686,transformer,0.877,1.0,-0.123,1.0,0.6544943820224719,0.5115304589271545,1.0,-0.48846954107284546,1.0,-0.37210530042648315,0.9993698596954346,1.0,1.0,2,0.001,3.153530997224152e-05,7.757171260891482e-08,6.034158491482454e-19,2.7038187909056433e-05,1.7728120838000905e-07,4.242267459630966e-05,1.0,0.775,0.16620199382305145,0.9798022508621216,700,0.5015,-0.8010627627372742,0.9522659778594971,0.4585,-1.0611318349838257,0.9646629691123962,0.8536160588264465,0.087890625,0.08617804944515228,105217.0,46.0971121372051,0.1421120032506729,0.9999377270733992,1.0,-0.11269403971667935,0.572,0.1,5,1.0,,,1.0,1.0,1.0,1.0,1.0,1.0,1.0,1.0,1.0,0.9999999403953552,1.0,,,1.0,0.9999999403953552,10000,10000,0.694,0.8708206686930091,-0.30600000000000005,0.5431893687707641,0.6594594594594595,-0.19673414528369904,0.4832828640937805,-1.196734145283699,-0.8272126913070679,-0.28849512338638306,0.9958931803703308,0.5515,0.348159509202454,-0.4485,0.7055393586005831,0.5921450151057401,-0.7742584347724915,-1.566713571548462,-1.7742584347724915,-0.1595020294189453,-0.6308174133300781,0.9968892335891724,-0.03849999999999998,"[1, 2, 3]",0.01,64
latent,256,0.786,0.364741641337386,0.9882005899705014,0.9969879518072289,0.17217211425304413,-1.4550087451934814,0.952418863773346,0.9879518151283264,0.99564129114151,tight,1.0,0.2119140625,0.77734375,0.77734375,1.0,high,v2_c-high_d-hard_a-latent_p-tight_s-00,hard,60.907570600509644,6.96279239654541,0.9999996945327125,0.999999561210491,transformer,0.8645,0.9652567975830816,-0.13549999999999995,0.9488817891373802,0.6966292134831461,0.45992210507392883,0.8665825724601746,-0.5400778949260712,0.7955281138420105,-0.21325014531612396,0.9997519850730896,1.0,1.0,2,0.001,1.492663795943372e-05,7.814369382685982e-07,4.629249991355117e-16,3.6696592360385694e-06,1.883857692064339e-07,0.00010287156328558922,1.0,0.8025,0.21941028535366058,0.9978628158569336,2000,0.531,-0.8657728433609009,0.994107723236084,0.6705,-0.3022152781486511,0.9969308376312256,0.9121869802474976,0.0859375,0.08619081974029541,28033.0,33.069776769930115,0.19751335897160813,0.9999743214734734,1.0,0.4719100718508451,0.955,0.1,0,1.0,,,1.0,0.965,0.8996960486322189,0.9939759036144579,1.0,0.860034704208374,0.5988884568214417,0.9759048223495483,1.0,0.9999861717224121,1.0,,,1.0,0.9999992847442627,10000,10000,0.7515,0.7416413373860182,-0.24850000000000005,0.7774086378737541,0.7391891891891892,0.006016738712787628,-0.03338681533932686,-0.9939832612872124,0.10963640362024307,-0.04324205219745636,0.9999938011169434,0.809,0.4677914110429448,-0.19099999999999995,0.9577259475218659,0.9909365558912386,0.24895678460597992,-1.1287654638290405,-0.7510432153940201,0.8686131834983826,0.9637462496757507,0.9974459409713745,0.02300000000000002,"[1, 2, 3]",0.01,32
latent,256,0.722,0.7386018237082067,0.6932153392330384,0.7349397590361446,-0.10981970280408859,-0.04761601984500885,-0.22820551693439484,-0.05057940259575844,0.9968689680099487,tight,nan,0.2783203125,0.72265625,0.72265625,0.0,high,v2_c-high_d-hard_a-latent_p-tight_s-01,hard,112.40760707855225,6.99998664855957,0.999997528572908,0.9999944520078972,transformer,0.8015,1.0,-0.1985,0.9968051118210862,0.4452247191011236,0.2068820744752884,1.0,-0.7931179255247116,0.9872207641601562,-1.2166235446929932,0.9986148476600647,1.0,1.0,2,0.001,0.0002069287875201553,8.348797564394772e-07,7.561981927819332e-16,0.0001938468194566667,3.8803526081210293e-07,0.00011859042569994926,1.0,0.763,0.09828419238328934,0.9844785928726196,700,0.3335,-1.4478522539138794,0.9598701000213623,0.2455,-1.879780650138855,0.9646623730659485,0.10675672441720963,0.521484375,0.5278233289718628,28033.0,35.232038508342214,0.21042773640756035,0.999700781861197,1.0,0.1285590232540127,0.748,0.1,1,1.0,,,1.0,0.955,0.9179331306990881,0.9457831325301205,1.0,0.8243103623390198,0.6767381429672241,0.7911550402641296,1.0,0.9993786215782166,1.0,,,1.0,0.9999991059303284,10000,10000,0.6685,0.8708206686930091,-0.3315,0.9534883720930233,0.25675675675675674,-0.32539093494415283,0.4832838773727417,-1.3253909349441528,0.815059244632721,-1.9722273349761963,0.9999223351478577,0.69,0.6042944785276073,-0.31000000000000005,0.7186588921282799,0.7447129909365559,-0.24064107239246368,-0.5828189849853516,-1.2406410723924637,-0.12488874047994614,-0.02358073927462101,0.9982812404632568,-0.03200000000000003,"[1, 2, 3]",0.01,32
latent,256,0.999,1.0,1.0,0.9969879518072289,0.9960001111030579,1.0,1.0,0.9879520535469055,0.9999915957450867,tight,1.0,0.0,1.0,1.0,1.0,high,v2_c-high_d-hard_a-latent_p-tight_s-02,hard,106.0364670753479,7.523835182189941,0.9999668121493404,0.9998859257145267,transformer,0.852,1.0,-0.14800000000000002,1.0,0.5842696629213483,0.41094255447387695,1.0,-0.589057445526123,1.0,-0.6546556353569031,0.9995726943016052,1.0,1.0,2,0.001,7.191987242549658e-05,6.927515642018989e-06,1.3846637324146233e-13,3.3351410820614547e-05,1.1459790584922303e-05,0.0002018115483224392,1.0,0.8155,0.3117007911205292,0.9701023697853088,1000,0.611,-0.2780410647392273,0.8883746266365051,0.6835,0.0711226537823677,0.8818697333335876,0.9930692911148071,0.00390625,0.0039065247401595116,28033.0,34.42643386520115,0.20561616237798905,0.999727240031229,1.0,0.5461101974391847,0.995,0.1,2,1.0,,,1.0,1.0,1.0,1.0,1.0,1.0,1.0,1.0,1.0,0.999992847442627,1.0,,,1.0,0.9999930262565613,10000,10000,0.828,1.0,-0.17200000000000004,1.0,0.5351351351351351,0.31219878792762756,1.0,-0.6878012120723724,1.0,-0.8589221835136414,0.9999366402626038,1.0,1.0,0.0,1.0,1.0,1.0,1.0,0.0,1.0,1.0,0.9999925494194031,0.0010000000000000009,"[1, 2, 3]",0.01,32
latent,256,0.996,1.0,1.0,0.9879518072289156,0.984000027179718,1.0,1.0,0.9518072009086609,0.9999998807907104,tight,1.0,0.01171875,1.0,1.0,1.0,high,v2_c-high_d-hard_a-latent_p-tight_s-03,hard,111.1563150882721,7.204983234405518,0.999998899813756,0.999998166627163,transformer,0.927,1.0,-0.07299999999999995,1.0,0.7949438202247191,0.7179622650146484,1.0,-0.28203773498535156,1.0,0.20775936543941498,0.9984617233276367,1.0,1.0,2,0.001,2.0089240933884867e-05,1.4392449543265684e-07,6.9314290124692436e-18,1.0984382242895663e-05,1.1984991488134256e-06,7.762433961033821e-05,1.0,0.7975,0.22350828349590302,0.9765370488166809,1000,0.7475,0.10956981033086777,0.9099459052085876,0.812,0.3481637239456177,0.929174542427063,0.9805543422698975,0.009765625,0.009765634313225746,28033.0,34.661670308902565,0.2070211413251179,0.9999365512350548,1.0,0.580946671663684,0.998,0.1,3,1.0,,,1.0,1.0,1.0,1.0,1.0,1.0,1.0,1.0,1.0,0.9999998807907104,1.0,,,1.0,0.9999998807907104,10000,10000,0.992,1.0,-0.008000000000000007,0.973421926910299,1.0,0.9679999947547913,1.0,-0.03200000524520874,0.8936877846717834,1.0,0.9999998807907104,0.9985,1.0,-0.0014999999999999458,1.0,0.9954682779456193,0.9940000176429749,1.0,-0.0059999823570251465,1.0,0.981873095035553,0.9999998807907104,0.0025000000000000577,"[1, 2, 3]",0.01,32
latent,256,0.967,1.0,0.9823008849557522,0.9186746987951807,0.8685262799263,0.9999996423721313,0.9305776357650757,0.6748812198638916,0.999825119972229,tight,1.0,0.0322265625,0.96875,0.96875,1.0,high,v2_c-high_d-hard_a-latent_p-tight_s-04,hard,106.50517535209656,6.753296852111816,0.9999996409328804,0.9999992593732533,transformer,0.9835,1.0,-0.01649999999999996,1.0,0.9536516853932584,0.936968982219696,1.0,-0.06303101778030396,1.0,0.8229465484619141,0.9985023140907288,1.0,1.0,2,0.001,1.1151075341331307e-05,2.7420571768743685e-07,1.0221667499780204e-15,5.171784778212896e-06,1.0611362455392737e-07,5.5989716202020645e-05,1.0,0.818,0.3252772092819214,0.9704809784889221,700,0.2735,-1.7950623035430908,0.9511802792549133,0.3665,-1.2825043201446533,0.9453122615814209,0.8804038763046265,0.08203125,0.07923567295074463,28033.0,34.0141399673283,0.2031536857420291,0.9999547298510738,1.0,0.6641194188847477,0.971,0.1,4,1.0,,,1.0,1.0,1.0,1.0,1.0,1.0,1.0,1.0,1.0,0.9999996423721313,1.0,,,1.0,0.9999996423721313,10000,10000,0.9035,1.0,-0.09650000000000003,0.9302325581395349,0.7959459459459459,0.6247950792312622,0.9999714493751526,-0.3752049207687378,0.7209329605102539,0.2129829227924347,0.9955675005912781,0.9295,0.9662576687116564,-0.07050000000000001,0.9577259475218659,0.8640483383685801,0.7257329225540161,0.8650338649749756,-0.2742670774459839,0.8534437417984009,0.45619532465934753,0.9987310767173767,-0.03749999999999998,"[1, 2, 3]",0.01,32
latent,256,0.756,0.8389057750759878,0.7699115044247787,0.6596385542168675,0.024092724546790123,0.3556234836578369,0.07964673638343811,-0.36116763949394226,0.9999293684959412,tight,nan,0.23828125,0.7421875,0.7421875,0.0,high,v2_c-high_d-hard_a-latent_p-tight_s-05,hard,109.41340398788452,6.834001064300537,0.9999998260084358,0.9999997269549257,transformer,0.8395,0.9697885196374623,-0.16049999999999998,0.8370607028753994,0.7205056179775281,0.35709813237190247,0.8791542649269104,-0.6429018676280975,0.34812942147254944,-0.12041136622428894,0.9993371367454529,1.0,1.0,2,0.001,1.0819787348737009e-05,1.1768365482112131e-07,6.82544548732554e-16,3.59230580215808e-06,5.786900203474943e-08,7.051927968859673e-05,1.0,0.785,0.14890770614147186,0.9967467188835144,1000,0.53,-0.8472557663917542,0.9903160333633423,0.451,-1.1463974714279175,0.9883354306221008,0.8229910135269165,0.103515625,0.10339055955410004,28033.0,33.110234249553685,0.19775499630564788,0.9999717880539213,1.0,0.36780885124497753,0.784,0.1,5,1.0,,,1.0,0.99,0.9848024316109423,0.9849397590361446,1.0,0.9600182175636292,0.9392096996307373,0.9398136138916016,1.0,0.9999971985816956,1.0,,,1.0,0.9999998807907104,10000,10000,0.8545,1.0,-0.14549999999999996,0.9667774086378738,0.6337837837837837,0.42507636547088623,1.0,-0.5749236345291138,0.859387993812561,-0.4394577443599701,0.9963104128837585,0.871,1.0,-0.129,0.8352769679300291,0.7809667673716012,0.4839116930961609,1.0,-0.5160883069038391,0.34111300110816956,0.1235949844121933,0.9998136162757874,0.11499999999999999,"[1, 2, 3]",0.01,32
latent,256,0.941,0.8206686930091185,1.0,1.0,0.8028935194015503,0.40394917130470276,0.9970330595970154,1.0,0.9920140504837036,wide,0.991304347826087,0.0625,0.953125,0.9609375,1.0,high,v2_c-high_d-hard_a-latent_p-wide_s-00,hard,123.31555008888245,8.397497177124023,0.9999903708669675,0.9999780034221262,transformer,0.903,1.0,-0.09699999999999998,1.0,0.7275280898876404,0.6353030204772949,1.0,-0.3646969795227051,1.0,-0.024429667741060257,0.9943255186080933,1.0,1.0,2,0.001,8.531591447535902e-05,1.4370991721079918e-06,1.124102337092276e-14,6.132778071332723e-05,4.186095793556888e-06,0.00018364936113357544,1.0,0.8505,0.4079517722129822,0.9968001842498779,700,0.617,-0.47769054770469666,0.9800418615341187,0.86,0.5110746622085571,0.9818762540817261,0.9194194674491882,0.080078125,0.07758736610412598,407041.0,68.80537495063453,0.10784581270703404,0.9999685542676081,1.0,0.40538379328619234,0.884,0.1,0,1.0,,,1.0,1.0,1.0,1.0,1.0,1.0,1.0,1.0,1.0,0.9999988079071045,1.0,,,1.0,0.9999986290931702,10000,10000,0.883,1.0,-0.11699999999999999,0.9318936877076412,0.7391891891891892,0.5418727397918701,1.0,-0.4581272602081299,0.7285568714141846,-0.017359143123030663,0.996735692024231,0.9265,0.7914110429447853,-0.07350000000000001,1.0,0.9833836858006042,0.73026442527771,0.22776839137077332,-0.26973557472229004,1.0,0.9456552863121033,0.9959951043128967,-0.014499999999999957,"[1, 2, 3]",0.01,128
latent,256,0.878,1.0,0.7669616519174042,0.8704819277108434,0.5141695737838745,1.0,0.06683147698640823,0.48949891328811646,0.9977285265922546,wide,1.0,0.13671875,0.859375,0.859375,1.0,high,v2_c-high_d-hard_a-latent_p-wide_s-01,hard,113.8098509311676,8.428874969482422,0.9999996956086626,0.999999214637909,transformer,0.8735,0.9501510574018127,-0.12649999999999995,1.0,0.6910112359550562,0.5282137393951416,0.8230218291282654,-0.4717862606048584,0.9987414479255676,-0.15958568453788757,0.9894302487373352,1.0,1.0,2,0.001,2.4622730052215047e-05,5.048295861342922e-07,1.3026418051870214e-15,1.824306855269242e-05,1.8230856824175135e-07,5.692522972822189e-05,1.0,0.8075,0.25371500849723816,0.9890688061714172,1000,0.623,-0.4700625240802765,0.9858056902885437,0.424,-1.2708362340927124,0.9785895943641663,0.9835044145584106,0.017578125,0.015871617943048477,407041.0,67.29642574335278,0.10548067984190991,0.9999804691047791,1.0,0.4504442911570612,0.861,0.1,1,1.0,,,1.0,0.998,1.0,0.9939759036144579,1.0,0.9920820593833923,1.0,0.976150631904602,1.0,0.9999890327453613,1.0,,,1.0,0.9999994039535522,10000,10000,0.543,0.5516717325227963,-0.45699999999999996,0.7624584717607974,0.3567567567567568,-0.8073862195014954,-0.775191605091095,-1.8073862195014954,0.09749570488929749,-1.572147011756897,0.996436357498169,0.8395,1.0,-0.16049999999999998,0.6822157434402333,0.8444108761329305,0.37434160709381104,1.0,-0.625658392906189,-0.248921200633049,0.4039927124977112,0.9957879781723022,-0.03849999999999998,"[1, 2, 3]",0.01,128
latent,256,0.999,1.0,1.0,0.9969879518072289,0.9959999918937683,1.0,1.0,0.9879518151283264,0.9999971985816956,wide,1.0,0.00390625,1.0,1.0,1.0,high,v2_c-high_d-hard_a-latent_p-wide_s-02,hard,101.90685486793518,8.350854873657227,0.9999981500426183,0.9999963935362951,transformer,0.8295,1.0,-0.17049999999999998,1.0,0.5210674157303371,0.3193466067314148,1.0,-0.6806533932685852,1.0,-0.9119477272033691,0.9997818470001221,1.0,1.0,2,0.001,3.2686944905435666e-05,1.2007346867903834e-06,2.724758454617209e-15,1.6482124920003116e-05,1.243092583536054e-06,0.00013760989531874657,1.0,0.866,0.46540477871894836,0.9987526535987854,700,0.8105,0.2445959448814392,0.9984356164932251,0.894,0.5893829464912415,0.9857999086380005,0.9888511300086975,0.0078125,0.007789637893438339,407041.0,68.06969883218444,0.1066927110933835,0.9999844999390752,1.0,0.6064459256558928,0.999,0.1,2,1.0,,,1.0,1.0,1.0,1.0,1.0,1.0,1.0,1.0,1.0,0.999998927116394,1.0,,,1.0,0.9999988079071045,10000,10000,0.842,1.0,-0.15800000000000003,1.0,0.572972972972973,0.36792653799057007,1.0,-0.6320734620094299,1.0,-0.708306610584259,0.9997364282608032,0.992,1.0,-0.008000000000000007,1.0,0.9758308157099698,0.9681074619293213,1.0,-0.03189253807067871,0.999997079372406,0.9036511182785034,0.9999380707740784,-0.007000000000000006,"[1, 2, 3]",0.01,128
latent,256,0.851,0.6291793313069909,0.9203539823008849,1.0,0.4040028750896454,-0.4832760989665985,0.6814180016517639,1.0,0.9999977946281433,wide,1.0,0.15234375,0.87109375,0.87109375,1.0,high,v2_c-high_d-hard_a-latent_p-wide_s-03,hard,112.29156160354614,8.257745742797852,0.9999568543332432,0.9998946299640143,transformer,0.84,1.0,-0.16000000000000003,1.0,0.550561797752809,0.3615468442440033,0.9994375705718994,-0.6384531557559967,1.0,-0.7928848266601562,0.9968433976173401,1.0,1.0,2,0.001,5.959249392617494e-05,2.559103222665726e-06,2.0429681167263847e-13,1.368528955936199e-05,1.0602237125567626e-05,0.00032745860517024994,1.0,0.7925,0.2553495764732361,0.9647629261016846,700,0.742,0.26693394780158997,0.9219820499420166,0.8185,0.4490293860435486,0.9215062260627747,0.9832471013069153,0.013671875,0.01367239560931921,407041.0,68.61624368249902,0.10754936762065784,0.9998961706193175,1.0,0.2475614840590783,0.851,0.1,3,1.0,,,1.0,0.934,0.8844984802431611,0.9156626506024096,1.0,0.7360045313835144,0.5379961729049683,0.6626620888710022,1.0,0.9999962449073792,1.0,,,1.0,0.9999975562095642,10000,10000,0.778,0.6960486322188449,-0.22199999999999998,0.9767441860465116,0.6891891891891891,0.12129200994968414,-0.21579605340957642,-0.8787079900503159,0.9070152640342712,-0.21816937625408173,0.9911124110221863,0.822,0.5567484662576687,-0.17800000000000005,0.902332361516035,1.0,0.2872813940048218,-0.7729979753494263,-0.7127186059951782,0.6072326898574829,0.9999937415122986,0.9991034865379333,-0.029000000000000026,"[1, 2, 3]",0.01,128
latent,256,1.0,1.0,1.0,1.0,1.0,1.0,1.0,1.0,0.9999994039535522,wide,1.0,0.0,1.0,1.0,1.0,high,v2_c-high_d-hard_a-latent_p-wide_s-04,hard,99.90393400192261,8.458539962768555,0.9999775952323829,0.9999514023801503,transformer,0.9755,1.0,-0.024499999999999966,1.0,0.9311797752808989,0.9074375629425049,1.0,-0.09256243705749512,1.0,0.739993155002594,0.9984450936317444,1.0,1.0,2,0.001,1.9714989321073517e-05,6.670612719972269e-07,1.772599824762704e-15,4.864831680606585e-06,5.892508852411993e-06,8.290586993098259e-05,1.0,0.846,0.41436460614204407,0.9933210015296936,700,0.752,0.036419473588466644,0.9895461797714233,0.9435,0.7798165082931519,0.997349202632904,0.9993187785148621,0.0,1.0378589365700464e-07,407041.0,67.46544150104513,0.1057455957988639,0.9999721731219589,1.0,0.7654081939531808,1.0,0.1,4,1.0,,,1.0,1.0,1.0,1.0,1.0,1.0,1.0,1.0,1.0,0.9999996423721313,1.0,,,1.0,0.9999991655349731,10000,10000,0.985,1.0,-0.015000000000000013,1.0,0.9594594594594594,0.9423917531967163,1.0,-0.05760824680328369,1.0,0.8443018198013306,0.9996504187583923,1.0,1.0,0.0,1.0,1.0,1.0,1.0,0.0,1.0,1.0,0.9999994039535522,0.0,"[1, 2, 3]",0.01,128
latent,256,1.0,1.0,1.0,1.0,1.0,1.0,1.0,1.0,0.9999992847442627,wide,1.0,0.0,1.0,1.0,1.0,high,v2_c-high_d-hard_a-latent_p-wide_s-05,hard,86.70888257026672,8.544480323791504,0.9999987902868336,0.9999972003444887,transformer,0.857,1.0,-0.14300000000000002,0.9968051118210862,0.601123595505618,0.45341405272483826,1.0,-0.5465859472751617,0.9884393811225891,-0.5251893997192383,0.9920726418495178,1.0,1.0,2,0.001,0.00018312910106033087,8.323214046868088e-07,8.148368861159855e-15,0.00017367847613058984,2.69686097453814e-07,8.348608389496803e-05,1.0,0.8255,0.32848554849624634,0.9891723990440369,700,0.4615,-0.9804445505142212,0.9537912011146545,0.5515,-0.6689016819000244,0.9604665040969849,0.9993535280227661,0.0,9.69820916907338e-08,407041.0,67.60096226916501,0.10595801157869296,0.9999395305268025,1.0,0.6211541418500255,1.0,0.1,5,1.0,,,1.0,1.0,1.0,1.0,1.0,1.0,1.0,1.0,1.0,0.9999993443489075,1.0,,,1.0,0.9999992847442627,10000,10000,0.821,1.0,-0.17900000000000005,1.0,0.5162162162162162,0.31087714433670044,1.0,-0.6891228556632996,1.0,-0.8624942302703857,0.9893255829811096,1.0,1.0,0.0,1.0,1.0,1.0,1.0,0.0,1.0,1.0,0.9999975562095642,0.0,"[1, 2, 3]",0.01,128
concrete,256,0.176,0.03353658536585366,0.23303834808259588,0.25825825825825827,-2.2868382930755615,-2.86584734916687,-2.0687272548675537,-1.9385634660720825,0.9977434873580933,moderate,nan,0.8388671875,0.1484375,0.1484375,0.0,high,v2_c-high_d-mixed_a-concrete_p-moderate_s-00,mixed,83.15878057479858,28.615915298461914,0.019612014628095895,-0.17911447290295474,transformer,0.869,1.0,-0.131,1.0,0.6309859154929578,0.4767945408821106,1.0,-0.5232054591178894,1.0,-0.4738181531429291,0.9989692568778992,1.0,1.0,2,0.001,6.217866399538252e-08,6.217866399538252e-08,0.0,0.0,0.0,0.0,1.0,0.862,0.4925890862941742,0.981257438659668,400,0.358,-1.4293911457061768,0.9671099781990051,0.2255,-2.031992197036743,0.9798460006713867,0.6096177697181702,0.201171875,0.20078356564044952,105217.0,65.24583794988138,0.20114528448611407,0.9152460301748875,0.996,-1.575071401260153,0.17,0.1,0,1.0,1.0,1.0,1.0,1.0,1.0,1.0,1.0,1.0,1.0,1.0,1.0,0.9999998807907104,1.0,1.0,1.0,1.0,0.9999998807907104,10000,10000,0.2955,0.12996941896024464,-0.7045,0.0978441127694859,0.6016150740242261,-1.7769665718078613,-2.355947494506836,-2.7769665718078613,-2.6086175441741943,-0.5923912525177002,0.9933079481124878,0.196,0.05546995377503852,-0.804,0.24745269286754004,0.28012048192771083,-2.2073352336883545,-2.7781131267547607,-3.2073352336883545,-1.9840478897094727,-1.8804725408554077,0.9981377124786377,0.020000000000000018,"[1, 2, 3, 4, 5, 6, 7, 8, 9]",0.01,64
concrete,256,0.707,0.6707317073170732,0.7227138643067846,0.7267267267267268,-0.17368420958518982,-0.31707239151000977,-0.10774882137775421,-0.09957245737314224,0.9979484677314758,moderate,1.0258064516129033,0.3115234375,0.77734375,0.765625,1.0,high,v2_c-high_d-mixed_a-concrete_p-moderate_s-01,mixed,80.48429203033447,29.41783905029297,0.051781798955433354,-0.17292812721550999,transformer,0.8685,1.0,-0.13149999999999995,1.0,0.6295774647887324,0.4775855541229248,1.0,-0.5224144458770752,1.0,-0.4715900123119354,0.9988149404525757,1.0,1.0,2,0.001,2.92583273164837e-08,2.92583273164837e-08,0.0,0.0,0.0,0.0,1.0,0.881,0.568381130695343,0.9852609038352966,400,0.6895,-0.14651495218276978,0.9619671702384949,0.593,-0.4870728850364685,0.9667616486549377,0.4352738857269287,0.294921875,0.292307049036026,105217.0,66.12511915921382,0.20385600557655859,0.9108919756284403,0.995,0.3054923974259862,0.796,0.1,1,1.0,1.0,1.0,1.0,1.0,1.0,1.0,1.0,1.0,1.0,1.0,1.0,1.0,1.0,1.0,1.0,1.0,1.0,10000,10000,0.723,0.8409785932721713,-0.277,0.9651741293532339,0.4226110363391655,-0.10529585927724838,0.3640710115432739,-1.1052958592772484,0.8606967329978943,-1.3024147748947144,0.9985445737838745,0.6415,0.6286594761171033,-0.35850000000000004,0.6710334788937409,0.6234939759036144,-0.42933282256126404,-0.49019286036491394,-1.429332822561264,-0.3173046410083771,-0.4857562780380249,0.9950485825538635,-0.0655,"[1, 2, 3, 4, 5, 6, 7, 8, 9]",0.01,64
concrete,256,0.45,0.4298780487804878,0.3893805309734513,0.5315315315315315,-1.1827211380004883,-1.280487298965454,-1.4104413986206055,-0.8545997142791748,0.9957380294799805,moderate,nan,0.572265625,0.453125,0.4609375,0.0,high,v2_c-high_d-mixed_a-concrete_p-moderate_s-02,mixed,84.54032611846924,28.685636520385742,0.09242296064901119,-0.09758453757072659,transformer,0.891,1.0,-0.10899999999999999,1.0,0.6929577464788732,0.5703667998313904,1.0,-0.4296332001686096,1.0,-0.21023418009281158,0.9981898069381714,1.0,1.0,2,0.001,4.973207978764549e-08,4.973207978764549e-08,0.0,0.0,0.0,0.0,1.0,0.877,0.5626922845840454,0.9817217588424683,400,0.5655,-0.4766875207424164,0.9116202592849731,0.5375,-0.686704695224762,0.9242644309997559,0.43091434240341187,0.330078125,0.32857653498649597,105217.0,65.3326849718671,0.20141302369359435,0.9207474769956159,0.997,-0.7836571335663065,0.46,0.1,2,1.0,1.0,1.0,1.0,1.0,1.0,1.0,1.0,1.0,1.0,1.0,1.0,0.9999999403953552,1.0,1.0,1.0,1.0,0.9999999403953552,10000,10000,0.559,0.5382262996941896,-0.44099999999999995,0.5655058043117744,0.5720053835800808,-0.7315463423728943,-0.8472056984901428,-1.7315463423728943,-0.651253342628479,-0.6949050426483154,0.993337869644165,0.5015,0.24036979969183359,-0.49850000000000005,0.6259097525473072,0.6280120481927711,-0.9815211892127991,-2.028043508529663,-1.981521189212799,-0.4712829887866974,-0.48655253648757935,0.9928303360939026,0.051499999999999935,"[1, 2, 3, 4, 5, 6, 7, 8, 9]",0.01,64
concrete,256,0.581,0.5426829268292683,0.6047197640117994,0.5945945945945946,-0.6763209700584412,-0.8292677402496338,-0.5805127620697021,-0.6232052445411682,0.9989868402481079,moderate,nan,0.4208984375,0.5546875,0.4921875,0.0,high,v2_c-high_d-mixed_a-concrete_p-moderate_s-03,mixed,64.23602199554443,29.17933464050293,0.11280232565368535,-0.06069796354012049,transformer,0.861,1.0,-0.139,1.0,0.6084507042253521,0.45087993144989014,1.0,-0.5491200685501099,1.0,-0.5468170642852783,0.9982509613037109,1.0,1.0,2,0.001,4.963493438481237e-08,4.963493438481237e-08,0.0,0.0,0.0,0.0,1.0,0.8715,0.5300412774085999,0.9719958901405334,400,0.758,0.1355404555797577,0.9633736610412598,0.7125,-0.08777196705341339,0.965298056602478,0.5229870080947876,0.2421875,0.24504296481609344,105217.0,66.1137374773565,0.2038209171830754,0.9186608450789373,0.999,-1.2411645438744667,0.589,0.1,3,1.0,1.0,1.0,1.0,1.0,1.0,1.0,1.0,1.0,1.0,1.0,1.0,0.9999999403953552,1.0,1.0,1.0,1.0,0.9999999403953552,10000,10000,0.825,0.9113149847094801,-0.17500000000000004,0.9502487562189055,0.6473755047106325,0.30404070019721985,0.6452600359916687,-0.6959592998027802,0.8009950518608093,-0.3996213972568512,0.9957007169723511,0.752,0.6147919876733436,-0.248,0.8238719068413392,0.8117469879518072,0.008866475895047188,-0.5408316850662231,-0.9911335241049528,0.29548779129981995,0.2495972216129303,0.9997996687889099,0.17100000000000004,"[1, 2, 3, 4, 5, 6, 7, 8, 9]",0.01,64
concrete,256,0.203,0.0,0.3185840707964602,0.2852852852852853,-2.179208278656006,-2.999802827835083,-1.7171436548233032,-1.8413249254226685,0.996850848197937,moderate,nan,0.837890625,0.1875,0.1875,0.0,high,v2_c-high_d-mixed_a-concrete_p-moderate_s-04,mixed,81.0920057296753,29.68085479736328,0.08442390287565311,-0.18998204285804954,transformer,0.8655,0.9879518072289156,-0.13449999999999995,0.9952076677316294,0.6366197183098592,0.47167065739631653,0.9518072009086609,-0.5283293426036835,0.9808306694030762,-0.4262799024581909,0.998370349407196,1.0,1.0,2,0.001,7.894058740021137e-08,7.894058740021137e-08,0.0,0.0,0.0,0.0,1.0,0.8795,0.5664007067680359,0.9777939319610596,400,0.063,-2.6289284229278564,0.9714824557304382,0.1185,-2.403541326522827,0.973358154296875,0.5583680868148804,0.23046875,0.22766399383544922,105217.0,66.08095106555288,0.2037198405115706,0.9304360227161165,0.999,-2.845751625809036,0.221,0.1,4,1.0,1.0,1.0,1.0,1.0,1.0,1.0,1.0,1.0,1.0,1.0,1.0,0.9999998807907104,1.0,1.0,1.0,1.0,0.9999998807907104,10000,10000,0.0875,0.08103975535168195,-0.9125,0.04311774461028192,0.12920592193808883,-2.6491596698760986,-2.675839424133301,-3.6491596698760986,-2.8260385990142822,-2.482124090194702,0.9994039535522461,0.1295,0.0,-0.8705,0.1339155749636099,0.25150602409638556,-2.4803638458251953,-2.9999988079071045,-3.4803638458251953,-2.4622623920440674,-1.9911954402923584,0.9992744326591492,-0.07350000000000001,"[1, 2, 3, 4, 5, 6, 7, 8, 9]",0.01,64
concrete,256,0.193,0.0,0.2448377581120944,0.3303303303303303,-2.2252280712127686,-2.9995076656341553,-2.0165579319000244,-1.6750030517578125,0.9982587099075317,moderate,nan,0.81640625,0.13671875,0.13671875,0.0,high,v2_c-high_d-mixed_a-concrete_p-moderate_s-05,mixed,73.92413926124573,29.136911392211914,0.04017511785740589,-0.1683652145671095,transformer,0.9015,1.0,-0.09850000000000003,1.0,0.7225352112676057,0.6063176393508911,1.0,-0.3936823606491089,1.0,-0.10896444320678711,0.9988887906074524,1.0,1.0,2,0.001,6.768358673525654e-08,6.768358673525654e-08,0.0,0.0,0.0,0.0,1.0,0.895,0.6528686881065369,0.9749419689178467,400,0.4575,-1.0287091732025146,0.9333741068840027,0.3185,-1.6121701002120972,0.9745429158210754,0.519233226776123,0.24609375,0.24747544527053833,105217.0,64.50919220330486,0.19887429183866825,0.9626572359722636,1.0,-1.8098938478288327,0.188,0.1,5,1.0,1.0,1.0,1.0,1.0,1.0,1.0,1.0,1.0,1.0,1.0,1.0,0.9999998807907104,1.0,1.0,1.0,1.0,0.9999998807907104,10000,10000,0.362,0.39755351681957185,-0.638,0.23051409618573798,0.43741588156123823,-1.5110231637954712,-1.4085034132003784,-2.511023163795471,-2.0295605659484863,-1.1804311275482178,0.9935255646705627,0.3745,0.32973805855161786,-0.6255,0.31004366812227074,0.48493975903614456,-1.4767963886260986,-1.6810492277145386,-2.4767963886260986,-1.7438855171203613,-1.000816822052002,0.9959820508956909,0.1815,"[1, 2, 3, 4, 5, 6, 7, 8, 9]",0.01,64
concrete,256,0.263,0.2804878048780488,0.1887905604719764,0.3213213213213213,-1.946602702140808,-1.8780465126037598,-2.243438720703125,-1.7119450569152832,0.9997659921646118,tight,nan,0.7724609375,0.29296875,0.2890625,0.0,high,v2_c-high_d-mixed_a-concrete_p-tight_s-00,mixed,78.28800535202026,20.030553817749023,-0.005342263408505596,-0.5487426062701086,transformer,0.821,0.9668674698795181,-0.17900000000000005,0.9408945686900958,0.5788732394366197,0.2881280779838562,0.8687565922737122,-0.7118719220161438,0.7703748345375061,-0.6800743937492371,0.9981411099433899,1.0,1.0,2,0.001,1.6909919509089377e-07,1.6909919509089377e-07,0.0,0.0,0.0,0.0,1.0,0.854,0.45803651213645935,0.9790155291557312,700,0.411,-1.3039731979370117,0.9736077785491943,0.3805,-1.4482295513153076,0.9874371290206909,0.4917178452014923,0.259765625,0.2598229646682739,28033.0,47.082478459216425,0.2812059644032448,0.8720232371354343,0.999,-2.679744433859677,0.28,0.1,0,1.0,1.0,1.0,1.0,1.0,1.0,1.0,1.0,1.0,1.0,1.0,1.0,0.9999997615814209,1.0,1.0,1.0,1.0,0.9999997615814209,10000,10000,0.3485,0.39755351681957185,-0.6515,0.3117744610281924,0.3351278600269179,-1.605995774269104,-1.409777283668518,-2.605995774269104,-1.7528998851776123,-1.6594868898391724,0.9999995231628418,0.3105,0.23882896764252695,-0.6895,0.23871906841339155,0.45481927710843373,-1.7521932125091553,-2.044365882873535,-2.7521932125091553,-2.033250093460083,-1.1758286952972412,0.9991942048072815,0.04749999999999999,"[1, 2, 3, 4, 5, 6, 7, 8, 9]",0.01,32
concrete,256,0.143,0.0,0.19174041297935104,0.23423423423423423,-2.423361301422119,-2.999997138977051,-2.2334189414978027,-2.0487492084503174,0.9986412525177002,tight,nan,0.8349609375,0.1875,0.1875,0.0,high,v2_c-high_d-mixed_a-concrete_p-tight_s-01,mixed,78.98216080665588,20.224088668823242,0.06419875098941587,-0.20055918434839265,transformer,0.8305,0.9924698795180723,-0.16949999999999998,0.952076677316294,0.571830985915493,0.32070624828338623,0.9698914885520935,-0.6792937517166138,0.8090564012527466,-0.7169926166534424,0.9977697730064392,1.0,1.0,2,0.001,2.1126919591551996e-07,2.1126919591551996e-07,0.0,0.0,0.0,0.0,1.0,0.823,0.36159974336624146,0.9826264381408691,700,0.2605,-1.927432656288147,0.994354248046875,0.177,-2.2665016651153564,0.9904721975326538,0.6733967661857605,0.169921875,0.16880139708518982,28033.0,48.097570505464084,0.2872687280292166,0.8910563786193354,1.0,-2.511537818786347,0.152,0.1,1,1.0,1.0,1.0,1.0,1.0,1.0,1.0,1.0,1.0,1.0,1.0,1.0,0.9999997615814209,1.0,1.0,1.0,1.0,0.9999997615814209,10000,10000,0.245,0.18960244648318042,-0.755,0.1691542288557214,0.3553162853297443,-2.001382827758789,-2.2415757179260254,-3.001382827758789,-2.267915964126587,-1.5736501216888428,0.9970420002937317,0.152,0.03697996918335902,-0.848,0.1717612809315866,0.24397590361445784,-2.3855888843536377,-2.8476152420043945,-3.3855888843536377,-2.3132033348083496,-2.0088937282562256,0.9941219687461853,0.009000000000000008,"[1, 2, 3, 4, 5, 6, 7, 8, 9]",0.01,32
concrete,256,0.747,0.9085365853658537,0.7079646017699115,0.6276276276276276,-0.002357443794608116,0.6340519785881042,-0.1638108789920807,-0.46484866738319397,0.9976803660392761,tight,nan,0.1904296875,0.73828125,0.73828125,0.0,high,v2_c-high_d-mixed_a-concrete_p-tight_s-02,mixed,70.54028916358948,19.80047607421875,0.10197652649233772,-0.18543294220471518,transformer,0.869,1.0,-0.131,0.9728434504792333,0.6549295774647887,0.4768040180206299,1.0,-0.5231959819793701,0.8913779258728027,-0.37802043557167053,0.998710572719574,1.0,1.0,2,0.001,1.5441139566974016e-07,1.5441139566974016e-07,0.0,0.0,0.0,0.0,1.0,0.845,0.4861350655555725,0.9138926863670349,700,0.649,-0.1728026419878006,0.8811633586883545,0.6485,-0.2147120088338852,0.901040256023407,0.5757554769515991,0.2109375,0.21185320615768433,28033.0,47.06527020898041,0.28110318598626954,0.8990884437242898,1.0,0.23659571165026005,0.752,0.1,2,1.0,1.0,1.0,1.0,1.0,1.0,1.0,1.0,1.0,1.0,1.0,1.0,0.9999997615814209,1.0,1.0,1.0,1.0,0.9999997615814209,10000,10000,0.7535,0.7247706422018348,-0.24650000000000005,0.7479270315091211,0.7833109017496636,0.013970674946904182,-0.10091670602560043,-0.9860293250530958,-0.008291203528642654,0.1331634819507599,0.9995887279510498,0.6905,0.6563944530046225,-0.3095,0.7569141193595342,0.6551204819277109,-0.23686136305332184,-0.3744192123413086,-1.2368613630533218,0.030820103362202644,-0.3793644607067108,0.9989362359046936,-0.056499999999999995,"[1, 2, 3, 4, 5, 6, 7, 8, 9]",0.01,32
concrete,256,0.225,0.12804878048780488,0.2182890855457227,0.32732732732732733,-2.0791919231414795,-2.4830753803253174,-2.1322550773620605,-1.6273534297943115,0.9924834966659546,tight,nan,0.75390625,0.234375,0.234375,0.0,high,v2_c-high_d-mixed_a-concrete_p-tight_s-03,mixed,81.65533328056335,19.5777587890625,0.10237193024270622,-0.27019337401322824,transformer,0.8785,1.0,-0.12150000000000005,0.9920127795527156,0.6647887323943662,0.5166935324668884,1.0,-0.4833064675331116,0.9680603742599487,-0.3332657814025879,0.9995086193084717,1.0,1.0,2,0.001,1.7321232803624298e-07,1.7321232803624298e-07,0.0,0.0,0.0,0.0,1.0,0.871,0.5904880166053772,0.9504848718643188,700,0.217,-1.9172965288162231,0.9577345252037048,0.2235,-1.84830641746521,0.9401199817657471,0.21526601910591125,0.400390625,0.3962119221687317,28033.0,47.71326020505132,0.2849733869130669,0.9205776400312997,0.998,-1.7437901711863026,0.251,0.1,3,1.0,1.0,1.0,1.0,1.0,1.0,1.0,1.0,1.0,1.0,1.0,1.0,0.9999997615814209,1.0,1.0,1.0,1.0,0.9999997615814209,10000,10000,0.2375,0.191131498470948,-0.7625,0.15257048092868988,0.3472409152086137,-2.018932819366455,-2.1859545707702637,-3.018932819366455,-2.389714002609253,-1.571001410484314,0.9948524832725525,0.183,0.029275808936825885,-0.817,0.18777292576419213,0.32831325301204817,-2.2599449157714844,-2.8826684951782227,-3.2599449157714844,-2.2295618057250977,-1.6827253103256226,0.997546911239624,-0.04200000000000001,"[1, 2, 3, 4, 5, 6, 7, 8, 9]",0.01,32
concrete,256,0.4,0.35365853658536583,0.3952802359882006,0.45045045045045046,-1.3951281309127808,-1.583567500114441,-1.418731451034546,-1.1854898929595947,0.9977474212646484,tight,nan,0.6279296875,0.41796875,0.41796875,0.0,high,v2_c-high_d-mixed_a-concrete_p-tight_s-04,mixed,58.56689691543579,19.338510513305664,0.09759129626304261,-0.22770065604930662,transformer,0.8965,1.0,-0.10350000000000004,1.0,0.7084507042253522,0.5869924426078796,1.0,-0.41300755739212036,1.0,-0.1634015440940857,0.9989489316940308,1.0,1.0,2,0.001,1.42788010748518e-07,1.42788010748518e-07,0.0,0.0,0.0,0.0,1.0,0.885,0.605495810508728,0.9665182828903198,400,0.369,-1.4184597730636597,0.9624335169792175,0.31,-1.654891848564148,0.9560372829437256,0.435092568397522,0.34375,0.3474898338317871,28033.0,46.47791821252114,0.27759515306163135,0.9139650773240687,0.994,-1.4649857763617296,0.426,0.1,4,1.0,1.0,1.0,1.0,1.0,1.0,1.0,1.0,1.0,1.0,1.0,1.0,0.9999998807907104,1.0,1.0,1.0,1.0,0.9999998807907104,10000,10000,0.278,0.1452599388379205,-0.722,0.38971807628524047,0.3041722745625841,-1.8503767251968384,-2.360426664352417,-2.8503767251968384,-1.3798285722732544,-1.7833081483840942,0.9947301149368286,0.31,0.1263482280431433,-0.69,0.34934497816593885,0.44879518072289154,-1.7373522520065308,-2.4242870807647705,-2.7373522520065308,-1.6032981872558594,-1.204633355140686,0.9950737357139587,-0.09000000000000002,"[1, 2, 3, 4, 5, 6, 7, 8, 9]",0.01,32
concrete,256,0.466,0.47865853658536583,0.4690265486725664,0.45045045045045046,-1.1384726762771606,-1.1024199724197388,-1.1124924421310425,-1.200432538986206,0.9943033456802368,tight,nan,0.5322265625,0.4609375,0.4609375,0.0,high,v2_c-high_d-mixed_a-concrete_p-tight_s-05,mixed,88.0422887802124,19.574020385742188,0.05077700352569196,-0.3889365810407185,transformer,0.8645,1.0,-0.13549999999999995,1.0,0.6183098591549295,0.45957404375076294,1.0,-0.5404259562492371,1.0,-0.522326648235321,0.9990224838256836,1.0,1.0,2,0.001,1.505930384837484e-07,1.505930384837484e-07,0.0,0.0,0.0,0.0,1.0,0.8625,0.47758257389068604,0.9929749965667725,700,0.541,-0.8171306848526001,0.9882530570030212,0.4105,-1.32339346408844,0.9898133277893066,0.4432130455970764,0.259765625,0.26513102650642395,28033.0,45.188543027393045,0.2698941992402298,0.8865444174686414,0.999,-1.223155384840164,0.454,0.1,5,1.0,1.0,1.0,1.0,1.0,1.0,1.0,1.0,1.0,1.0,1.0,1.0,0.9999998807907104,1.0,1.0,1.0,1.0,0.9999998807907104,10000,10000,0.588,0.599388379204893,-0.41200000000000003,0.6434494195688225,0.5329744279946165,-0.6496235728263855,-0.6024456024169922,-1.6496235728263855,-0.42715367674827576,-0.8717013001441956,0.9972466826438904,0.3875,0.2049306625577812,-0.6125,0.43085880640465796,0.5210843373493976,-1.4362622499465942,-2.179753065109253,-2.4362622499465942,-1.2466957569122314,-0.9057000279426575,0.9955146908760071,-0.07850000000000001,"[1, 2, 3, 4, 5, 6, 7, 8, 9]",0.01,32
concrete,256,0.698,0.6798780487804879,0.7699115044247787,0.6426426426426426,-0.20652437210083008,-0.280473530292511,0.0796472504734993,-0.4250134527683258,0.9996148347854614,wide,nan,0.29296875,0.734375,0.734375,0.0,high,v2_c-high_d-mixed_a-concrete_p-wide_s-00,mixed,83.0726490020752,37.515533447265625,0.04605099021561927,-0.21157441812572603,transformer,0.852,1.0,-0.14800000000000002,1.0,0.5830985915492958,0.4085068106651306,1.0,-0.5914931893348694,1.0,-0.6661779880523682,0.9996278285980225,1.0,1.0,2,0.001,3.078678645351829e-08,3.078678645351829e-08,0.0,0.0,0.0,0.0,1.0,0.854,0.4174381196498871,0.9947385191917419,400,0.7395,-0.03388114273548126,0.9922746419906616,0.718,-0.0795876532793045,0.9839221239089966,0.4569251537322998,0.275390625,0.2747665047645569,407041.0,93.07007363282995,0.14587839593690755,0.9372798552423736,0.993,0.019277429610460084,0.711,0.1,0,1.0,1.0,1.0,1.0,1.0,1.0,1.0,1.0,1.0,1.0,1.0,1.0,1.0,1.0,1.0,1.0,1.0,1.0,10000,10000,0.7305,0.8746177370030581,-0.26949999999999996,0.7827529021558872,0.5612382234185733,-0.06395184993743896,0.49847105145454407,-1.063951849937439,0.12835568189620972,-0.7150769829750061,0.9959371089935303,0.7225,0.7041602465331279,-0.27749999999999997,0.8107714701601164,0.6490963855421686,-0.0987454280257225,-0.18171820044517517,-1.0987454280257225,0.24340000748634338,-0.37164390087127686,0.9977413415908813,0.024500000000000077,"[1, 2, 3, 4, 5, 6, 7, 8, 9]",0.01,128
concrete,256,0.458,0.45426829268292684,0.3864306784660767,0.5345345345345346,-1.1579214334487915,-1.1881814002990723,-1.4529920816421509,-0.8277285695075989,0.9957529306411743,wide,nan,0.55078125,0.46484375,0.4765625,0.0,high,v2_c-high_d-mixed_a-concrete_p-wide_s-01,mixed,82.62882399559021,37.183475494384766,0.05669007277649488,-0.06653489473636358,transformer,0.9115,1.0,-0.08850000000000002,1.0,0.7507042253521127,0.647441029548645,1.0,-0.352558970451355,1.0,0.006876218598335981,0.9995463490486145,1.0,1.0,2,0.001,2.7573303640338054e-08,2.7573303640338054e-08,0.0,0.0,0.0,0.0,1.0,0.9015,0.6509623527526855,0.9845755696296692,400,0.4075,-1.2753137350082397,0.9580709338188171,0.2885,-1.72481369972229,0.9653895497322083,0.18219691514968872,0.458984375,0.45807185769081116,407041.0,93.10739952043618,0.14593690067853266,0.9711246329919834,0.997,-0.1442915831151621,0.496,0.1,1,1.0,1.0,1.0,1.0,1.0,1.0,1.0,1.0,1.0,1.0,1.0,1.0,1.0,1.0,1.0,1.0,1.0,1.0,10000,10000,0.3985,0.25535168195718655,-0.6014999999999999,0.3416252072968491,0.5706594885598923,-1.4051326513290405,-1.978592872619629,-2.4051326513290405,-1.6306408643722534,-0.7173475623130798,0.9998381733894348,0.2885,0.046224961479198766,-0.7115,0.4017467248908297,0.40813253012048195,-1.8330632448196411,-2.809157371520996,-2.833063244819641,-1.3845040798187256,-1.3431159257888794,0.9967655539512634,-0.16950000000000004,"[1, 2, 3, 4, 5, 6, 7, 8, 9]",0.01,128
concrete,256,0.448,0.4603658536585366,0.3687315634218289,0.5165165165165165,-1.193231463432312,-1.15805983543396,-1.5057079792022705,-0.9097685813903809,0.9962095022201538,wide,nan,0.58984375,0.4375,0.5234375,0.0,high,v2_c-high_d-mixed_a-concrete_p-wide_s-02,mixed,67.93604159355164,37.30052947998047,0.06376081255645959,-0.14033658070343707,transformer,0.8715,1.0,-0.12849999999999995,1.0,0.6380281690140845,0.4936051666736603,1.0,-0.5063948333263397,1.0,-0.426464319229126,0.9972560405731201,1.0,1.0,2,0.001,2.469148441264224e-08,2.469148441264224e-08,0.0,0.0,0.0,0.0,1.0,0.874,0.5227815508842468,0.9844112396240234,400,0.3975,-1.4180055856704712,0.9862051606178284,0.4535,-1.1127275228500366,0.9804989099502563,0.06167321652173996,0.501953125,0.49979549646377563,407041.0,92.5608947219155,0.14508030692859608,0.9769542940259787,0.995,-0.34565399891775184,0.449,0.1,2,1.0,1.0,1.0,1.0,1.0,1.0,1.0,1.0,1.0,1.0,1.0,1.0,1.0,1.0,1.0,1.0,1.0,1.0,10000,10000,0.372,0.25229357798165136,-0.628,0.4361525704809287,0.4253028263795424,-1.511996865272522,-1.990816354751587,-2.511996865272522,-1.2553893327713013,-1.29878830909729,0.9999995827674866,0.3985,0.3898305084745763,-0.6014999999999999,0.33770014556040756,0.46987951807228917,-1.3930968046188354,-1.4406765699386597,-2.3930968046188354,-1.6111912727355957,-1.1209429502487183,0.9975677132606506,-0.04949999999999999,"[1, 2, 3, 4, 5, 6, 7, 8, 9]",0.01,128
concrete,256,0.89,0.9359756097560976,0.9469026548672567,0.7867867867867868,0.559890627861023,0.7439024448394775,0.7876102328300476,0.14681901037693024,0.99924635887146,wide,1.0,0.0859375,0.8984375,0.8984375,1.0,high,v2_c-high_d-mixed_a-concrete_p-wide_s-03,mixed,82.90693736076355,37.67729949951172,0.04841297134175302,-0.12223368626527847,transformer,0.865,1.0,-0.135,1.0,0.6197183098591549,0.4692007303237915,1.0,-0.5307992696762085,1.0,-0.49520909786224365,0.9975408315658569,1.0,1.0,2,0.001,2.448267011345706e-08,2.448267011345706e-08,0.0,0.0,0.0,0.0,1.0,0.881,0.5521094799041748,0.9907827973365784,400,0.775,0.09172534197568893,0.9875385761260986,0.8575,0.45846641063690186,0.9880589246749878,0.7288235425949097,0.142578125,0.1430550217628479,407041.0,92.74323695188552,0.14536611085010712,0.9371273018009534,0.989,0.4928593197537857,0.873,0.1,3,1.0,1.0,1.0,1.0,1.0,1.0,1.0,1.0,1.0,1.0,1.0,1.0,1.0,1.0,1.0,1.0,1.0,1.0,10000,10000,0.7675,0.9128440366972477,-0.23250000000000004,0.9419568822553898,0.4979811574697174,0.0680059865117073,0.6513761281967163,-0.9319940134882927,0.7558051347732544,-1.003685712814331,0.9948574900627136,0.8895,0.926040061633282,-0.11050000000000004,0.9053857350800583,0.8373493975903614,0.574372410774231,0.7041358947753906,-0.42562758922576904,0.6567603349685669,0.3622985780239105,0.9973607063293457,-0.000500000000000056,"[1, 2, 3, 4, 5, 6, 7, 8, 9]",0.01,128
concrete,256,0.098,0.03048780487804878,0.0855457227138643,0.17717717717717718,-2.607313394546509,-2.8780479431152344,-2.657041549682617,-2.290020227432251,0.9998989105224609,wide,nan,0.916015625,0.11328125,0.11328125,0.0,high,v2_c-high_d-mixed_a-concrete_p-wide_s-04,mixed,81.54955267906189,37.84048843383789,0.02133367454167347,-0.06776683853870777,transformer,0.896,1.0,-0.10399999999999998,1.0,0.7070422535211267,0.5915412306785583,1.0,-0.40845876932144165,1.0,-0.1505880057811737,0.998659074306488,1.0,1.0,2,0.001,2.86625887468972e-08,2.86625887468972e-08,0.0,0.0,0.0,0.0,1.0,0.8955,0.6074784994125366,0.9886014461517334,400,0.198,-2.16593074798584,0.981473445892334,0.087,-2.619276285171509,0.9940084218978882,0.6422985792160034,0.181640625,0.1816709041595459,407041.0,92.7137548790317,0.14531990053427804,0.9729130388756614,0.998,-1.9330293817842974,0.146,0.1,4,1.0,1.0,1.0,1.0,1.0,1.0,1.0,1.0,1.0,1.0,1.0,1.0,1.0,1.0,1.0,1.0,1.0,1.0,10000,10000,0.163,0.08409785932721713,-0.837,0.06965174129353234,0.3082099596231494,-2.344134569168091,-2.6632823944091797,-3.344134569168091,-2.7213926315307617,-1.757042646408081,0.9993191361427307,0.0685,0.04160246533127889,-0.9315,0.07569141193595343,0.08734939759036145,-2.72650146484375,-2.833589792251587,-3.72650146484375,-2.6989588737487793,-2.650329113006592,0.9993801116943359,-0.0295,"[1, 2, 3, 4, 5, 6, 7, 8, 9]",0.01,128
concrete,256,0.64,0.5609756097560976,0.6902654867256637,0.6666666666666666,-0.4318023920059204,-0.7468435764312744,-0.22844593226909637,-0.3285120725631714,0.996635377407074,wide,nan,0.37890625,0.64453125,0.64453125,0.0,high,v2_c-high_d-mixed_a-concrete_p-wide_s-05,mixed,97.69729447364807,37.9305419921875,0.01282192948830146,-0.11822748928817645,transformer,0.894,1.0,-0.10599999999999998,1.0,0.7014084507042253,0.5805153846740723,1.0,-0.41948461532592773,1.0,-0.18164673447608948,0.9972976446151733,1.0,1.0,2,0.001,2.9066862694548945e-08,2.9066862694548945e-08,0.0,0.0,0.0,0.0,1.0,0.881,0.5852645635604858,0.9751918315887451,400,0.5075,-0.8489153981208801,0.9587001800537109,0.512,-0.8744492530822754,0.9633390307426453,0.46405917406082153,0.333984375,0.3320070505142212,407041.0,91.60726815148541,0.14358558892755557,0.9283408855031016,0.992,-0.774663820844764,0.517,0.1,5,1.0,1.0,1.0,1.0,1.0,1.0,1.0,1.0,1.0,1.0,1.0,1.0,1.0,1.0,1.0,1.0,1.0,1.0,10000,10000,0.432,0.40061162079510704,-0.5680000000000001,0.3781094527363184,0.5033647375504711,-1.2680377960205078,-1.3666995763778687,-2.268037796020508,-1.5109741687774658,-0.9840331077575684,0.9944775104522705,0.4865,0.5084745762711864,-0.5135000000000001,0.4657933042212518,0.4864457831325301,-1.041751503944397,-0.9653909206390381,-2.041751503944397,-1.1254719495773315,-1.029766321182251,0.9953675866127014,-0.15350000000000003,"[1, 2, 3, 4, 5, 6, 7, 8, 9]",0.01,128
invariant,256,0.18,0.051829268292682924,0.13864306784660768,0.3483483483483483,-2.264491319656372,-2.79268217086792,-2.435102939605713,-1.5705450773239136,0.996793806552887,moderate,nan,0.8125,0.16015625,0.16015625,0.0,high,v2_c-high_d-mixed_a-invariant_p-moderate_s-00,mixed,83.01334404945374,28.615760803222656,0.02225171287583497,-0.16446451447445926,transformer,0.885,1.0,-0.11499999999999999,1.0,0.676056338028169,0.5405116081237793,1.0,-0.4594883918762207,1.0,-0.29433342814445496,0.9986722469329834,1.0,1.0,2,0.001,7.128034695824681e-08,7.128034695824681e-08,1.4109955303492124e-15,0.0,0.0,0.0,1.0,0.8605,0.5187768340110779,0.9694578647613525,400,0.3535,-1.4656708240509033,0.9652203321456909,0.21,-2.0654349327087402,0.9757180213928223,0.6753745079040527,0.166015625,0.16574421525001526,105217.0,65.17460035577255,0.20092566731843917,0.9356659876587563,0.994,-1.5969623771199908,0.223,0.1,0,1.0,1.0,1.0,1.0,1.0,1.0,1.0,1.0,1.0,1.0,1.0,1.0,0.9999998807907104,1.0,1.0,1.0,1.0,0.9999998807907104,10000,10000,0.27,0.22018348623853212,-0.73,0.12271973466003316,0.43337819650067294,-1.8909196853637695,-2.11926531791687,-2.8909196853637695,-2.5058164596557617,-1.1908916234970093,0.9939964413642883,0.204,0.01694915254237288,-0.796,0.24599708879184862,0.3433734939759036,-2.1830010414123535,-2.9321987628936768,-3.1830010414123535,-2.016360282897949,-1.6231404542922974,0.9989572763442993,0.023999999999999994,"[1, 2, 3, 4, 5, 6, 7, 8, 9]",0.01,64
invariant,256,0.544,0.4146341463414634,0.7227138643067846,0.4894894894894895,-0.8060241937637329,-1.2861387729644775,-0.10534238070249557,-1.0464249849319458,0.9948558211326599,moderate,nan,0.453125,0.65234375,0.4609375,0.0,high,v2_c-high_d-mixed_a-invariant_p-moderate_s-01,mixed,86.01304912567139,29.42296028137207,0.05594192163740115,-0.16695936971751776,transformer,0.8395,1.0,-0.16049999999999998,1.0,0.547887323943662,0.35939842462539673,1.0,-0.6406015753746033,1.0,-0.8045114278793335,0.998161792755127,1.0,1.0,2,0.001,2.7638250799100206e-08,2.7638247246386527e-08,2.7422983893724776e-15,0.0,0.0,0.0,1.0,0.8505,0.4294968247413635,0.9859674572944641,400,0.594,-0.5506868362426758,0.9681583642959595,0.683,-0.2087469846010208,0.9549221396446228,0.19247959554195404,0.4140625,0.41184645891189575,105217.0,66.0471938315474,0.2036157709088059,0.9013257469831474,0.997,-0.3080063055094797,0.627,0.1,1,1.0,1.0,1.0,1.0,1.0,1.0,1.0,1.0,1.0,1.0,1.0,1.0,1.0,1.0,1.0,1.0,1.0,1.0,10000,10000,0.5875,0.7385321100917431,-0.4125,0.6069651741293532,0.4387617765814266,-0.6383998990058899,-0.04662075638771057,-1.63839989900589,-0.5721256136894226,-1.2130796909332275,0.9971597790718079,0.6565,0.6548536209553159,-0.3435,0.7074235807860262,0.6054216867469879,-0.3828994929790497,-0.4134367108345032,-1.3828994929790497,-0.16573584079742432,-0.5777379870414734,0.9885016083717346,0.11249999999999993,"[1, 2, 3, 4, 5, 6, 7, 8, 9]",0.01,64
invariant,256,0.248,0.08841463414634146,0.25073746312684364,0.4024024024024024,-1.9946143627166748,-2.646338939666748,-1.989074468612671,-1.3583147525787354,0.995918333530426,moderate,nan,0.73828125,0.25390625,0.25390625,0.0,high,v2_c-high_d-mixed_a-invariant_p-moderate_s-02,mixed,76.6719753742218,28.71217155456543,0.09479166247172686,-0.10096185089149173,transformer,0.8775,1.0,-0.12250000000000005,1.0,0.6549295774647887,0.514661431312561,1.0,-0.48533856868743896,1.0,-0.3671509325504303,0.9985289573669434,1.0,1.0,2,0.001,4.0301262771436086e-08,4.0301262771436086e-08,5.683774246951199e-16,0.0,0.0,0.0,1.0,0.829,0.39642760157585144,0.9745421409606934,400,0.2935,-1.6194294691085815,0.9398890137672424,0.3385,-1.515474796295166,0.9545267224311829,0.2914086878299713,0.369140625,0.37123075127601624,105217.0,65.29092541194001,0.20128428385630387,0.9293978010939277,0.997,-1.2930416266244085,0.257,0.1,2,1.0,1.0,1.0,1.0,1.0,1.0,1.0,1.0,1.0,1.0,1.0,1.0,0.9999999403953552,1.0,1.0,1.0,1.0,0.9999999403953552,10000,10000,0.33,0.21406727828746178,-0.6699999999999999,0.25207296849087896,0.4952893674293405,-1.6802092790603638,-2.143796682357788,-2.6802092790603638,-1.992077112197876,-1.0190479755401611,0.9984543323516846,0.267,0.21417565485362094,-0.733,0.2445414847161572,0.34186746987951805,-1.915345549583435,-2.1433093547821045,-2.915345549583435,-1.9824129343032837,-1.6231410503387451,0.9959675669670105,0.019000000000000017,"[1, 2, 3, 4, 5, 6, 7, 8, 9]",0.01,64
invariant,256,0.633,0.5426829268292683,0.7168141592920354,0.6366366366366366,-0.4621444642543793,-0.8292677402496338,-0.13274343311786652,-0.4358696937561035,0.9986580610275269,moderate,nan,0.37109375,0.59375,0.37890625,0.0,high,v2_c-high_d-mixed_a-invariant_p-moderate_s-03,mixed,88.36604356765747,29.186941146850586,0.13203841404807484,-0.041574477630844084,transformer,0.847,1.0,-0.15300000000000002,1.0,0.5690140845070423,0.3948459327220917,1.0,-0.6051540672779083,1.0,-0.7046592831611633,0.9980872273445129,1.0,1.0,2,0.001,5.274780789932265e-08,5.274780789932265e-08,1.259567003445588e-15,0.0,0.0,0.0,1.0,0.866,0.5133967995643616,0.9698759317398071,400,0.7945,0.24986077845096588,0.9605010747909546,0.7285,-0.01920408010482788,0.9623398780822754,0.49719613790512085,0.255859375,0.2553715705871582,105217.0,66.14993840169092,0.20393252039720688,0.9087083758176845,0.992,-0.5902116008016833,0.594,0.1,3,1.0,1.0,1.0,1.0,1.0,1.0,1.0,1.0,1.0,1.0,1.0,1.0,0.9999999403953552,1.0,1.0,1.0,1.0,0.9999999403953552,10000,10000,0.817,0.9113149847094801,-0.18300000000000005,0.9502487562189055,0.6258411843876177,0.2819453179836273,0.6452600359916687,-0.7180546820163727,0.8009950518608093,-0.4590975344181061,0.9976507425308228,0.753,0.6147919876733436,-0.247,0.8384279475982532,0.7996987951807228,0.01162061095237732,-0.5408316850662231,-0.9883793890476227,0.35371196269989014,0.1976519227027893,0.9997727870941162,0.12,"[1, 2, 3, 4, 5, 6, 7, 8, 9]",0.01,64
invariant,256,0.543,0.42378048780487804,0.640117994100295,0.5615615615615616,-0.826725959777832,-1.3118433952331543,-0.4362618327140808,-0.7463920712471008,0.9969069957733154,moderate,nan,0.4892578125,0.5,0.48046875,0.0,high,v2_c-high_d-mixed_a-invariant_p-moderate_s-04,mixed,86.18837141990662,29.626811981201172,0.08742383592314237,-0.19420892766490933,transformer,0.923,1.0,-0.07699999999999996,1.0,0.7830985915492957,0.6939250230789185,1.0,-0.30607497692108154,1.0,0.13781686127185822,0.9994407296180725,1.0,1.0,2,0.001,6.842549993280045e-08,6.842549993280045e-08,4.014832673147141e-16,0.0,0.0,0.0,1.0,0.873,0.5542011857032776,0.9792400598526001,400,0.4105,-1.0403919219970703,0.9143091440200806,0.4575,-0.9574989080429077,0.934274435043335,0.21156015992164612,0.42578125,0.42561349272727966,105217.0,65.95395643378241,0.2033283309204868,0.9393818249241788,0.994,-1.3942624052216521,0.511,0.1,4,1.0,1.0,1.0,1.0,1.0,1.0,1.0,1.0,1.0,1.0,1.0,1.0,0.9999999403953552,1.0,1.0,1.0,1.0,0.9999998807907104,10000,10000,0.4105,0.3012232415902141,-0.5895,0.4792703150912106,0.4508748317631225,-1.3002089262008667,-1.6232988834381104,-2.3002089262008667,-1.0839930772781372,-1.1912959814071655,0.9901654124259949,0.51,0.3605546995377504,-0.49,0.6011644832605532,0.5617469879518072,-0.9494511485099792,-1.5571612119674683,-1.9494511485099792,-0.5705810189247131,-0.7474632859230042,0.9962007403373718,-0.03300000000000003,"[1, 2, 3, 4, 5, 6, 7, 8, 9]",0.01,64
invariant,256,0.169,0.0,0.18584070796460178,0.3183183183183183,-2.3212718963623047,-2.9999988079071045,-2.2491137981414795,-1.7261945009231567,0.9983242750167847,moderate,nan,0.84765625,0.16015625,0.16015625,0.0,high,v2_c-high_d-mixed_a-invariant_p-moderate_s-05,mixed,72.49734568595886,29.053564071655273,0.02955815618135014,-0.19822127618221846,transformer,0.9175,1.0,-0.08250000000000002,1.0,0.7676056338028169,0.6795049905776978,1.0,-0.32049500942230225,1.0,0.09719731658697128,0.9960929155349731,1.0,1.0,2,0.001,7.28703923869034e-08,7.28703923869034e-08,1.6316043085495293e-15,0.0,0.0,0.0,1.0,0.903,0.6654948592185974,0.9783064126968384,400,0.391,-1.368953824043274,0.955870509147644,0.1885,-2.1796822547912598,0.9811359643936157,0.45571592450141907,0.279296875,0.28023868799209595,105217.0,64.56315191396763,0.1990406433132311,0.9680685074477473,0.999,-2.474479390355084,0.16,0.1,5,1.0,1.0,1.0,1.0,1.0,1.0,1.0,1.0,1.0,1.0,1.0,1.0,0.9999999403953552,1.0,1.0,1.0,1.0,0.9999998807907104,10000,10000,0.3135,0.3012232415902141,-0.6865,0.23714759535655058,0.38627187079407804,-1.7006248235702515,-1.736297369003296,-2.7006248235702515,-2.005023956298828,-1.4221829175949097,0.991485595703125,0.167,0.05238828967642527,-0.833,0.06550218340611354,0.38403614457831325,-2.3245575428009033,-2.790910005569458,-3.3245575428009033,-2.7379841804504395,-1.440992832183838,0.9981642365455627,-0.0020000000000000018,"[1, 2, 3, 4, 5, 6, 7, 8, 9]",0.01,64
invariant,256,0.265,0.31097560975609756,0.12979351032448377,0.35735735735735735,-1.9399951696395874,-1.7561038732528687,-2.4807662963867188,-1.570610761642456,0.9993995428085327,tight,nan,0.76171875,0.29296875,0.29296875,0.0,high,v2_c-high_d-mixed_a-invariant_p-tight_s-00,mixed,87.22612357139587,20.031837463378906,-0.016592971389347826,-0.5687464649377101,transformer,0.88,1.0,-0.12,0.963258785942492,0.6943661971830986,0.5201195478439331,1.0,-0.4798804521560669,0.8530353307723999,-0.2221985012292862,0.9979270100593567,1.0,1.0,2,0.001,1.9887082203240425e-07,1.9887082203240425e-07,2.663390070555688e-15,0.0,0.0,0.0,1.0,0.868,0.49162405729293823,0.9851316809654236,700,0.302,-1.7509546279907227,0.9884544610977173,0.2525,-1.9185272455215454,0.9877629280090332,0.5893204212188721,0.205078125,0.20406374335289001,28033.0,47.010742506652726,0.2807775124953757,0.8750370164513959,1.0,-2.71439012085125,0.257,0.1,0,1.0,1.0,1.0,1.0,1.0,1.0,1.0,1.0,1.0,1.0,1.0,1.0,0.9999997615814209,1.0,1.0,1.0,1.0,0.9999997615814209,10000,10000,0.288,0.21253822629969418,-0.712,0.3117744610281924,0.3351278600269179,-1.8479975461959839,-2.1498444080352783,-2.847997546195984,-1.7528998851776123,-1.6594865322113037,0.9999983906745911,0.2615,0.2110939907550077,-0.7384999999999999,0.15429403202328967,0.42168674698795183,-1.9539850950241089,-2.155621290206909,-2.953985095024109,-2.3827717304229736,-1.3132647275924683,0.9998846650123596,-0.003500000000000003,"[1, 2, 3, 4, 5, 6, 7, 8, 9]",0.01,32
invariant,256,0.112,0.0,0.168141592920354,0.16516516516516516,-2.5493078231811523,-2.999952793121338,-2.3142380714416504,-2.3447344303131104,0.9981389045715332,tight,nan,0.8662109375,0.12890625,0.12890625,0.0,high,v2_c-high_d-mixed_a-invariant_p-tight_s-01,mixed,83.39542484283447,20.208654403686523,0.07629070296891333,-0.2105892298486016,transformer,0.8805,1.0,-0.11950000000000005,1.0,0.6633802816901408,0.5280051231384277,1.0,-0.47199487686157227,1.0,-0.3295629918575287,0.9987431764602661,1.0,1.0,2,0.001,1.8473473062385892e-07,1.8473473062385892e-07,4.907308249807365e-15,0.0,0.0,0.0,1.0,0.8825,0.5673459768295288,0.988250732421875,700,0.208,-2.1396381855010986,0.994078516960144,0.112,-2.510040521621704,0.9904221892356873,0.570670485496521,0.220703125,0.22347062826156616,28033.0,48.057620423948165,0.2870301211935462,0.9219594506977267,1.0,-2.2906316502544213,0.145,0.1,1,1.0,1.0,1.0,1.0,1.0,1.0,1.0,1.0,1.0,1.0,1.0,1.0,0.9999997615814209,1.0,1.0,1.0,1.0,0.9999997615814209,10000,10000,0.23,0.0,-0.77,0.1691542288557214,0.48183041722745623,-2.066540479660034,-2.9999966621398926,-3.066540479660034,-2.323380470275879,-1.0364534854888916,0.9980044960975647,0.1125,0.030816640986132512,-0.8875,0.08733624454148471,0.2183734939759036,-2.5413763523101807,-2.876729965209961,-3.5413763523101807,-2.6304731369018555,-2.1214163303375244,0.9987985491752625,0.0005000000000000004,"[1, 2, 3, 4, 5, 6, 7, 8, 9]",0.01,32
invariant,256,0.696,0.8201219512195121,0.5870206489675516,0.6846846846846847,-0.1873527616262436,0.36741507053375244,-0.6507249474525452,-0.2620695233345032,0.9954204559326172,tight,nan,0.34375,0.7421875,0.74609375,0.0,high,v2_c-high_d-mixed_a-invariant_p-tight_s-02,mixed,90.04245591163635,19.852060317993164,0.13201530013249124,-0.1492130689990172,transformer,0.8755,1.0,-0.12450000000000006,1.0,0.6492957746478873,0.5146248936653137,1.0,-0.4853751063346863,1.0,-0.36725378036499023,0.9968946576118469,1.0,1.0,2,0.001,1.9561998954031878e-07,1.9561998954031878e-07,5.542901444636258e-15,0.0,0.0,0.0,1.0,0.88,0.5583177804946899,0.9896208643913269,1000,0.6905,-0.22443260252475739,0.9938374161720276,0.6285,-0.4738389849662781,0.9951583743095398,0.5175357460975647,0.24609375,0.24261195957660675,28033.0,46.95306967555101,0.2804330543313079,0.9221441760499507,1.0,0.04581987769104767,0.732,0.1,2,1.0,1.0,1.0,1.0,1.0,1.0,1.0,1.0,1.0,1.0,1.0,1.0,0.9999997615814209,1.0,1.0,1.0,1.0,0.9999997615814209,10000,10000,0.68,0.8700305810397554,-0.31999999999999995,0.5555555555555556,0.6137281292059219,-0.27051252126693726,0.4801226854324341,-1.2705125212669373,-0.7774311900138855,-0.5198308229446411,0.9986679553985596,0.5955,0.5007704160246533,-0.40449999999999997,0.6914119359534207,0.588855421686747,-0.6183493733406067,-0.9968963265419006,-1.6183493733406067,-0.23434403538703918,-0.6456606984138489,0.999404788017273,-0.10049999999999992,"[1, 2, 3, 4, 5, 6, 7, 8, 9]",0.01,32
invariant,256,0.153,0.012195121951219513,0.1976401179941003,0.24624624624624625,-2.3851141929626465,-2.9476442337036133,-2.2055411338806152,-2.013838768005371,0.9972081184387207,tight,nan,0.853515625,0.17578125,0.17578125,0.0,high,v2_c-high_d-mixed_a-invariant_p-tight_s-03,mixed,85.81855463981628,19.63202476501465,0.112778821673811,-0.22419429626161405,transformer,0.867,1.0,-0.133,1.0,0.6253521126760564,0.46946996450424194,1.0,-0.5305300354957581,1.0,-0.49445074796676636,0.9989705085754395,1.0,1.0,2,0.001,1.3468716986153595e-07,1.3468716986153595e-07,5.327275231869046e-15,0.0,0.0,0.0,1.0,0.8695,0.5792746543884277,0.9331381916999817,700,0.226,-1.798910140991211,0.9257135987281799,0.191,-1.8757729530334473,0.9196093082427979,0.5863003730773926,0.2109375,0.20365086197853088,28033.0,47.56204710858943,0.2840702478682989,0.935957222029943,1.0,-1.7658011612523956,0.164,0.1,3,1.0,1.0,1.0,1.0,1.0,1.0,1.0,1.0,1.0,1.0,1.0,1.0,0.9999998807907104,1.0,1.0,1.0,1.0,0.9999998807907104,10000,10000,0.2075,0.1452599388379205,-0.7925,0.0912106135986733,0.3566621803499327,-2.153052806854248,-2.418954372406006,-3.153052806854248,-2.6025569438934326,-1.5541954040527344,0.9971974492073059,0.1745,0.04930662557781202,-0.8255,0.14264919941775836,0.32981927710843373,-2.2839114665985107,-2.7681281566619873,-3.2839114665985107,-2.429342746734619,-1.6601643562316895,0.996824324131012,0.02149999999999999,"[1, 2, 3, 4, 5, 6, 7, 8, 9]",0.01,32
invariant,256,0.359,0.2652439024390244,0.3834808259587021,0.4264264264264264,-1.5481042861938477,-1.938820242881775,-1.4638899564743042,-1.2489867210388184,0.9967507719993591,tight,nan,0.681640625,0.38671875,0.38671875,0.0,high,v2_c-high_d-mixed_a-invariant_p-tight_s-04,mixed,91.91976547241211,19.346784591674805,0.10088610458159278,-0.20675170311545718,transformer,0.886,1.0,-0.11399999999999999,1.0,0.6788732394366197,0.5522096157073975,1.0,-0.44779038429260254,1.0,-0.26138123869895935,0.9974468946456909,1.0,1.0,2,0.001,1.2942116711656126e-07,1.2942115290570655e-07,8.152908957757138e-15,0.0,0.0,0.0,1.0,0.8995,0.6503993272781372,0.9660571217536926,400,0.303,-1.659273624420166,0.9661766290664673,0.2765,-1.7148882150650024,0.9516052007675171,0.40076178312301636,0.36328125,0.3630428910255432,28033.0,46.480775841907494,0.2776122206089185,0.9076748990777417,0.998,-1.6700781080367175,0.379,0.1,4,1.0,1.0,1.0,1.0,1.0,1.0,1.0,1.0,1.0,1.0,1.0,1.0,0.9999998807907104,1.0,1.0,1.0,1.0,0.9999998807907104,10000,10000,0.2285,0.12996941896024464,-0.7715,0.26865671641791045,0.28263795423956933,-2.0920305252075195,-2.495922803878784,-3.0920305252075195,-1.9238945245742798,-1.8729735612869263,0.9939836263656616,0.208,0.061633281972265024,-0.792,0.2081513828238719,0.3509036144578313,-2.1582603454589844,-2.7457897663116455,-3.1582603454589844,-2.167381763458252,-1.5745660066604614,0.9984341859817505,-0.151,"[1, 2, 3, 4, 5, 6, 7, 8, 9]",0.01,32
invariant,256,0.452,0.45121951219512196,0.43952802359882004,0.46546546546546547,-1.1870533227920532,-1.1915615797042847,-1.2317192554473877,-1.1371421813964844,0.9990226626396179,tight,nan,0.54296875,0.421875,0.42578125,0.0,high,v2_c-high_d-mixed_a-invariant_p-tight_s-05,mixed,91.54384160041809,19.5294132232666,0.05057409147236401,-0.39620012942046934,transformer,0.864,1.0,-0.136,1.0,0.6169014084507042,0.46294301748275757,1.0,-0.5370569825172424,1.0,-0.5128365755081177,0.9984068274497986,1.0,1.0,2,0.001,1.2290411177673377e-07,1.2290411177673377e-07,2.006090174145746e-15,0.0,0.0,0.0,1.0,0.853,0.4416455328464508,0.9874669313430786,700,0.49,-0.9625884890556335,0.966488778591156,0.3965,-1.4024755954742432,0.9894693493843079,0.4938513934612274,0.263671875,0.26306748390197754,28033.0,45.126432566655005,0.2695232367806707,0.8958879028997153,0.999,-1.3593672681436972,0.447,0.1,5,1.0,1.0,1.0,1.0,1.0,1.0,1.0,1.0,1.0,1.0,1.0,1.0,0.9999998807907104,1.0,1.0,1.0,1.0,0.9999998807907104,10000,10000,0.5,0.3470948012232416,-0.5,0.6384742951907131,0.522207267833109,-1.0056310892105103,-1.629185438156128,-2.0056310892105103,-0.4398173987865448,-0.9159690737724304,0.9910875558853149,0.386,0.2033898305084746,-0.614,0.43377001455604075,0.5150602409638554,-1.4563465118408203,-2.1859817504882812,-2.4563465118408203,-1.2647672891616821,-0.9414094686508179,0.9992106556892395,-0.066,"[1, 2, 3, 4, 5, 6, 7, 8, 9]",0.01,32
invariant,256,0.439,0.3231707317073171,0.4247787610619469,0.5675675675675675,-1.2344675064086914,-1.7072169780731201,-1.2685600519180298,-0.7341095805168152,0.9933270215988159,wide,nan,0.5546875,0.45703125,0.4609375,0.0,high,v2_c-high_d-mixed_a-invariant_p-wide_s-00,mixed,79.44550633430481,37.558441162109375,0.04858692515747532,-0.2046089405899436,transformer,0.856,1.0,-0.14400000000000002,1.0,0.5943661971830986,0.4215571880340576,1.0,-0.5784428119659424,1.0,-0.6294164061546326,0.9981437921524048,1.0,1.0,2,0.001,2.0359308905426587e-08,2.0359308905426587e-08,1.1544106159010453e-16,0.0,0.0,0.0,1.0,0.8335,0.36300012469291687,0.9917745590209961,400,0.494,-0.9497572183609009,0.9609662890434265,0.4835,-0.9116872549057007,0.9442020058631897,0.20796933770179749,0.419921875,0.420764684677124,407041.0,93.0460702409127,0.14584077292691888,0.9365458130739639,0.998,-0.32977633737709255,0.541,0.1,0,1.0,1.0,1.0,1.0,1.0,1.0,1.0,1.0,1.0,1.0,1.0,1.0,1.0,1.0,1.0,1.0,1.0,1.0,10000,10000,0.491,0.5948012232415902,-0.509,0.41625207296849087,0.46029609690444145,-1.0272270441055298,-0.6206966638565063,-2.02722704410553,-1.334991455078125,-1.1352872848510742,0.998656153678894,0.487,0.25115562403698,-0.513,0.6462882096069869,0.552710843373494,-1.0446405410766602,-1.9941942691802979,-2.04464054107666,-0.40570956468582153,-0.7775999307632446,0.9939292073249817,0.04799999999999999,"[1, 2, 3, 4, 5, 6, 7, 8, 9]",0.01,128
invariant,256,0.467,0.4725609756097561,0.43952802359882004,0.4894894894894895,-1.0965793132781982,-1.0110591650009155,-1.2452471256256104,-1.0294685363769531,0.9898010492324829,wide,nan,0.5283203125,0.50390625,0.4921875,0.0,high,v2_c-high_d-mixed_a-invariant_p-wide_s-01,mixed,77.48568511009216,37.23344039916992,0.06274971786657481,-0.04623456388962975,transformer,0.885,1.0,-0.11499999999999999,1.0,0.676056338028169,0.5553919076919556,1.0,-0.44460809230804443,1.0,-0.2524172365665436,0.9966661930084229,1.0,1.0,2,0.001,2.7186329631945227e-08,2.7186327855588388e-08,1.2430470022379322e-15,0.0,0.0,0.0,1.0,0.862,0.5374655723571777,0.9755529761314392,400,0.4695,-0.9347302317619324,0.9468314051628113,0.459,-1.057497501373291,0.9469394683837891,-0.06698106229305267,0.587890625,0.5872408151626587,407041.0,93.11411991722787,0.1459474342546411,0.9845267314353627,0.999,-0.8912183005067593,0.343,0.1,1,1.0,1.0,1.0,1.0,1.0,1.0,1.0,1.0,1.0,1.0,1.0,1.0,1.0,1.0,1.0,1.0,1.0,1.0,10000,10000,0.538,0.4892966360856269,-0.46199999999999997,0.5522388059701493,0.5693135935397039,-0.8152627944946289,-0.9659321904182434,-1.815262794494629,-0.7883999943733215,-0.7044423222541809,0.9929682612419128,0.477,0.35285053929121724,-0.523,0.5458515283842795,0.5271084337349398,-1.0803325176239014,-1.5852975845336914,-2.0803325176239014,-0.7927585244178772,-0.8843100666999817,0.9961401224136353,0.009999999999999953,"[1, 2, 3, 4, 5, 6, 7, 8, 9]",0.01,128
invariant,256,0.476,0.43902439024390244,0.471976401179941,0.5165165165165165,-1.0769340991973877,-1.2439018487930298,-1.0821442604064941,-0.9071692228317261,0.9969215989112854,wide,nan,0.578125,0.5,0.46875,0.0,high,v2_c-high_d-mixed_a-invariant_p-wide_s-02,mixed,94.92621231079102,37.28621292114258,0.07434671894709936,-0.12017137038430885,transformer,0.8865,1.0,-0.11350000000000005,1.0,0.680281690140845,0.5476006865501404,1.0,-0.4523993134498596,1.0,-0.2743641138076782,0.9984617233276367,1.0,1.0,2,0.001,3.1455371640731755e-08,3.1455371640731755e-08,5.489163265712501e-17,0.0,0.0,0.0,1.0,0.8815,0.5761881470680237,0.9737502336502075,400,0.25,-1.8749946355819702,0.9689393043518066,0.2825,-1.7610772848129272,0.9677630066871643,0.44498467445373535,0.294921875,0.2934248447418213,407041.0,92.64643259968132,0.14521437933139175,0.9776440428689153,0.997,-0.34912994215499493,0.483,0.1,2,1.0,1.0,1.0,1.0,1.0,1.0,1.0,1.0,1.0,1.0,1.0,1.0,0.9999999403953552,1.0,1.0,1.0,1.0,0.9999999403953552,10000,10000,0.3465,0.25688073394495414,-0.6535,0.3615257048092869,0.41318977119784656,-1.6099791526794434,-1.9724677801132202,-2.6099791526794434,-1.5538963079452515,-1.3364264965057373,0.9994533658027649,0.379,0.25577812018489987,-0.621,0.3930131004366812,0.48493975903614456,-1.4736618995666504,-1.9768866300582886,-2.4736618995666504,-1.4119374752044678,-1.045667290687561,0.9974139928817749,-0.09699999999999998,"[1, 2, 3, 4, 5, 6, 7, 8, 9]",0.01,128
invariant,256,0.922,1.0,0.9321533923303835,0.8348348348348348,0.6917128562927246,1.0,0.7286137342453003,0.35048869252204895,0.999481201171875,wide,1.0,0.07421875,0.92578125,0.92578125,1.0,high,v2_c-high_d-mixed_a-invariant_p-wide_s-03,mixed,88.35322594642639,37.66456985473633,0.047511722284541605,-0.13162125902852637,transformer,0.8875,1.0,-0.11250000000000004,1.0,0.6830985915492958,0.5741545557975769,1.0,-0.4258454442024231,1.0,-0.19956451654434204,0.9943458437919617,1.0,1.0,2,0.001,2.098093432323367e-08,2.098093432323367e-08,2.1265713398523646e-17,0.0,0.0,0.0,1.0,0.885,0.5688600540161133,0.9911950826644897,400,0.798,0.2242693454027176,0.9935184121131897,0.9345,0.7440895438194275,0.9931281805038452,0.8372184634208679,0.080078125,0.08088061958551407,407041.0,92.71615641650722,0.14532366471347158,0.9460364988243575,0.992,0.6817854675946267,0.92,0.1,3,1.0,1.0,1.0,1.0,1.0,1.0,1.0,1.0,1.0,1.0,1.0,1.0,1.0,1.0,1.0,1.0,1.0,1.0,10000,10000,0.8045,1.0,-0.1955,1.0,0.4737550471063257,0.22980400919914246,1.0,-0.7701959908008575,1.0,-1.073205828666687,0.9975100755691528,0.924,0.9090909090909091,-0.07599999999999996,0.9810771470160117,0.8795180722891566,0.6961392760276794,0.6363636255264282,-0.30386072397232056,0.9243085980415344,0.5184919238090515,0.9999311566352844,0.0020000000000000018,"[1, 2, 3, 4, 5, 6, 7, 8, 9]",0.01,128
invariant,256,0.117,0.0,0.13569321533923304,0.2132132132132132,-2.523711919784546,-2.99566912651062,-2.4586989879608154,-2.125025510787964,0.9962998032569885,wide,nan,0.9033203125,0.12109375,0.1171875,0.0,high,v2_c-high_d-mixed_a-invariant_p-wide_s-04,mixed,72.92264151573181,37.82402801513672,0.03379133209668326,-0.06053305081259425,transformer,0.889,1.0,-0.11099999999999999,1.0,0.6873239436619718,0.5604556798934937,1.0,-0.43954432010650635,1.0,-0.2381528615951538,0.9974483251571655,1.0,1.0,2,0.001,2.9537980950067322e-08,2.9537979173710482e-08,2.4116065623690317e-15,0.0,0.0,0.0,1.0,0.8935,0.6095499396324158,0.9886918663978577,400,0.3815,-1.4600461721420288,0.9943495392799377,0.2795,-1.8298053741455078,0.9814878106117249,0.6624131202697754,0.185546875,0.18004798889160156,407041.0,92.81201345891749,0.14547391141512603,0.9747699223958937,0.994,-1.8881235577711077,0.109,0.1,4,1.0,1.0,1.0,1.0,1.0,1.0,1.0,1.0,1.0,1.0,1.0,1.0,1.0,1.0,1.0,1.0,1.0,1.0,10000,10000,0.2,0.0,-0.8,0.2935323383084577,0.3001345895020188,-2.1957783699035645,-2.999999523162842,-3.1957783699035645,-1.825869083404541,-1.7880992889404297,0.9994465112686157,0.091,0.0,-0.909,0.06695778748180495,0.20481927710843373,-2.630023956298828,-2.999999523162842,-3.630023956298828,-2.714355707168579,-2.181152820587158,0.9988151788711548,-0.02600000000000001,"[1, 2, 3, 4, 5, 6, 7, 8, 9]",0.01,128
invariant,256,0.342,0.14634146341463414,0.4306784660766962,0.4444444444444444,-1.6227853298187256,-2.414292573928833,-1.2569166421890259,-1.215623140335083,0.9980871677398682,wide,nan,0.64453125,0.33984375,0.34765625,0.0,high,v2_c-high_d-mixed_a-invariant_p-wide_s-05,mixed,69.37831521034241,37.933921813964844,0.013964819907749566,-0.11672268209367295,transformer,0.8965,1.0,-0.10350000000000004,1.0,0.7084507042253522,0.5855498313903809,1.0,-0.41445016860961914,1.0,-0.16746534407138824,0.9978522062301636,1.0,1.0,2,0.001,2.9068132789689116e-08,2.9068129236975437e-08,2.714509355955432e-15,0.0,0.0,0.0,1.0,0.879,0.5571065545082092,0.9875738620758057,400,0.343,-1.531183123588562,0.9850593209266663,0.3355,-1.5590400695800781,0.9699456691741943,0.4950791597366333,0.275390625,0.2727844715118408,407041.0,91.63620662827246,0.14363094720879221,0.9482093032205935,0.995,-1.1725992488198789,0.447,0.1,5,1.0,1.0,1.0,1.0,1.0,1.0,1.0,1.0,1.0,1.0,1.0,1.0,1.0,1.0,1.0,1.0,1.0,1.0,10000,10000,0.35,0.25535168195718655,-0.65,0.24378109452736318,0.5195154777927322,-1.6001769304275513,-1.978592872619629,-2.6001769304275513,-2.0254628658294678,-0.9219377636909485,0.9977819323539734,0.2865,0.1941448382126348,-0.7135,0.27365356622998543,0.39006024096385544,-1.8468620777130127,-2.2169625759124756,-2.8468620777130127,-1.893662691116333,-1.4367003440856934,0.9976166486740112,-0.05550000000000005,"[1, 2, 3, 4, 5, 6, 7, 8, 9]",0.01,128
latent,256,1.0,1.0,1.0,1.0,1.0,1.0,1.0,1.0,0.9999972581863403,moderate,1.0,0.0,1.0,1.0,1.0,high,v2_c-high_d-mixed_a-latent_p-moderate_s-00,mixed,122.67455554008484,7.498058795928955,0.99999557930674,0.9999904356252547,transformer,0.9445,1.0,-0.055499999999999994,1.0,0.8436619718309859,0.7818023562431335,1.0,-0.21819764375686646,1.0,0.3853587806224823,0.9979140162467957,1.0,1.0,2,0.001,4.597986117005348e-05,1.4337136917674798e-06,1.8373028928342708e-14,2.6451147277839482e-05,4.0161025935958605e-06,0.0001407889649271965,1.0,0.918,0.6869411468505859,0.9930856823921204,400,0.577,-0.6437444090843201,0.9864585995674133,0.719,-0.05701761692762375,0.9791622161865234,0.9990995526313782,0.0,2.186680376325967e-06,105217.0,47.127746146422474,0.14528932731453637,0.999975396192121,1.0,0.9872787295758086,1.0,0.1,0,1.0,1.0,1.0,1.0,1.0,1.0,1.0,1.0,1.0,1.0,1.0,1.0,0.9999985098838806,1.0,1.0,1.0,1.0,0.9999985098838806,10000,10000,0.943,1.0,-0.05700000000000005,1.0,0.8465679676985195,0.772264301776886,1.0,-0.227735698223114,1.0,0.38698309659957886,0.9999649524688721,1.0,1.0,0.0,1.0,1.0,1.0,1.0,0.0,1.0,1.0,0.999998152256012,0.0,"[1, 2, 3, 4, 5, 6, 7, 8, 9]",0.01,64
latent,256,1.0,1.0,1.0,1.0,0.9999995231628418,1.0,1.0,0.9999985098838806,0.9999840259552002,moderate,1.0,0.0,1.0,1.0,1.0,high,v2_c-high_d-mixed_a-latent_p-moderate_s-01,mixed,107.19499802589417,7.925649166107178,0.9999994744955071,0.9999989908928817,transformer,1.0,1.0,0.0,1.0,1.0,1.0,1.0,0.0,1.0,1.0,0.9999993443489075,1.0,1.0,2,0.001,2.305002089997288e-05,2.867003274786839e-07,2.306418538143909e-14,1.9304477973491885e-05,1.0067861921925214e-07,3.3581629395484924e-05,1.0,0.9025,0.6812682151794434,0.9707924127578735,400,0.202,-2.008389472961426,0.9532015323638916,0.158,-2.2133610248565674,0.9623982310295105,0.9976391792297363,0.0,4.068746784469113e-05,105217.0,46.564609166756895,0.14355324189455151,0.9999968210010115,1.0,0.9895157422115861,1.0,0.1,1,1.0,1.0,1.0,1.0,1.0,1.0,1.0,1.0,1.0,1.0,1.0,1.0,0.9999997615814209,1.0,1.0,1.0,1.0,0.9999997615814209,10000,10000,0.9635,1.0,-0.03649999999999998,1.0,0.901749663526245,0.8911076784133911,1.0,-0.10889232158660889,1.0,0.7068846821784973,0.990174412727356,1.0,1.0,0.0,1.0,1.0,1.0,1.0,0.0,1.0,1.0,0.9999974966049194,0.0,"[1, 2, 3, 4, 5, 6, 7, 8, 9]",0.01,64
latent,256,0.993,1.0,1.0,0.978978978978979,0.974388837814331,1.0,1.0,0.9230897426605225,0.9996247887611389,moderate,1.0,0.0,0.99609375,0.99609375,1.0,high,v2_c-high_d-mixed_a-latent_p-moderate_s-02,mixed,116.332106590271,8.007515907287598,0.9999994874791055,0.9999989866798088,transformer,1.0,1.0,0.0,1.0,1.0,1.0,1.0,0.0,1.0,1.0,0.9999993443489075,1.0,1.0,2,0.001,1.716664519335609e-05,1.435250283066125e-07,3.5545727043614873e-16,1.0475563612999395e-05,2.4454999447698356e-07,6.303004920482635e-05,1.0,0.8875,0.5927501916885376,0.978283166885376,400,0.4845,-0.7625464797019958,0.934414803981781,0.519,-0.7847290635108948,0.9450449347496033,0.9972265958786011,0.005859375,0.0037450995296239853,105217.0,46.69365638623356,0.14395107937337606,0.9999938989440463,1.0,0.9801071827066714,0.993,0.1,2,1.0,1.0,1.0,1.0,1.0,1.0,1.0,1.0,1.0,1.0,1.0,1.0,0.9999998807907104,1.0,1.0,1.0,1.0,0.9999998807907104,10000,10000,0.9715,1.0,-0.02849999999999997,1.0,0.9232839838492598,0.9051066040992737,1.0,-0.09489339590072632,1.0,0.7445668578147888,0.9965455532073975,0.9965,1.0,-0.0034999999999999476,1.0,0.9894578313253012,0.9841551184654236,1.0,-0.015844881534576416,1.0,0.9522743821144104,0.9986817836761475,0.0035000000000000586,"[1, 2, 3, 4, 5, 6, 7, 8, 9]",0.01,64
latent,256,1.0,1.0,1.0,1.0,1.0,1.0,1.0,1.0,0.9999991059303284,moderate,1.0,0.0,1.0,1.0,1.0,high,v2_c-high_d-mixed_a-latent_p-moderate_s-03,mixed,112.513436794281,7.875467300415039,0.999999729277943,0.9999994718528541,transformer,1.0,1.0,0.0,1.0,1.0,1.0,1.0,0.0,1.0,0.9999998211860657,0.9999725222587585,1.0,1.0,2,0.001,2.4884759113774635e-05,3.7476257830348914e-07,7.917112772933433e-15,1.873813380370848e-05,1.6264715441138833e-07,5.609216168522835e-05,1.0,0.879,0.5702263712882996,0.979981005191803,400,0.5155,-0.7421064972877502,0.9198653697967529,0.446,-1.053447961807251,0.927148699760437,0.9986432790756226,0.0,9.459699867875315e-07,105217.0,46.656859131137914,0.1438376377412798,0.9999945896440152,1.0,0.9942659561135505,1.0,0.1,3,1.0,1.0,1.0,1.0,1.0,1.0,1.0,1.0,1.0,1.0,1.0,1.0,0.9999995827674866,1.0,1.0,1.0,1.0,0.9999996423721313,10000,10000,1.0,1.0,0.0,1.0,1.0,1.0,1.0,0.0,1.0,1.0,0.9999974370002747,1.0,1.0,0.0,1.0,1.0,1.0,1.0,0.0,1.0,1.0,0.9999982714653015,0.0,"[1, 2, 3, 4, 5, 6, 7, 8, 9]",0.01,64
latent,256,1.0,1.0,1.0,1.0,1.0,1.0,1.0,1.0,0.9999998807907104,moderate,1.0,0.0,1.0,1.0,1.0,high,v2_c-high_d-mixed_a-latent_p-moderate_s-04,mixed,114.26739764213562,8.169736862182617,0.9999980717501703,0.9999957981438781,transformer,1.0,1.0,0.0,1.0,1.0,1.0,1.0,0.0,1.0,1.0,0.9999998807907104,1.0,1.0,2,0.001,4.3137322791153565e-05,1.165683798376449e-07,3.816555230386914e-16,3.3968470233958215e-05,4.077467394836276e-07,8.644536137580872e-05,1.0,0.885,0.6064026951789856,0.9768632650375366,400,0.648,-0.34338080883026123,0.9453121423721313,0.731,0.00725024426355958,0.9667816162109375,0.9987722635269165,0.0,1.1184746995240857e-07,105217.0,47.12148173474195,0.1452700148662759,0.9999889384982804,1.0,0.9968322560482991,1.0,0.1,4,1.0,1.0,1.0,1.0,1.0,1.0,1.0,1.0,1.0,1.0,1.0,1.0,0.9999998807907104,1.0,1.0,1.0,1.0,0.9999998807907104,10000,10000,1.0,1.0,0.0,1.0,1.0,1.0,1.0,0.0,1.0,1.0,0.9999998807907104,1.0,1.0,0.0,1.0,1.0,1.0,1.0,0.0,1.0,1.0,0.9999986290931702,0.0,"[1, 2, 3, 4, 5, 6, 7, 8, 9]",0.01,64
latent,256,0.988,1.0,1.0,0.963963963963964,0.9669387340545654,1.0,1.0,0.9007169008255005,0.9953014850616455,moderate,1.0,0.00390625,0.99609375,0.99609375,1.0,high,v2_c-high_d-mixed_a-latent_p-moderate_s-05,mixed,105.65951466560364,7.630432605743408,0.9999999282258937,0.9999998617290486,transformer,1.0,1.0,0.0,1.0,1.0,1.0,1.0,0.0,1.0,1.0,0.9999994039535522,1.0,1.0,2,0.001,7.681180250074249e-06,2.3097081225387228e-07,4.0292349331679835e-15,4.636171979655046e-06,2.07223376236243e-08,2.7933157980442047e-05,1.0,0.939,0.7994769811630249,0.9725155234336853,400,0.3855,-1.3493669033050537,0.9503964185714722,0.34,-1.546457290649414,0.967248797416687,0.9560843706130981,0.03125,0.028515372425317764,105217.0,45.657000145146675,0.1407551894732739,0.9999974944395863,1.0,0.9800564681159442,0.988,0.1,5,1.0,1.0,1.0,1.0,1.0,1.0,1.0,1.0,1.0,1.0,1.0,1.0,0.9999996423721313,1.0,1.0,1.0,1.0,0.9999997615814209,10000,10000,1.0,1.0,0.0,1.0,1.0,1.0,1.0,0.0,1.0,1.0,0.999997079372406,0.9975,1.0,-0.0024999999999999467,1.0,0.9924698795180723,0.9904043078422546,1.0,-0.009595692157745361,1.0,0.9710972905158997,0.9998353719711304,0.009500000000000064,"[1, 2, 3, 4, 5, 6, 7, 8, 9]",0.01,64
latent,256,0.928,1.0,0.9528023598820059,0.8318318318318318,0.7120048999786377,1.0,0.8112231492996216,0.3273281157016754,0.999993085861206,tight,1.0,0.0546875,0.921875,0.921875,1.0,high,v2_c-high_d-mixed_a-latent_p-tight_s-00,mixed,112.99018025398254,6.949805736541748,0.9999913740377058,0.9999836370095931,transformer,1.0,1.0,0.0,1.0,1.0,1.0,1.0,0.0,1.0,1.0,0.9999998807907104,1.0,1.0,2,0.001,6.873717211419716e-05,1.475484907587088e-07,6.093374283583594e-18,5.6472625146852806e-05,1.3625522115034983e-06,0.00010754447430372238,1.0,0.9475,0.810864269733429,0.9922663569450378,700,0.2935,-1.8171120882034302,0.993539571762085,0.228,-2.0537633895874023,0.9900023341178894,0.798345685005188,0.10546875,0.10547903180122375,28033.0,32.34742290697177,0.19319901059146571,0.9999540570097314,1.0,0.8381250191314449,0.926,0.1,0,1.0,1.0,1.0,1.0,1.0,1.0,1.0,1.0,1.0,1.0,1.0,1.0,0.9999998807907104,1.0,1.0,1.0,1.0,0.9999998807907104,10000,10000,0.949,1.0,-0.051000000000000045,1.0,0.8627187079407806,0.795028567314148,1.0,-0.20497143268585205,1.0,0.44826000928878784,0.9988291263580322,0.987,1.0,-0.013000000000000012,1.0,0.9608433734939759,0.9480090141296387,1.0,-0.05199098587036133,1.0,0.8434007167816162,0.9999986290931702,0.05899999999999994,"[1, 2, 3, 4, 5, 6, 7, 8, 9]",0.01,32
latent,256,0.949,1.0,1.0,0.8468468468468469,0.8112302422523499,1.0,1.0,0.43312379717826843,0.9953482747077942,tight,1.0,0.072265625,0.95703125,0.95703125,1.0,high,v2_c-high_d-mixed_a-latent_p-tight_s-01,mixed,104.00261783599854,6.954219818115234,0.9999925857155852,0.9999799393038851,transformer,1.0,1.0,0.0,1.0,1.0,1.0,1.0,0.0,1.0,1.0,0.9999982118606567,1.0,1.0,2,0.001,0.00024740336812101305,9.536548191135807e-07,2.3285148115226306e-11,0.00017365688108839095,1.2647652738451143e-06,0.0007152804173529148,1.0,0.8615,0.5643047094345093,0.922423243522644,400,0.3105,-1.150055170059204,0.8533451557159424,0.24,-1.595759630203247,0.8877174854278564,0.9222718477249146,0.091796875,0.0955628752708435,28033.0,35.183631419705044,0.21013861904395426,0.9998134867740837,1.0,0.8817003536284782,0.947,0.1,1,1.0,1.0,1.0,1.0,1.0,1.0,1.0,1.0,1.0,1.0,1.0,1.0,0.9999992847442627,1.0,1.0,1.0,1.0,0.9999993443489075,10000,10000,0.9195,1.0,-0.08050000000000002,1.0,0.7833109017496636,0.6753091812133789,1.0,-0.3246908187866211,1.0,0.12600067257881165,0.9969956278800964,0.948,1.0,-0.052000000000000046,0.9868995633187773,0.8569277108433735,0.7918252944946289,1.0,-0.2081747055053711,0.9476158618927002,0.42716649174690247,0.9993642568588257,-0.0010000000000000009,"[1, 2, 3, 4, 5, 6, 7, 8, 9]",0.01,32
latent,256,0.97,1.0,1.0,0.9099099099099099,0.8874878883361816,1.0,1.0,0.6621259450912476,0.997583270072937,tight,1.0,0.0205078125,0.97265625,0.97265625,1.0,high,v2_c-high_d-mixed_a-latent_p-tight_s-02,mixed,124.71333050727844,7.49175500869751,0.9999997196103979,0.9999994204987852,transformer,1.0,1.0,0.0,1.0,1.0,1.0,1.0,0.0,1.0,1.0,0.9999997615814209,1.0,1.0,2,0.001,9.018696800922044e-06,2.0843000925196975e-07,1.9531974267475777e-17,2.6080922452820232e-06,8.738944501374135e-08,6.114784628152847e-05,1.0,0.97,0.8998082280158997,0.990931510925293,700,0.5325,-0.7858758568763733,0.9779213070869446,0.534,-0.7964410781860352,0.9782094955444336,0.9807542562484741,0.013671875,0.013572504743933678,28033.0,33.7029492096656,0.20129506019839472,0.9999928055978119,1.0,0.845247917893136,0.971,0.1,2,1.0,1.0,1.0,1.0,1.0,1.0,1.0,1.0,1.0,1.0,1.0,1.0,0.9999997615814209,1.0,1.0,1.0,1.0,0.9999997615814209,10000,10000,0.8015,1.0,-0.1985,0.7611940298507462,0.6594885598923284,0.20604009926319122,1.0,-0.7939599007368088,0.04490823298692703,-0.3620450496673584,0.9999653100967407,0.894,1.0,-0.10599999999999998,0.9432314410480349,0.7394578313253012,0.5812326669692993,1.0,-0.4187673330307007,0.7800365686416626,-0.033764831721782684,0.9992252588272095,-0.07599999999999996,"[1, 2, 3, 4, 5, 6, 7, 8, 9]",0.01,32
latent,256,0.95,1.0,1.0,0.8498498498498499,0.8013520836830139,1.0,1.0,0.4034597873687744,0.9998242259025574,tight,1.0,0.06640625,0.95703125,0.95703125,1.0,high,v2_c-high_d-mixed_a-latent_p-tight_s-03,mixed,119.02895522117615,7.390517711639404,0.9999964354610487,0.9999922240612679,transformer,1.0,1.0,0.0,1.0,1.0,1.0,1.0,0.0,1.0,1.0,0.9999999403953552,1.0,1.0,2,0.001,0.0001430991687811911,3.370968926219575e-08,1.2720099116504894e-19,0.00013424200005829334,1.4739349580850103e-06,7.349532097578049e-05,1.0,0.9535,0.8390954732894897,0.9927346110343933,700,0.542,-0.8170035481452942,0.9937800168991089,0.561,-0.709406852722168,0.9840271472930908,0.8495627641677856,0.083984375,0.08363813161849976,28033.0,34.32793347904268,0.2050278565582821,0.9999769310753325,1.0,0.8801361761129245,0.957,0.1,3,1.0,1.0,1.0,1.0,1.0,1.0,1.0,1.0,1.0,1.0,1.0,1.0,0.9999999403953552,1.0,1.0,1.0,1.0,0.9999999403953552,10000,10000,0.9635,1.0,-0.03649999999999998,1.0,0.901749663526245,0.8561858534812927,1.0,-0.14381414651870728,1.0,0.6128825545310974,0.9997166991233826,0.972,1.0,-0.028000000000000025,1.0,0.9156626506024096,0.8904870748519897,1.0,-0.10951292514801025,1.0,0.6701416373252869,0.999603271484375,0.02200000000000002,"[1, 2, 3, 4, 5, 6, 7, 8, 9]",0.01,32
latent,256,0.985,1.0,1.0,0.954954954954955,0.9401034116744995,1.0,1.0,0.8201301097869873,0.9999313354492188,tight,1.0,0.0146484375,0.9765625,0.9765625,1.0,high,v2_c-high_d-mixed_a-latent_p-tight_s-04,mixed,119.90077877044678,6.735663414001465,0.9999993284886898,0.9999983512916624,transformer,1.0,1.0,0.0,1.0,1.0,1.0,1.0,0.0,1.0,1.0,0.9999997615814209,1.0,1.0,2,0.001,7.748825737508014e-05,2.1792124016428716e-07,1.7022876727506837e-16,6.8753506639041e-05,3.190017139331758e-07,8.197827264666557e-05,1.0,0.908,0.7125071883201599,0.9659405946731567,400,0.2355,-1.871126413345337,0.9567804932594299,0.1875,-2.065659284591675,0.9632459878921509,0.9729561805725098,0.01953125,0.019548149779438972,28033.0,33.663051458315245,0.20105676591115332,0.9999879973107689,1.0,0.9437903216918588,0.985,0.1,4,1.0,1.0,1.0,1.0,1.0,1.0,1.0,1.0,1.0,1.0,1.0,1.0,0.9999997615814209,1.0,1.0,1.0,1.0,0.9999997615814209,10000,10000,0.9175,1.0,-0.08250000000000002,1.0,0.7779273216689099,0.6796625256538391,1.0,-0.3203374743461609,1.0,0.13771864771842957,0.9986023902893066,0.948,1.0,-0.052000000000000046,0.9839883551673945,0.8599397590361446,0.810796856880188,1.0,-0.189203143119812,0.9518886804580688,0.47988882660865784,0.9951629638671875,-0.03700000000000003,"[1, 2, 3, 4, 5, 6, 7, 8, 9]",0.01,32
latent,256,1.0,1.0,1.0,1.0,0.9996514916419983,1.0,1.0,0.9989532232284546,0.999565839767456,tight,1.0,0.0048828125,1.0,1.0,1.0,high,v2_c-high_d-mixed_a-latent_p-tight_s-05,mixed,104.54085445404053,6.83234167098999,0.9999991315732307,0.9999985613494211,transformer,1.0,1.0,0.0,1.0,1.0,1.0,1.0,0.0,1.0,1.0,0.9999982714653015,1.0,1.0,2,0.001,6.263063551159576e-05,8.874267223291099e-07,5.1875736643619205e-15,5.125083407619968e-05,3.145087816847081e-07,0.00010177865624427795,1.0,0.8795,0.6010743379592896,0.9657739400863647,400,0.517,-0.7599072456359863,0.9333329796791077,0.3325,-1.50153648853302,0.9546851515769958,0.9935518503189087,0.0,0.0008733021677471697,28033.0,32.48089783517924,0.19399620621791833,0.999978187905701,1.0,0.9673639241513929,0.997,0.1,5,1.0,1.0,1.0,1.0,1.0,1.0,1.0,1.0,1.0,1.0,1.0,1.0,0.9999991059303284,1.0,1.0,1.0,1.0,0.9999991059303284,10000,10000,0.983,1.0,-0.017000000000000015,1.0,0.9542395693135935,0.9334847331047058,1.0,-0.06651526689529419,1.0,0.8209547400474548,0.9998009204864502,0.9865,1.0,-0.013499999999999956,1.0,0.9593373493975904,0.9460265040397644,1.0,-0.053973495960235596,1.0,0.8374292850494385,0.9990672469139099,-0.013499999999999956,"[1, 2, 3, 4, 5, 6, 7, 8, 9]",0.01,32
latent,256,0.997,1.0,1.0,0.990990990990991,0.9893011450767517,1.0,1.0,0.9678712487220764,0.9997091293334961,wide,1.0,0.0,1.0,1.0,1.0,high,v2_c-high_d-mixed_a-latent_p-wide_s-00,mixed,105.5523841381073,8.388833045959473,0.9999631635545719,0.9998987230347341,transformer,0.9025,1.0,-0.09750000000000003,1.0,0.7253521126760564,0.6547590494155884,1.0,-0.3452409505844116,1.0,0.027490122243762016,0.9937412738800049,1.0,1.0,2,0.001,5.267902815830894e-05,1.9691374291141983e-06,3.792685024546494e-13,2.214214691775851e-05,6.236910394363804e-06,0.00022330833598971367,1.0,0.909,0.673662006855011,0.9855203032493591,400,0.5485,-0.6119135618209839,0.9529384970664978,0.6485,-0.28177568316459656,0.948743999004364,0.9968805909156799,0.00390625,0.0036869426257908344,407041.0,67.20171078032764,0.10533222323993235,0.9999888999400839,1.0,0.9871974690883987,0.999,0.1,0,1.0,1.0,1.0,1.0,1.0,1.0,1.0,1.0,1.0,1.0,1.0,1.0,0.9999980330467224,1.0,1.0,1.0,1.0,0.9999983310699463,10000,10000,0.877,0.918960244648318,-0.123,1.0,0.7402422611036339,0.5097891688346863,0.6759579181671143,-0.4902108311653137,1.0,-0.03431790694594383,0.9996284246444702,0.9975,1.0,-0.0024999999999999467,1.0,0.9924698795180723,0.9953919649124146,1.0,-0.004608035087585449,1.0,0.9861204624176025,0.9990358948707581,0.000500000000000056,"[1, 2, 3, 4, 5, 6, 7, 8, 9]",0.01,128
latent,256,0.973,1.0,0.9823008849557522,0.9369369369369369,0.9114643335342407,1.0,0.9683958292007446,0.7663008570671082,0.9970799684524536,wide,1.0,0.03515625,0.99609375,0.99609375,1.0,high,v2_c-high_d-mixed_a-latent_p-wide_s-01,mixed,85.17755508422852,8.263410568237305,0.9999922222947212,0.9999719715821533,transformer,0.936,1.0,-0.06399999999999995,1.0,0.819718309859155,0.7585217952728271,1.0,-0.24147820472717285,1.0,0.31977954506874084,0.9963720440864563,1.0,1.0,2,0.001,2.4273114831885323e-05,1.9039213157157064e-06,8.737058114754309e-14,4.127568900003098e-06,3.605982101362315e-06,0.00014635641127824783,1.0,0.9285,0.7645742297172546,0.9791201949119568,400,0.3195,-1.6583033800125122,0.9695857763290405,0.234,-1.9589056968688965,0.9728901386260986,0.9654375314712524,0.037109375,0.03533072769641876,407041.0,66.75875092479096,0.1046379262369552,0.9999964929635424,1.0,0.9780793561385799,0.991,0.1,1,1.0,1.0,1.0,1.0,1.0,1.0,1.0,1.0,1.0,1.0,1.0,1.0,0.9999979734420776,1.0,1.0,1.0,1.0,0.999998152256012,10000,10000,0.8545,1.0,-0.14549999999999996,1.0,0.6083445491251682,0.4345993399620056,1.0,-0.5654006600379944,0.9999204277992249,-0.5218753814697266,0.99595046043396,0.9765,1.0,-0.023499999999999965,0.9796215429403202,0.9503012048192772,0.9054346084594727,1.0,-0.09456539154052734,0.9185088872909546,0.79947829246521,0.9986807703971863,0.0035000000000000586,"[1, 2, 3, 4, 5, 6, 7, 8, 9]",0.01,128
latent,256,1.0,1.0,1.0,1.0,0.9978629350662231,0.999999463558197,1.0,0.9935829639434814,0.9984486103057861,wide,1.0,0.0,1.0,1.0,1.0,high,v2_c-high_d-mixed_a-latent_p-wide_s-02,mixed,101.27236318588257,8.179866790771484,0.9999922184235844,0.9999872856322503,transformer,0.882,1.0,-0.118,1.0,0.6676056338028169,0.5423328876495361,1.0,-0.45766711235046387,1.0,-0.2892032265663147,0.9974567890167236,1.0,1.0,2,0.001,0.00014863941760268062,1.2015484571747947e-06,9.357423012444285e-14,0.00011696033470798284,3.078582039961475e-06,0.0002739895135164261,1.0,0.8775,0.5214740037918091,0.9964594841003418,400,0.7905,0.18046438694000244,0.9957209229469299,0.919,0.6916008591651917,0.9921770095825195,0.9869431853294373,0.0,0.0037883641198277473,407041.0,68.16509482291228,0.106842235140835,0.9999820846016808,1.0,0.9714286131677057,0.995,0.1,2,1.0,1.0,1.0,1.0,1.0,1.0,1.0,1.0,1.0,1.0,1.0,1.0,0.9999988079071045,1.0,1.0,1.0,1.0,0.9999988675117493,10000,10000,0.815,1.0,-0.18500000000000005,1.0,0.5020188425302826,0.28322863578796387,0.9999998807907104,-0.7167713642120361,1.0,-0.9293980002403259,0.9965267181396484,0.986,1.0,-0.014000000000000012,1.0,0.9578313253012049,0.9522719979286194,1.0,-0.047728002071380615,1.0,0.8562408685684204,0.9988579750061035,-0.014000000000000012,"[1, 2, 3, 4, 5, 6, 7, 8, 9]",0.01,128
latent,256,0.998,1.0,1.0,0.993993993993994,0.9944424033164978,1.0,1.0,0.983310341835022,0.9983968734741211,wide,1.0,0.00390625,0.99609375,0.99609375,1.0,high,v2_c-high_d-mixed_a-latent_p-wide_s-03,mixed,80.18801021575928,8.20764446258545,0.9999908674162594,0.9999842934662155,transformer,0.9245,1.0,-0.07550000000000001,1.0,0.7873239436619718,0.7027555704116821,1.0,-0.29724442958831787,1.0,0.1626916378736496,0.997993528842926,1.0,1.0,2,0.001,0.004033653065562248,1.4161877288643154e-06,4.977309796955209e-13,0.004004441201686859,3.2092727906274376e-06,0.00024586543440818787,1.0,0.9145,0.6925330758094788,0.9926755428314209,400,0.8285,0.3245684802532196,0.9956168532371521,0.844,0.3920617699623108,0.9820837378501892,0.9960851669311523,0.005859375,0.005854910239577293,407041.0,66.73361658941063,0.10459853058177726,0.9999470434558606,1.0,0.9811592980413688,0.993,0.1,3,1.0,1.0,1.0,1.0,1.0,1.0,1.0,1.0,1.0,1.0,1.0,1.0,0.9999982714653015,1.0,1.0,1.0,1.0,0.9999982714653015,10000,10000,0.8755,1.0,-0.12450000000000006,1.0,0.6648721399730821,0.5020791292190552,1.0,-0.4979208707809448,1.0,-0.34029844403266907,0.9999082088470459,0.943,0.8305084745762712,-0.05700000000000005,1.0,0.9939759036144579,0.7745466828346252,0.3220355212688446,-0.22545331716537476,0.9999999403953552,0.9835729002952576,0.9968782067298889,-0.05500000000000005,"[1, 2, 3, 4, 5, 6, 7, 8, 9]",0.01,128
latent,256,1.0,1.0,1.0,1.0,1.0,1.0,1.0,1.0,0.9999979138374329,wide,1.0,0.0,1.0,1.0,1.0,high,v2_c-high_d-mixed_a-latent_p-wide_s-04,mixed,108.87081575393677,8.438608169555664,0.9999951726244805,0.9999892891617692,transformer,0.968,1.0,-0.03200000000000003,1.0,0.9098591549295775,0.8786840438842773,1.0,-0.12131595611572266,1.0,0.6582647562026978,0.990542471408844,1.0,1.0,2,0.001,3.5970810131402686e-05,1.2276366305741249e-06,1.177109082949046e-12,1.5860507119214162e-05,3.209858277841704e-06,0.0001567280851304531,1.0,0.933,0.7931516766548157,0.9811281561851501,400,0.5285,-0.81400465965271,0.9527664184570312,0.4975,-0.9260727167129517,0.9711886048316956,0.9993841648101807,0.0,1.281867980651441e-06,407041.0,68.26536167045272,0.10699939378822744,0.9999927938278248,1.0,0.9981021965749644,1.0,0.1,4,1.0,1.0,1.0,1.0,1.0,1.0,1.0,1.0,1.0,1.0,1.0,1.0,0.999998927116394,1.0,1.0,1.0,1.0,0.999998927116394,10000,10000,0.9785,1.0,-0.021499999999999964,1.0,0.9421265141318977,0.9279481768608093,1.0,-0.07205182313919067,1.0,0.8060517311096191,0.9828805923461914,1.0,1.0,0.0,1.0,1.0,1.0,1.0,0.0,1.0,1.0,0.9999980330467224,0.0,"[1, 2, 3, 4, 5, 6, 7, 8, 9]",0.01,128
latent,256,1.0,1.0,1.0,1.0,1.0,1.0,1.0,1.0,0.9999995827674866,wide,1.0,0.0,1.0,1.0,1.0,high,v2_c-high_d-mixed_a-latent_p-wide_s-05,mixed,107.75366973876953,8.698841094970703,0.9999999136454345,0.9999998149656812,transformer,1.0,1.0,0.0,1.0,1.0,1.0,1.0,0.0,1.0,1.0,0.9999993443489075,1.0,1.0,2,0.001,3.3162214094772935e-06,2.613508627291594e-07,1.87244213935441e-15,6.484344794444041e-07,1.5032670219738975e-08,2.391403540968895e-05,1.0,0.921,0.7181825041770935,0.9839367866516113,400,0.338,-1.6179912090301514,0.9727534055709839,0.197,-2.1306910514831543,0.9794210195541382,0.9997191429138184,0.0,1.3496183726147137e-07,407041.0,65.88622542245675,0.10327032636595153,0.999999084163576,1.0,0.9989574645364605,1.0,0.1,5,1.0,1.0,1.0,1.0,1.0,1.0,1.0,1.0,1.0,1.0,1.0,1.0,0.9999996423721313,1.0,1.0,1.0,1.0,0.9999997615814209,10000,10000,1.0,1.0,0.0,1.0,1.0,0.9999976754188538,1.0,-2.3245811462402344e-06,1.0,0.9999936819076538,0.9999054074287415,1.0,1.0,0.0,1.0,1.0,1.0,1.0,0.0,1.0,1.0,0.9999996423721313,0.0,"[1, 2, 3, 4, 5, 6, 7, 8, 9]",0.01,128
concrete,256,0.302,0.2545454545454545,0.23123123123123124,0.41839762611275966,-1.7873615026474,-1.9775413274765015,-2.072681188583374,-1.319198489189148,0.9961677193641663,moderate,nan,0.646484375,0.28125,0.28125,0.0,none,v2_c-none_d-easy_a-concrete_p-moderate_s-00,easy,74.54809355735779,28.547883987426758,0.012662950713921888,-0.20461949963796938,transformer,0.879,0.9531013615733737,-0.121,0.9284578696343402,0.7661971830985915,0.5156733989715576,0.8124157786369324,-0.4843266010284424,0.7139747738838196,0.06373214721679688,0.9994546175003052,1.0,1.0,2,0.001,3.0710467058270297e-08,3.0710467058270297e-08,0.0,0.0,0.0,0.0,1.0,0.8795,0.5256102085113525,0.9937282800674438,400,0.3785,-1.4579826593399048,0.9774708151817322,0.2865,-1.8274365663528442,0.9899616837501526,0.3658430576324463,0.3359375,0.32998326420783997,105217.0,71.40219182495363,0.22012460317537386,0.9746747859215241,1.0,-2.0070993019189283,0.299,0.1,0,1.0,1.0,1.0,,0.867,1.0,0.9696969696969697,0.6339285714285714,0.4711315333843231,1.0,0.8784838914871216,-0.4546671509742737,0.998948872089386,1.0,1.0,1.0,,1.0,10000,10000,0.3855,0.3556231003039514,-0.6145,0.42567567567567566,0.38,-1.4560556411743164,-1.5775072574615479,-2.4560556411743164,-1.2978678941726685,-1.4743651151657104,0.9992191195487976,0.2875,0.21806853582554517,-0.7125,0.22976878612716764,0.4144144144144144,-1.8495885133743286,-2.1277246475219727,-2.8495885133743286,-2.079728126525879,-1.342350721359253,0.9997913241386414,-0.014500000000000013,"[5, 6, 7, 8, 9]",0.0,64
concrete,256,0.641,0.7515151515151515,0.6636636636636637,0.5103857566765578,-0.4364989399909973,0.009326756931841373,-0.3445514142513275,-0.9639203548431396,0.9984394907951355,moderate,nan,0.34765625,0.64453125,0.64453125,0.0,none,v2_c-none_d-easy_a-concrete_p-moderate_s-01,easy,70.81233167648315,29.412324905395508,0.026000252315459386,-0.19113620309843904,transformer,0.8965,1.0,-0.10350000000000004,0.9459459459459459,0.7563380281690141,0.5852068066596985,1.0,-0.4147931933403015,0.7837837934494019,0.02311774715781212,0.9992051720619202,1.0,1.0,2,0.001,3.591270569813787e-08,3.591270569813787e-08,0.0,0.0,0.0,0.0,1.0,0.8865,0.5520305633544922,0.9982267618179321,400,0.71,-0.13337448239326477,0.9795871376991272,0.6055,-0.5379283428192139,0.9798871874809265,0.37609392404556274,0.314453125,0.31549903750419617,105217.0,72.31546707191215,0.22294012390643883,0.9747597775195773,1.0,-0.09216230043695584,0.614,0.1,1,1.0,1.0,1.0,,0.89,1.0,0.9787878787878788,0.6934523809523809,0.5618568658828735,1.0,0.9151515960693359,-0.22066418826580048,0.9996422529220581,1.0,1.0,1.0,,1.0,10000,10000,0.6545,0.8252279635258358,-0.34550000000000003,0.7652027027027027,0.41733333333333333,-0.3723241984844208,0.30092084407806396,-1.3723241984844208,0.08962343633174896,-1.3276152610778809,0.9986730813980103,0.5765,0.5700934579439252,-0.4235,0.6242774566473989,0.5330330330330331,-0.6820713877677917,-0.6873031854629517,-1.6820713877677917,-0.5028837323188782,-0.8632110357284546,0.998145341873169,-0.0645,"[5, 6, 7, 8, 9]",0.0,64
concrete,256,0.343,0.2636363636363636,0.26126126126126126,0.5014836795252225,-1.6279075145721436,-1.957205057144165,-1.9556362628936768,-0.9816104769706726,0.9966888427734375,moderate,nan,0.7109375,0.41015625,0.41015625,0.0,none,v2_c-none_d-easy_a-concrete_p-moderate_s-02,easy,78.97194957733154,28.63321876525879,0.06777754692412981,-0.1290542386698721,transformer,0.8885,1.0,-0.11150000000000004,0.931637519872814,0.7464788732394366,0.5534206032752991,1.0,-0.4465793967247009,0.7265501022338867,-0.015716679394245148,0.9993089437484741,1.0,1.0,2,0.001,3.488104738380571e-08,3.488104738380571e-08,0.0,0.0,0.0,0.0,1.0,0.8845,0.5422625541687012,0.9965412616729736,400,0.325,-1.7000067234039307,0.9919124245643616,0.339,-1.6242995262145996,0.9960193037986755,0.39340639114379883,0.302734375,0.30195361375808716,105217.0,71.56837490324696,0.2206369261619491,0.9718372975948387,1.0,-2.0144889129861885,0.351,0.1,2,1.0,1.0,1.0,,0.884,1.0,0.9848484848484849,0.6696428571428571,0.536283552646637,1.0,0.9394170641899109,-0.32060736417770386,0.9993266463279724,1.0,1.0,1.0,,0.9999999403953552,10000,10000,0.299,0.22340425531914893,-0.7010000000000001,0.4510135135135135,0.24533333333333332,-1.8033695220947266,-2.1063826084136963,-2.8033695220947266,-1.1959446668624878,-2.01698637008667,0.999915361404419,0.343,0.24143302180685358,-0.657,0.2976878612716763,0.487987987987988,-1.6321918964385986,-2.03305983543396,-2.6321918964385986,-1.8241182565689087,-1.0463502407073975,0.9969877004623413,0.0,"[5, 6, 7, 8, 9]",0.0,64
concrete,256,0.642,0.6272727272727273,0.7507507507507507,0.5489614243323442,-0.4259435534477234,-0.4822617173194885,0.0032986935693770647,-0.7949424982070923,0.9980001449584961,moderate,nan,0.3603515625,0.64453125,0.65234375,0.0,none,v2_c-none_d-easy_a-concrete_p-moderate_s-03,easy,47.86695742607117,29.151325225830078,0.0719681295619298,-0.11130215835763325,transformer,0.885,1.0,-0.11499999999999999,0.9523052464228935,0.7183098591549296,0.5400760769844055,1.0,-0.4599239230155945,0.8092209696769714,-0.12654638290405273,0.9999904632568359,1.0,1.0,2,0.001,1.7447124633918065e-08,1.7447124633918065e-08,0.0,0.0,0.0,0.0,1.0,0.88,0.5240368843078613,0.9966672658920288,400,0.749,0.04955761134624481,0.9861744046211243,0.6755,-0.27682197093963623,0.9872289896011353,0.7171223163604736,0.142578125,0.14278165996074677,105217.0,72.33559418382966,0.223002173437562,0.9687778449594092,1.0,-0.4911461510126167,0.658,0.1,3,1.0,1.0,1.0,,0.867,1.0,0.9818181818181818,0.6220238095238095,0.4694705009460449,1.0,0.9284541010856628,-0.5086886286735535,0.9996542930603027,1.0,1.0,1.0,,1.0,10000,10000,0.749,0.8693009118541033,-0.251,0.8158783783783784,0.5906666666666667,0.027200711891055107,0.47720372676849365,-0.9727992881089449,0.3504672050476074,-0.62276691198349,0.994915783405304,0.668,0.6292834890965732,-0.33199999999999996,0.8034682080924855,0.5645645645645646,-0.32147538661956787,-0.4753459692001343,-1.3214753866195679,0.2208595871925354,-0.7366567850112915,0.9991443157196045,0.026000000000000023,"[5, 6, 7, 8, 9]",0.0,64
concrete,256,0.335,0.11212121212121212,0.43543543543543545,0.4540059347181009,-1.6567953824996948,-2.5514848232269287,-1.2507468461990356,-1.1819188594818115,0.998980700969696,moderate,nan,0.7109375,0.359375,0.359375,0.0,none,v2_c-none_d-easy_a-concrete_p-moderate_s-04,easy,81.9112069606781,29.601274490356445,0.055485050287122625,-0.20559764732312968,transformer,0.903,0.9742813918305597,-0.09699999999999998,0.9220985691573926,0.819718309859155,0.6120162010192871,0.8971310257911682,-0.3879837989807129,0.6884366869926453,0.2788761258125305,0.9999938011169434,1.0,1.0,2,0.001,5.2837187070053915e-08,5.2837187070053915e-08,0.0,0.0,0.0,0.0,1.0,0.902,0.6280462741851807,0.9951106905937195,400,0.3035,-1.7738230228424072,0.9923386573791504,0.4065,-1.3446141481399536,0.9859673976898193,0.19738608598709106,0.41796875,0.4173959195613861,105217.0,72.14422444627623,0.222412202927385,0.9731804699311125,1.0,-2.0210922901802917,0.338,0.1,4,1.0,1.0,1.0,,0.905,1.0,0.9787878787878788,0.7380952380952381,0.6219475269317627,1.0,0.9151513576507568,-0.041822757571935654,0.9988930821418762,1.0,1.0,1.0,,0.9999999403953552,10000,10000,0.317,0.16869300911854104,-0.683,0.3530405405405405,0.4186666666666667,-1.7332905530929565,-2.3253002166748047,-2.7332905530929565,-1.5977649688720703,-1.3208752870559692,0.9975841045379639,0.4095,0.19314641744548286,-0.5905,0.4956647398843931,0.5285285285285285,-1.3050553798675537,-2.1033666133880615,-2.3050553798675537,-1.0149707794189453,-0.8369213938713074,0.9911067485809326,0.07449999999999996,"[5, 6, 7, 8, 9]",0.0,64
concrete,256,0.19,0.0,0.19519519519519518,0.37091988130563797,-2.2379233837127686,-2.999997138977051,-2.2177445888519287,-1.511617660522461,0.9995162487030029,moderate,nan,0.83203125,0.1796875,0.1796875,0.0,none,v2_c-none_d-easy_a-concrete_p-moderate_s-05,easy,48.913657903671265,28.973745346069336,0.01762621082982059,-0.19863406405068512,transformer,0.873,1.0,-0.127,0.875993640699523,0.752112676056338,0.49305957555770874,1.0,-0.5069404244422913,0.5047579407691956,0.010741324163973331,0.9998283982276917,1.0,1.0,2,0.001,3.164764450502844e-08,3.164764450502844e-08,0.0,0.0,0.0,0.0,1.0,0.88,0.5343458652496338,0.9944484829902649,400,0.34,-1.5629749298095703,0.9743881821632385,0.218,-2.0962986946105957,0.9900243878364563,0.3475264310836792,0.341796875,0.3399239182472229,105217.0,70.54098946665422,0.21746961706739693,0.9746110193722565,1.0,-2.7075188980904397,0.198,0.1,5,1.0,1.0,1.0,,0.878,1.0,0.9727272727272728,0.6636904761904762,0.5142741799354553,1.0,0.8909090757369995,-0.3384697735309601,0.999274730682373,1.0,1.0,1.0,,0.9999999403953552,10000,10000,0.3775,0.48936170212765956,-0.6225,0.34290540540540543,0.30666666666666664,-1.4870312213897705,-1.0615620613098145,-2.4870312213897705,-1.602884292602539,-1.7688626050949097,0.9932669401168823,0.223,0.06386292834890965,-0.777,0.10838150289017341,0.4954954954954955,-2.1079800128936768,-2.744431257247925,-3.1079800128936768,-2.565412998199463,-1.0191731452941895,0.9990165829658508,0.033,"[5, 6, 7, 8, 9]",0.0,64
concrete,256,0.166,0.06363636363636363,0.057057057057057055,0.37388724035608306,-2.3359766006469727,-2.745452642440796,-2.7717700004577637,-1.5043845176696777,0.9999957084655762,tight,nan,0.86328125,0.16015625,0.16015625,0.0,none,v2_c-none_d-easy_a-concrete_p-tight_s-00,easy,98.15594530105591,19.953022003173828,0.0008346903157006156,-0.5156658169852018,transformer,0.8505,1.0,-0.14949999999999997,0.8648648648648649,0.6985915492957746,0.4062023460865021,1.0,-0.5937976539134979,0.45977672934532166,-0.19407731294631958,0.999022364616394,1.0,1.0,2,0.001,1.3928183761890978e-07,1.3928183761890978e-07,0.0,0.0,0.0,0.0,1.0,0.813,0.3081711232662201,0.981518566608429,400,0.172,-2.213686943054199,0.9755556583404541,0.16,-2.2877631187438965,0.9843055605888367,0.7484046816825867,0.12890625,0.12884926795959473,28033.0,51.68516594135881,0.30869608842854945,0.9622625676007242,1.0,-3.3152768751749377,0.15,0.1,0,1.0,1.0,1.0,,0.871,1.0,0.9515151515151515,0.6636904761904762,0.48079222440719604,1.0,0.8060609698295593,-0.35478541254997253,0.9975659251213074,1.0,1.0,1.0,,0.9999998807907104,10000,10000,0.136,0.0,-0.864,0.14189189189189189,0.25066666666666665,-2.455998420715332,-2.999998092651367,-3.455998420715332,-2.4324307441711426,-1.9973317384719849,0.9999998807907104,0.1435,0.0,-0.8565,0.02167630057803468,0.4084084084084084,-2.426003932952881,-2.999998092651367,-3.426003932952881,-2.913292646408081,-1.3663818836212158,0.9999470114707947,-0.02250000000000002,"[5, 6, 7, 8, 9]",0.0,32
concrete,256,0.364,0.29393939393939394,0.3843843843843844,0.4124629080118694,-1.5407670736312866,-1.8242402076721191,-1.4622761011123657,-1.3407410383224487,0.9995459318161011,tight,nan,0.607421875,0.30078125,0.30078125,0.0,none,v2_c-none_d-easy_a-concrete_p-tight_s-01,easy,90.74217414855957,20.090295791625977,0.03702767720424494,-0.24124046158908885,transformer,0.891,1.0,-0.10899999999999999,0.9268680445151033,0.7577464788732394,0.5705086588859558,1.0,-0.4294913411140442,0.7074722647666931,0.04932001605629921,0.9981399774551392,1.0,1.0,2,0.001,1.4609307186219667e-07,1.4609307186219667e-07,0.0,0.0,0.0,0.0,1.0,0.8485,0.41695529222488403,0.986461877822876,400,0.431,-1.236794114112854,0.9730339646339417,0.3395,-1.566836953163147,0.9824870824813843,0.5508419275283813,0.23828125,0.23778119683265686,28033.0,52.478712391025695,0.3134356433963416,0.9657875351746136,1.0,-2.1742771179194436,0.365,0.1,1,1.0,1.0,1.0,,0.876,1.0,0.9787878787878788,0.6517857142857143,0.5087235569953918,1.0,0.9151515364646912,-0.3787989020347595,0.9989937543869019,1.0,1.0,1.0,,0.9999998807907104,10000,10000,0.253,0.0972644376899696,-0.747,0.0929054054054054,0.516,-1.9688515663146973,-2.610940456390381,-2.9688515663146973,-2.565312623977661,-0.9347187280654907,0.9971351027488708,0.1735,0.012461059190031152,-0.8265,0.21242774566473988,0.2882882882882883,-2.3038737773895264,-2.9458885192871094,-3.3038737773895264,-2.1502561569213867,-1.8446086645126343,0.9990450143814087,-0.1905,"[5, 6, 7, 8, 9]",0.0,32
concrete,256,0.725,0.8606060606060606,0.6636636636636637,0.6528189910979229,-0.08586498349905014,0.4517713189125061,-0.3102957606315613,-0.3905668258666992,0.9964795708656311,tight,nan,0.2392578125,0.70703125,0.70703125,0.0,none,v2_c-none_d-easy_a-concrete_p-tight_s-02,easy,76.8719596862793,19.72283935546875,0.10345049042338308,-0.2746222750405467,transformer,0.8775,0.983358547655068,-0.12250000000000005,0.8744038155802861,0.7816901408450704,0.51131671667099,0.9334345459938049,-0.48868328332901,0.4976206123828888,0.1304645836353302,0.9994900226593018,1.0,1.0,2,0.001,1.2001753191270836e-07,1.2001753191270836e-07,0.0,0.0,0.0,0.0,1.0,0.859,0.4612189829349518,0.9926656484603882,700,0.7185,-0.10878387093544006,0.9914178252220154,0.721,-0.09895937144756317,0.9903185963630676,0.2830228805541992,0.388671875,0.38729095458984375,28033.0,51.364031497313974,0.3067780729800009,0.960508158135081,1.0,0.2730653752919189,0.738,0.1,2,1.0,1.0,1.0,,0.847,1.0,0.9636363636363636,0.5803571428571429,0.38973626494407654,1.0,0.8545964956283569,-0.6734541058540344,0.9996700286865234,1.0,1.0,1.0,,0.9999998807907104,10000,10000,0.7545,0.8799392097264438,-0.24550000000000005,0.6942567567567568,0.692,0.018557170405983925,0.5271432399749756,-0.9814428295940161,-0.22297237813472748,-0.23699504137039185,0.997289776802063,0.7325,0.9345794392523364,-0.26749999999999996,0.7543352601156069,0.515015015015015,-0.06830723583698273,0.7383179664611816,-1.0683072358369827,0.017424553632736206,-0.9349434971809387,0.999691367149353,0.007500000000000062,"[5, 6, 7, 8, 9]",0.0,32
concrete,256,0.349,0.2606060606060606,0.3063063063063063,0.47774480712166173,-1.5833072662353516,-1.9242180585861206,-1.7643771171569824,-1.0705569982528687,0.9944127202033997,tight,nan,0.6396484375,0.37109375,0.37109375,0.0,none,v2_c-none_d-easy_a-concrete_p-tight_s-03,easy,47.58096957206726,19.545175552368164,0.06570800330258035,-0.24295351287511296,transformer,0.872,0.9773071104387292,-0.128,0.8950715421303657,0.7535211267605634,0.4893309772014618,0.9092290997505188,-0.5106690227985382,0.5802865624427795,0.01783275604248047,0.9994659423828125,1.0,1.0,2,0.001,4.248630602887715e-08,4.248630602887715e-08,0.0,0.0,0.0,0.0,1.0,0.8705,0.4907797873020172,0.9952191114425659,700,0.2845,-1.847677230834961,0.9902647733688354,0.204,-2.1454803943634033,0.9918082356452942,-0.003749532625079155,0.529296875,0.5280584096908569,28033.0,52.057446567204465,0.31091958081564314,0.9639111677552327,1.0,-1.7197328243819006,0.359,0.1,3,1.0,1.0,1.0,,0.853,1.0,0.9636363636363636,0.5982142857142857,0.4172314703464508,1.0,0.8546858429908752,-0.5917108654975891,0.9991297721862793,1.0,1.0,1.0,,0.9999999403953552,10000,10000,0.2845,0.2613981762917933,-0.7155,0.25506756756756754,0.328,-1.8671858310699463,-1.9544070959091187,-2.8671858310699463,-1.9972814321517944,-1.6879745721817017,0.9961713552474976,0.205,0.09034267912772585,-0.795,0.1676300578034682,0.35435435435435436,-2.181497573852539,-2.638627290725708,-3.181497573852539,-2.3335134983062744,-1.5828907489776611,0.9981359839439392,-0.144,"[5, 6, 7, 8, 9]",0.0,32
concrete,256,0.335,0.19696969696969696,0.33933933933933935,0.4658753709198813,-1.6567729711532593,-2.2121191024780273,-1.6370248794555664,-1.13247549533844,0.9993229508399963,tight,nan,0.6875,0.36328125,0.36328125,0.0,none,v2_c-none_d-easy_a-concrete_p-tight_s-04,easy,85.86739468574524,19.255414962768555,0.07106987742408831,-0.2579701482047478,transformer,0.876,1.0,-0.124,0.9093799682034976,0.7309859154929578,0.5039814710617065,1.0,-0.49601852893829346,0.6375295519828796,-0.07611720263957977,0.9996248483657837,1.0,1.0,2,0.001,7.663285117587293e-08,7.663285117587293e-08,0.0,0.0,0.0,0.0,1.0,0.8655,0.48562541604042053,0.9903276562690735,400,0.3665,-1.431822419166565,0.9775232672691345,0.288,-1.7990795373916626,0.987765371799469,0.5223273634910583,0.263671875,0.26539474725723267,28033.0,50.86140434467595,0.30377606973339477,0.9658448818059201,1.0,-1.730421896359923,0.366,0.1,4,1.0,1.0,1.0,,0.902,1.0,0.9787878787878788,0.7291666666666666,0.606264054775238,1.0,0.9151545763015747,-0.08850297331809998,0.9989374279975891,1.0,1.0,1.0,,0.9999998807907104,10000,10000,0.385,0.3434650455927052,-0.615,0.46959459459459457,0.3546666666666667,-1.4591249227523804,-1.6259098052978516,-2.4591249227523804,-1.11924409866333,-1.5810784101486206,0.9998539090156555,0.3235,0.2601246105919003,-0.6765,0.30346820809248554,0.40540540540540543,-1.7047538757324219,-1.9595004320144653,-2.704753875732422,-1.7826035022735596,-1.3782985210418701,0.9997950196266174,-0.01150000000000001,"[5, 6, 7, 8, 9]",0.0,32
concrete,256,0.335,0.296969696969697,0.29429429429429427,0.4124629080118694,-1.6544685363769531,-1.7945265769958496,-1.8228033781051636,-1.3509821891784668,0.9986909031867981,tight,nan,0.6259765625,0.28515625,0.28515625,0.0,none,v2_c-none_d-easy_a-concrete_p-tight_s-05,easy,46.3582181930542,19.627099990844727,0.020567259254239283,-0.4407536779788433,transformer,0.8705,0.9757942511346445,-0.12949999999999995,0.8982511923688394,0.747887323943662,0.4787451922893524,0.9031782746315002,-0.5212548077106476,0.5899035334587097,-0.014872921630740166,0.9976519346237183,1.0,1.0,2,0.001,6.577940325769305e-08,6.577940325769305e-08,0.0,0.0,0.0,0.0,1.0,0.853,0.5083531737327576,0.9579721689224243,400,0.2575,-1.814909815788269,0.9573606848716736,0.177,-2.116273880004883,0.9625016450881958,0.37138766050338745,0.322265625,0.3209564983844757,28033.0,49.34550822450894,0.2947221914254389,0.960063942796311,1.0,-1.799643231030442,0.313,0.1,5,1.0,1.0,1.0,,0.867,1.0,0.9696969696969697,0.6339285714285714,0.4737280309200287,1.0,0.8809653520584106,-0.44937652349472046,0.9981251358985901,1.0,1.0,1.0,,0.9999999403953552,10000,10000,0.3375,0.2066869300911854,-0.6625,0.41047297297297297,0.39466666666666667,-1.6329188346862793,-2.1732516288757324,-2.6329188346862793,-1.358107089996338,-1.3757851123809814,0.9971737861633301,0.257,0.1542056074766355,-0.743,0.1994219653179191,0.4159159159159159,-1.9724572896957397,-2.383127450942993,-2.9724572896957397,-2.2025821208953857,-1.3374768495559692,0.9982332587242126,-0.07800000000000001,"[5, 6, 7, 8, 9]",0.0,32
concrete,256,0.375,0.20909090909090908,0.32432432432432434,0.5875370919881305,-1.490179419517517,-2.160670518875122,-1.6823240518569946,-0.643751323223114,0.9960178136825562,wide,nan,0.6875,0.33984375,0.33984375,0.0,none,v2_c-none_d-easy_a-concrete_p-wide_s-00,easy,82.65940165519714,37.539859771728516,0.03655165647542835,-0.20749493211386943,transformer,0.878,1.0,-0.122,0.9157392686804452,0.7309859154929578,0.5189311504364014,1.0,-0.48106884956359863,0.6840630173683167,-0.07522988319396973,0.9988471865653992,1.0,1.0,2,0.001,2.8288077658089605e-08,2.8288077658089605e-08,0.0,0.0,0.0,0.0,1.0,0.866,0.4885053038597107,0.9931554794311523,400,0.508,-0.8220375776290894,0.9536327719688416,0.529,-0.8035714626312256,0.9588977098464966,0.24822166562080383,0.400390625,0.3984466791152954,407041.0,101.95050206063986,0.1597976140455355,0.9902033329145622,1.0,-0.7947927193226576,0.426,0.1,0,1.0,1.0,1.0,,0.901,1.0,0.996969696969697,0.7083333333333334,0.6090827584266663,1.0,0.9878787994384766,-0.15153944492340088,0.999214231967926,1.0,1.0,1.0,,1.0,10000,10000,0.475,0.32978723404255317,-0.525,0.4391891891891892,0.6306666666666667,-1.0908777713775635,-1.6808043718338013,-2.0908777713775635,-1.2177810668945312,-0.4731466472148895,0.9944937825202942,0.485,0.40498442367601245,-0.515,0.5635838150289018,0.4804804804804805,-1.0456792116165161,-1.396960735321045,-2.045679211616516,-0.7111588716506958,-1.0546363592147827,0.9904329180717468,0.10999999999999999,"[5, 6, 7, 8, 9]",0.0,128
concrete,256,0.164,0.0,0.13813813813813813,0.35014836795252224,-2.335587978363037,-2.999999523162842,-2.4236161708831787,-1.5979934930801392,0.9985026121139526,wide,nan,0.8505859375,0.140625,0.140625,0.0,none,v2_c-none_d-easy_a-concrete_p-wide_s-01,easy,87.99723982810974,37.13389205932617,0.02017823415988255,-0.13206646441371078,transformer,0.8955,1.0,-0.10450000000000004,0.8982511923688394,0.795774647887324,0.5820035338401794,1.0,-0.41799646615982056,0.5930129885673523,0.18310120701789856,0.9999992847442627,1.0,1.0,2,0.001,2.2287677481358514e-08,2.2287677481358514e-08,0.0,0.0,0.0,0.0,1.0,0.894,0.5821117162704468,0.998286783695221,400,0.2935,-1.765660285949707,0.9816237688064575,0.1985,-2.1864209175109863,0.9934079647064209,0.6941338181495667,0.154296875,0.15557658672332764,407041.0,102.19978720388704,0.16018834455007197,0.9900821098175335,1.0,-2.800585071617696,0.181,0.1,1,1.0,1.0,1.0,,0.887,1.0,0.990909090909091,0.6726190476190477,0.5491906404495239,1.0,0.9636363387107849,-0.3059803247451782,0.9998343586921692,1.0,1.0,1.0,,1.0,10000,10000,0.3065,0.0972644376899696,-0.6935,0.38344594594594594,0.42933333333333334,-1.7841869592666626,-2.6453490257263184,-2.7841869592666626,-1.466217041015625,-1.279645323753357,0.9898306131362915,0.2005,0.03271028037383177,-0.7995,0.17485549132947978,0.3888888888888889,-2.1960694789886475,-2.869154214859009,-3.1960694789886475,-2.2918283939361572,-1.4477425813674927,0.998543381690979,0.036500000000000005,"[5, 6, 7, 8, 9]",0.0,128
concrete,256,0.485,0.41818181818181815,0.45645645645645644,0.5786350148367952,-1.0062199831008911,-1.1992335319519043,-1.174160122871399,-0.6512686014175415,0.990630030632019,wide,nan,0.4873046875,0.43359375,0.4453125,0.0,none,v2_c-none_d-easy_a-concrete_p-wide_s-02,easy,93.92091703414917,37.20600128173828,0.06038776298144917,-0.1473099967441026,transformer,0.8655,0.9803328290468987,-0.13449999999999995,0.9141494435612083,0.7154929577464789,0.46895503997802734,0.921331524848938,-0.5310449600219727,0.6799970269203186,-0.13916632533073425,0.9978448748588562,1.0,1.0,2,0.001,2.500878615308011e-08,2.500878615308011e-08,0.0,0.0,0.0,0.0,1.0,0.867,0.49756330251693726,0.9920178651809692,400,0.3705,-1.4572465419769287,0.9834918975830078,0.397,-1.401111125946045,0.97541344165802,0.25155287981033325,0.35546875,0.373169869184494,407041.0,101.27338359586729,0.1587362959263518,0.9889554140185671,1.0,-1.10285385073478,0.506,0.1,2,1.0,1.0,1.0,,0.883,1.0,0.9818181818181818,0.6696428571428571,0.5390029549598694,1.0,0.9347977042198181,-0.30797716975212097,0.99894118309021,1.0,1.0,1.0,,1.0,10000,10000,0.367,0.33586626139817627,-0.633,0.33614864864864863,0.4186666666666667,-1.514428734779358,-1.65422785282135,-2.514428734779358,-1.6018221378326416,-1.3227956295013428,0.9938169121742249,0.4025,0.40498442367601245,-0.5974999999999999,0.30057803468208094,0.506006006006006,-1.3677371740341187,-1.3245147466659546,-2.3677371740341187,-1.798166275024414,-0.9621692299842834,0.9943495392799377,-0.08249999999999996,"[5, 6, 7, 8, 9]",0.0,128
concrete,256,0.846,0.990909090909091,0.9669669669669669,0.5845697329376854,0.3916265368461609,0.9867464900016785,0.8678678870201111,-0.6617206335067749,0.9988111853599548,wide,1.0,0.1396484375,0.8203125,0.8203125,1.0,none,v2_c-none_d-easy_a-concrete_p-wide_s-03,easy,70.29509806632996,37.592281341552734,0.03481692630683644,-0.12842930336473393,transformer,0.8725,1.0,-0.12749999999999995,0.863275039745628,0.7619718309859155,0.49233314394950867,1.0,-0.5076668560504913,0.4531708359718323,0.05439691245555878,0.9995232820510864,1.0,1.0,2,0.001,1.7843351685087327e-08,1.7843351685087327e-08,0.0,0.0,0.0,0.0,1.0,0.872,0.4997688829898834,0.9951106905937195,400,0.81,0.24134130775928497,0.9991047978401184,0.777,0.10991203784942627,0.9990662932395935,0.9843407869338989,0.00390625,0.0023582838475704193,407041.0,101.74188065444783,0.1594706200408519,0.9827054982499994,1.0,0.3341774467138794,0.811,0.1,3,1.0,1.0,1.0,,0.849,1.0,0.9727272727272728,0.5773809523809523,0.40152889490127563,1.0,0.8915165662765503,-0.6746176481246948,0.9988077282905579,1.0,1.0,1.0,,1.0,10000,10000,0.816,1.0,-0.18400000000000005,0.7280405405405406,0.724,0.2689611315727234,1.0,-0.7310388684272766,-0.08777770400047302,-0.09081780910491943,0.9962044954299927,0.765,0.8348909657320872,-0.235,0.8872832369942196,0.5705705705705706,0.07145487517118454,0.3403952717781067,-0.9285451248288155,0.581242024898529,-0.7174828052520752,0.9982329607009888,-0.08099999999999996,"[5, 6, 7, 8, 9]",0.0,128
concrete,256,0.38,0.28484848484848485,0.37237237237237236,0.4807121661721068,-1.4749091863632202,-1.8567266464233398,-1.499067783355713,-1.0771504640579224,0.9962736368179321,wide,nan,0.5986328125,0.3671875,0.36328125,0.0,none,v2_c-none_d-easy_a-concrete_p-wide_s-04,easy,69.996896982193,37.83456802368164,0.014441704910241219,-0.07669154320329588,transformer,0.905,1.0,-0.09499999999999997,0.9268680445151033,0.7971830985915493,0.623749852180481,1.0,-0.37625014781951904,0.7074722051620483,0.1992955356836319,0.9985116124153137,1.0,1.0,2,0.001,1.9877640866639013e-08,1.9877640866639013e-08,0.0,0.0,0.0,0.0,1.0,0.866,0.5288049578666687,0.9682384133338928,200,0.295,-1.5520795583724976,0.8772619962692261,0.1945,-2.0432474613189697,0.9510287642478943,0.013993660919368267,0.529296875,0.5235472321510315,407041.0,101.51539354728477,0.1591156232668762,0.9838222858315738,1.0,-2.4383716019130053,0.311,0.1,4,1.0,1.0,1.0,,0.88,1.0,0.9818181818181818,0.6607142857142857,0.5198084712028503,1.0,0.9272749423980713,-0.3577152490615845,0.9988085031509399,1.0,1.0,1.0,,1.0,10000,10000,0.311,0.256838905775076,-0.6890000000000001,0.3158783783783784,0.3546666666666667,-1.7519476413726807,-1.9726442098617554,-2.7519476413726807,-1.7364764213562012,-1.5705351829528809,0.9994789361953735,0.272,0.12149532710280374,-0.728,0.2976878612716763,0.39039039039039036,-1.8917652368545532,-2.46718692779541,-2.8917652368545532,-1.8116679191589355,-1.4203037023544312,0.996245265007019,-0.10799999999999998,"[5, 6, 7, 8, 9]",0.0,128
concrete,256,0.829,0.9484848484848485,0.9369369369369369,0.6053412462908012,0.3196467161178589,0.7943617105484009,0.7477747797966003,-0.5682541728019714,0.9968181252479553,wide,1.0061919504643964,0.193359375,0.828125,0.82421875,1.0,none,v2_c-none_d-easy_a-concrete_p-wide_s-05,easy,87.47744679450989,37.876766204833984,0.0010105431580996213,-0.13469641125348636,transformer,0.8815,1.0,-0.11850000000000005,0.875993640699523,0.776056338028169,0.5340672731399536,1.0,-0.4659327268600464,0.5083003044128418,0.12311773002147675,0.9982172846794128,1.0,1.0,2,0.001,1.65356084380619e-08,1.65356084380619e-08,0.0,0.0,0.0,0.0,1.0,0.8775,0.5359835028648376,0.9883458018302917,400,0.814,0.33530372381210327,0.9695965647697449,0.785,0.19465449452400208,0.9798589944839478,0.8251718878746033,0.11328125,0.11354339122772217,407041.0,100.25344271927297,0.15713763662352326,0.981141926950708,1.0,-0.27862055573764377,0.796,0.1,5,1.0,1.0,1.0,,0.872,1.0,0.9818181818181818,0.6369047619047619,0.48898836970329285,1.0,0.9272727370262146,-0.4494394063949585,0.9986335635185242,1.0,1.0,1.0,,1.0,10000,10000,0.8255,1.0,-0.1745,0.7956081081081081,0.696,0.3132089376449585,0.9999966621398926,-0.6867910623550415,0.210873082280159,-0.20855574309825897,0.9968035817146301,0.8055,0.9314641744548287,-0.1945,0.903179190751445,0.5825825825825826,0.22317352890968323,0.7370820045471191,-0.7768264710903168,0.6123998165130615,-0.6766370534896851,0.997494101524353,-0.023499999999999965,"[5, 6, 7, 8, 9]",0.0,128
invariant,256,0.288,0.19393939393939394,0.25825825825825827,0.4094955489614243,-1.8388690948486328,-2.2231943607330322,-1.9449329376220703,-1.3577218055725098,0.9970417618751526,moderate,nan,0.69921875,0.24609375,0.24609375,0.0,none,v2_c-none_d-easy_a-invariant_p-moderate_s-00,easy,85.91343927383423,28.545591354370117,0.014939585681184246,-0.1923842165193076,transformer,0.895,1.0,-0.10499999999999998,0.9062003179650239,0.7873239436619718,0.5790603756904602,1.0,-0.4209396243095398,0.6248074173927307,0.1466435194015503,0.9988561868667603,1.0,1.0,2,0.001,3.392797864876229e-08,3.392797509604861e-08,4.0258408721483355e-15,0.0,0.0,0.0,1.0,0.888,0.5642770528793335,0.9958842396736145,400,0.274,-1.8637558221817017,0.9895195960998535,0.216,-2.066650867462158,0.9800794720649719,0.2887284755706787,0.365234375,0.3636382222175598,105217.0,71.42183129704055,0.22018514936995434,0.9747104561780001,1.0,-2.203326577776226,0.29,0.1,0,1.0,1.0,1.0,,0.852,1.0,0.9636363636363636,0.5952380952380952,0.40799957513809204,1.0,0.854544997215271,-0.6190484762191772,0.9998458027839661,1.0,1.0,1.0,,1.0,10000,10000,0.255,0.19300911854103345,-0.745,0.17229729729729729,0.37466666666666665,-1.9265673160552979,-2.187882900238037,-2.926567316055298,-2.1749074459075928,-1.5012829303741455,0.9915798306465149,0.199,0.02336448598130841,-0.8009999999999999,0.1893063583815029,0.3783783783783784,-2.1807873249053955,-2.834679126739502,-3.1807873249053955,-2.242706060409546,-1.4861234426498413,0.9966449737548828,-0.08899999999999997,"[5, 6, 7, 8, 9]",0.0,64
invariant,256,0.248,0.09696969696969697,0.23123123123123124,0.4124629080118694,-2.0084660053253174,-2.616222858428955,-2.0724098682403564,-1.3501479625701904,0.9990637302398682,moderate,nan,0.7421875,0.2578125,0.25390625,0.0,none,v2_c-none_d-easy_a-invariant_p-moderate_s-01,easy,66.80235934257507,29.393945693969727,0.030635771250193684,-0.1906719706638318,transformer,0.8995,1.0,-0.10050000000000003,0.9348171701112877,0.7746478873239436,0.598042905330658,1.0,-0.40195709466934204,0.7392697334289551,0.0987115353345871,0.9997944235801697,1.0,1.0,2,0.001,3.282855587372069e-08,3.282855232100701e-08,3.166796997701969e-15,0.0,0.0,0.0,1.0,0.8885,0.5800032615661621,0.9926581978797913,400,0.3685,-1.5127488374710083,0.9772101044654846,0.244,-1.9486076831817627,0.9823150634765625,0.28616297245025635,0.357421875,0.3536914587020874,105217.0,72.38133160653206,0.2231431765603697,0.975405318476679,1.0,-2.5233650702295387,0.231,0.1,1,1.0,1.0,1.0,,0.91,1.0,1.0,0.7321428571428571,0.6404385566711426,1.0,0.999993085861206,-0.07011650502681732,0.9999094009399414,1.0,1.0,1.0,,1.0,10000,10000,0.374,0.30243161094224924,-0.626,0.33783783783783783,0.4653333333333333,-1.5026414394378662,-1.7902731895446777,-2.502641439437866,-1.648546814918518,-1.135124683380127,0.99982750415802,0.244,0.14797507788161993,-0.756,0.2514450867052023,0.32882882882882886,-2.022824764251709,-2.408097505569458,-3.022824764251709,-1.9908981323242188,-1.684609293937683,0.9998315572738647,-0.0040000000000000036,"[5, 6, 7, 8, 9]",0.0,64
invariant,256,0.309,0.2545454545454545,0.21921921921921922,0.45103857566765576,-1.763938546180725,-1.9911308288574219,-2.118290424346924,-1.1913189888000488,0.9962916374206543,moderate,nan,0.7255859375,0.34765625,0.34765625,0.0,none,v2_c-none_d-easy_a-invariant_p-moderate_s-02,easy,79.23815274238586,28.608131408691406,0.06502554817625243,-0.12553315853120772,transformer,0.8915,1.0,-0.10850000000000004,0.9348171701112877,0.752112676056338,0.5653018951416016,1.0,-0.43469810485839844,0.7392686605453491,0.006484010256826878,0.9990935921669006,1.0,1.0,2,0.001,4.230128070048522e-08,4.230128070048522e-08,1.5554362471962256e-16,0.0,0.0,0.0,1.0,0.886,0.5605780482292175,0.9955960512161255,400,0.4835,-1.038095235824585,0.9898645877838135,0.3935,-1.3302751779556274,0.9789330363273621,0.24085892736911774,0.369140625,0.3780367374420166,105217.0,71.60802061205669,0.2207591492435702,0.9667958264510238,1.0,-1.8404469027011077,0.295,0.1,2,1.0,1.0,1.0,,0.886,1.0,0.9878787878787879,0.6726190476190477,0.5464785695075989,1.0,0.9515199661254883,-0.3021518886089325,0.9996217489242554,1.0,1.0,1.0,,0.9999999403953552,10000,10000,0.456,0.2872340425531915,-0.544,0.7128378378378378,0.4013333333333333,-1.1702994108200073,-1.8473097085952759,-2.1702994108200073,-0.1318063884973526,-1.3960527181625366,0.9977604746818542,0.4575,0.49065420560747663,-0.5425,0.33959537572254334,0.5480480480480481,-1.1703537702560425,-1.0615270137786865,-2.1703537702560425,-1.6322046518325806,-0.7953779101371765,0.9930002689361572,0.14850000000000002,"[5, 6, 7, 8, 9]",0.0,64
invariant,256,0.473,0.4696969696969697,0.42342342342342343,0.5252225519287834,-1.108604073524475,-1.1213537454605103,-1.3057891130447388,-0.9012744426727295,0.9984470009803772,moderate,nan,0.5390625,0.5,0.484375,0.0,none,v2_c-none_d-easy_a-invariant_p-moderate_s-03,easy,87.07932925224304,29.161752700805664,0.08208812060259427,-0.09589238326331928,transformer,0.869,1.0,-0.131,0.9570747217806042,0.6690140845070423,0.47556072473526,1.0,-0.52443927526474,0.8268252015113831,-0.3238755464553833,0.9993892908096313,1.0,1.0,2,0.001,2.2093377793908076e-08,2.2093377793908076e-08,1.2093912598095259e-16,0.0,0.0,0.0,1.0,0.8685,0.48081550002098083,0.9965804219245911,400,0.5965,-0.5994276404380798,0.9797446131706238,0.518,-0.888890266418457,0.984516441822052,0.2754472494125366,0.37109375,0.37554168701171875,105217.0,72.35393086267807,0.223058703273018,0.9745951370938583,1.0,-1.3572603144022328,0.553,0.1,3,1.0,1.0,1.0,,0.895,1.0,0.9787878787878788,0.7083333333333334,0.5826377272605896,1.0,0.9151524305343628,-0.15881699323654175,0.999580442905426,1.0,1.0,1.0,,1.0,10000,10000,0.588,0.5942249240121581,-0.41200000000000003,0.5760135135135135,0.592,-0.6450257897377014,-0.6229915618896484,-1.6450257897377014,-0.6900599598884583,-0.6288101673126221,0.9992137551307678,0.5095,0.4392523364485981,-0.49050000000000005,0.6286127167630058,0.45345345345345345,-0.9589738249778748,-1.2429897785186768,-1.9589738249778748,-0.485548198223114,-1.1771000623703003,0.9989783763885498,0.03649999999999998,"[5, 6, 7, 8, 9]",0.0,64
invariant,256,0.301,0.1303030303030303,0.4444444444444444,0.3264094955489614,-1.792708396911621,-2.4787871837615967,-1.2181869745254517,-1.6885823011398315,0.9960830807685852,moderate,nan,0.7275390625,0.3203125,0.3203125,0.0,none,v2_c-none_d-easy_a-invariant_p-moderate_s-04,easy,84.76508045196533,29.590368270874023,0.05637873207401509,-0.20967623004619507,transformer,0.862,1.0,-0.138,0.8839427662957074,0.7140845070422536,0.4487491250038147,1.0,-0.5512508749961853,0.5356625914573669,-0.14145566523075104,0.9997802972793579,1.0,1.0,2,0.001,3.640318624320571e-08,3.640318624320571e-08,1.921256542225557e-16,0.0,0.0,0.0,1.0,0.855,0.4290705919265747,0.9962784051895142,400,0.278,-1.8583779335021973,0.9939672946929932,0.2785,-1.876015305519104,0.9919688105583191,0.19860461354255676,0.419921875,0.41355907917022705,105217.0,72.12661320071977,0.22235790951789078,0.9734725816948175,1.0,-1.924236767589853,0.295,0.1,4,1.0,1.0,1.0,,0.905,1.0,0.9666666666666667,0.75,0.6205447912216187,1.0,0.8667269349098206,0.0015620788326486945,0.999850332736969,1.0,1.0,1.0,,0.9999999403953552,10000,10000,0.2715,0.23252279635258358,-0.7284999999999999,0.14695945945945946,0.404,-1.9139955043792725,-2.069908380508423,-2.9139955043792725,-2.412161350250244,-1.3839887380599976,0.9999993443489075,0.2675,0.06853582554517133,-0.7324999999999999,0.33815028901734107,0.3858858858858859,-1.9294064044952393,-2.7258567810058594,-2.9294064044952393,-1.6471091508865356,-1.4549741744995117,0.9998326301574707,-0.033499999999999974,"[5, 6, 7, 8, 9]",0.0,64
invariant,256,0.348,0.22727272727272727,0.4024024024024024,0.4124629080118694,-1.5968986749649048,-2.090906858444214,-1.3613985776901245,-1.3458563089370728,0.9967817664146423,moderate,nan,0.66796875,0.30078125,0.30078125,0.0,none,v2_c-none_d-easy_a-invariant_p-moderate_s-05,easy,68.53422451019287,29.01898193359375,0.027180717803112205,-0.17545610734221084,transformer,0.8935,0.9863842662632375,-0.10650000000000004,0.9109697933227345,0.7915492957746478,0.5833554863929749,0.9455370903015137,-0.41664451360702515,0.6628745198249817,0.17572224140167236,0.9981176853179932,1.0,1.0,2,0.001,3.28902416413257e-08,3.28902416413257e-08,1.6192030712223465e-17,0.0,0.0,0.0,1.0,0.8995,0.6083595156669617,0.9920803308486938,400,0.3085,-1.6478986740112305,0.9789408445358276,0.242,-1.9971798658370972,0.9921287298202515,0.1255902647972107,0.451171875,0.45364508032798767,105217.0,70.49522360049771,0.2173285262567482,0.9707918026735863,1.0,-1.7158288788623124,0.368,0.1,5,1.0,1.0,1.0,,0.876,1.0,0.9727272727272728,0.6577380952380952,0.5111464858055115,1.0,0.8909090757369995,-0.3477783203125,0.998196542263031,1.0,1.0,1.0,,0.9999999403953552,10000,10000,0.344,0.39969604863221886,-0.656,0.22635135135135134,0.388,-1.618349552154541,-1.401214361190796,-2.618349552154541,-2.094593048095703,-1.4329347610473633,0.9992080330848694,0.255,0.1573208722741433,-0.745,0.12861271676300579,0.4804804804804805,-1.970348596572876,-2.370713949203491,-2.970348596572876,-2.482910633087158,-1.051838994026184,0.9972015619277954,-0.09299999999999997,"[5, 6, 7, 8, 9]",0.0,64
invariant,256,0.223,0.02727272727272727,0.17417417417417416,0.4629080118694362,-2.1098082065582275,-2.8909060955047607,-2.30900502204895,-1.1481022834777832,0.9987607598304749,tight,nan,0.828125,0.2265625,0.2265625,0.0,none,v2_c-none_d-easy_a-invariant_p-tight_s-00,easy,96.8380823135376,19.883638381958008,0.0013653334543344646,-0.4957339439704885,transformer,0.826,0.9788199697428139,-0.17400000000000004,0.8139904610492846,0.6943661971830986,0.30683183670043945,0.9152798652648926,-0.6931681632995605,0.2560448944568634,-0.2146317958831787,0.9991940259933472,1.0,1.0,2,0.001,1.5000325959135807e-07,1.5000325959135807e-07,1.938811194178284e-15,0.0,0.0,0.0,1.0,0.8345,0.3646896481513977,0.98681640625,400,0.3475,-1.575668454170227,0.9922792315483093,0.3365,-1.5938398838043213,0.9840857982635498,0.8370558023452759,0.076171875,0.0746622234582901,28033.0,51.54616216576595,0.30786587107274177,0.9609307487583849,1.0,-4.127302437771957,0.219,0.1,0,1.0,1.0,1.0,,0.877,1.0,0.9454545454545454,0.6875,0.5142927765846252,1.0,0.7924564480781555,-0.24171969294548035,0.9989643096923828,1.0,1.0,1.0,,0.9999998807907104,10000,10000,0.3475,0.3981762917933131,-0.6525000000000001,0.30236486486486486,0.33866666666666667,-1.6099979877471924,-1.4072929620742798,-2.6099979877471924,-1.7905389070510864,-1.6453310251235962,0.9999972581863403,0.3425,0.37694704049844235,-0.6575,0.203757225433526,0.45345345345345345,-1.630661964416504,-1.492210865020752,-2.630661964416504,-2.1876027584075928,-1.1854408979415894,0.9991163611412048,0.11950000000000002,"[5, 6, 7, 8, 9]",0.0,32
invariant,256,0.207,0.08484848484848485,0.18618618618618618,0.34718100890207715,-2.1715645790100098,-2.660604238510132,-2.254256010055542,-1.6109731197357178,0.999910831451416,tight,nan,0.81640625,0.2109375,0.2109375,0.0,none,v2_c-none_d-easy_a-invariant_p-tight_s-01,easy,81.67882227897644,20.170230865478516,0.043106243007601346,-0.2593681300465148,transformer,0.8825,0.9712556732223904,-0.11750000000000005,0.9236883942766295,0.7633802816901408,0.5431734323501587,0.924373209476471,-0.4568265676498413,0.6947554349899292,0.0539931058883667,0.9977539777755737,1.0,1.0,2,0.001,1.419568889104994e-07,1.419568889104994e-07,6.008408623711474e-16,0.0,0.0,0.0,1.0,0.88,0.5501818656921387,0.9818264245986938,400,0.284,-1.7571908235549927,0.9772862195968628,0.224,-2.0001978874206543,0.9810686111450195,0.5265243053436279,0.2421875,0.24221962690353394,28033.0,52.57358711005878,0.31400229446774386,0.9700316923310172,1.0,-3.074783576738354,0.203,0.1,1,1.0,1.0,1.0,,0.868,1.0,0.9757575757575757,0.6309523809523809,0.47310346364974976,1.0,0.9029529690742493,-0.4728303551673889,0.999584972858429,1.0,1.0,1.0,,0.9999998807907104,10000,10000,0.2765,0.1398176291793313,-0.7235,0.22128378378378377,0.44,-1.8935456275939941,-2.440704107284546,-2.893545627593994,-2.1148476600646973,-1.238824486732483,0.9998739957809448,0.235,0.03271028037383177,-0.765,0.2875722543352601,0.37537537537537535,-2.0602188110351562,-2.8691530227661133,-3.0602188110351562,-1.8493645191192627,-1.4995213747024536,0.9985659122467041,0.027999999999999997,"[5, 6, 7, 8, 9]",0.0,32
invariant,256,0.678,0.7787878787878788,0.7087087087087087,0.5489614243323442,-0.28160056471824646,0.11525289714336395,-0.1587914526462555,-0.7915621995925903,0.9968081116676331,tight,nan,0.3212890625,0.65625,0.65625,0.0,none,v2_c-none_d-easy_a-invariant_p-tight_s-02,easy,83.79597306251526,19.86391258239746,0.11297730255470656,-0.271191627873893,transformer,0.8755,0.989409984871407,-0.12450000000000006,0.8728139904610492,0.7718309859154929,0.503557026386261,0.9576419591903687,-0.496442973613739,0.4948490858078003,0.08852491527795792,0.9991423487663269,1.0,1.0,2,0.001,1.0878048328777368e-07,1.0878048328777368e-07,2.4822353458846475e-16,0.0,0.0,0.0,1.0,0.8775,0.5219215154647827,0.9934295415878296,700,0.6485,-0.38804155588150024,0.9773975610733032,0.569,-0.6484988331794739,0.9815326929092407,0.24702557921409607,0.38671875,0.3858300447463989,28033.0,51.35561096105869,0.3067277802788529,0.966495523952155,1.0,0.23642051867549851,0.691,0.1,2,1.0,1.0,1.0,,0.856,1.0,0.9666666666666667,0.6041666666666666,0.42680174112319946,1.0,0.8666665554046631,-0.5749947428703308,0.9986284375190735,1.0,1.0,1.0,,0.9999998807907104,10000,10000,0.648,0.6975683890577508,-0.352,0.6503378378378378,0.6026666666666667,-0.40986505150794983,-0.20965270698070526,-1.4098650515079498,-0.3984132707118988,-0.5945572257041931,0.9977230429649353,0.598,0.6277258566978193,-0.402,0.6473988439306358,0.5180180180180181,-0.5946679711341858,-0.46674844622612,-1.5946679711341858,-0.41032567620277405,-0.9095166921615601,0.9936960339546204,-0.08000000000000007,"[5, 6, 7, 8, 9]",0.0,32
invariant,256,0.353,0.41818181818181815,0.2732732732732733,0.36795252225519287,-1.5818462371826172,-1.3130359649658203,-1.906695008277893,-1.52407968044281,0.9992130398750305,tight,nan,0.66015625,0.35546875,0.35546875,0.0,none,v2_c-none_d-easy_a-invariant_p-tight_s-03,easy,94.205087184906,19.60154914855957,0.08834218814522982,-0.21373638091691072,transformer,0.8535,0.9697428139183056,-0.14649999999999996,0.8521462639109698,0.7464788732394366,0.41608867049217224,0.87897127866745,-0.5839113295078278,0.40858709812164307,-0.008202711120247841,0.9996576905250549,1.0,1.0,2,0.001,5.010434023233756e-08,5.010434023233756e-08,2.034129638147603e-16,0.0,0.0,0.0,1.0,0.846,0.3993239402770996,0.9941788911819458,700,0.3905,-1.4158589839935303,0.9897380471229553,0.412,-1.3218905925750732,0.9871935844421387,0.34885668754577637,0.341796875,0.34157076478004456,28033.0,52.056537042228655,0.3109141485644885,0.960896360843209,1.0,-1.3274253371053035,0.389,0.1,3,1.0,1.0,1.0,,0.855,1.0,0.9575757575757575,0.6101190476190477,0.42211273312568665,1.0,0.8302974700927734,-0.5532304048538208,0.9993882775306702,1.0,1.0,1.0,,0.9999999403953552,10000,10000,0.36,0.41641337386018235,-0.64,0.30236486486486486,0.356,-1.5368170738220215,-1.3335603475570679,-2.5368170738220215,-1.7471870183944702,-1.549088716506958,0.9964482188224792,0.4075,0.4439252336448598,-0.5925,0.31358381502890176,0.46996996996997,-1.3687260150909424,-1.2326031923294067,-2.3687260150909424,-1.7342809438705444,-1.1201175451278687,0.9964171051979065,0.05449999999999999,"[5, 6, 7, 8, 9]",0.0,32
invariant,256,0.369,0.18787878787878787,0.4174174174174174,0.49851632047477745,-1.518404245376587,-2.2503180503845215,-1.330245852470398,-0.9876185655593872,0.9968688488006592,tight,nan,0.669921875,0.3984375,0.3984375,0.0,none,v2_c-none_d-easy_a-invariant_p-tight_s-04,easy,75.81292867660522,19.281551361083984,0.07395949306675167,-0.24648936775589741,transformer,0.876,1.0,-0.124,0.9491255961844197,0.6957746478873239,0.5110241770744324,1.0,-0.4889758229255676,0.8130420446395874,-0.21176765859127045,0.9980065822601318,1.0,1.0,2,0.001,1.0052470145183179e-07,1.0052470145183179e-07,8.99555766247645e-16,0.0,0.0,0.0,1.0,0.887,0.5720544457435608,0.9867703914642334,400,0.2115,-2.083425760269165,0.9849972128868103,0.22,-2.042508363723755,0.9813441634178162,0.44128096103668213,0.361328125,0.3613151013851166,28033.0,50.779319202903274,0.30328580600449284,0.9682713604917471,1.0,-1.682499483630501,0.393,0.1,4,1.0,1.0,1.0,,0.917,1.0,0.9878787878787879,0.7648809523809523,0.6696589589118958,1.0,0.9515156149864197,0.06446065753698349,0.9993913769721985,1.0,1.0,1.0,,0.9999999403953552,10000,10000,0.2395,0.13677811550151975,-0.7605,0.2989864864864865,0.2826666666666667,-2.0087571144104004,-2.4217379093170166,-3.0087571144104004,-1.7172439098358154,-1.8765361309051514,0.9882359504699707,0.255,0.09501557632398754,-0.745,0.24277456647398843,0.4219219219219219,-1.9755048751831055,-2.6199357509613037,-2.9755048751831055,-2.0151524543762207,-1.3131015300750732,0.9979038834571838,-0.11399999999999999,"[5, 6, 7, 8, 9]",0.0,32
invariant,256,0.351,0.23030303030303031,0.3633633633633634,0.456973293768546,-1.596832036972046,-2.076003313064575,-1.548487901687622,-1.175384283065796,0.997699499130249,tight,nan,0.5791015625,0.359375,0.359375,0.0,none,v2_c-none_d-easy_a-invariant_p-tight_s-05,easy,90.05383849143982,19.613811492919922,0.024226307582115015,-0.43465482333784294,transformer,0.887,1.0,-0.11299999999999999,0.9364069952305246,0.7380281690140845,0.5467953085899353,1.0,-0.4532046914100647,0.745935320854187,-0.05155308544635773,0.9989943504333496,1.0,1.0,2,0.001,6.605935709558253e-08,6.605935709558253e-08,1.1695640353274247e-16,0.0,0.0,0.0,1.0,0.8805,0.5991827249526978,0.9643524289131165,400,0.4805,-0.9720374345779419,0.9441956877708435,0.3555,-1.3832204341888428,0.936858594417572,0.28304359316825867,0.357421875,0.3590826392173767,28033.0,49.30716957713833,0.2944932090808262,0.9665746526224939,1.0,-1.500420346082441,0.371,0.1,5,1.0,1.0,1.0,,0.875,1.0,0.9757575757575757,0.6517857142857143,0.5078999996185303,1.0,0.9030309319496155,-0.36934584379196167,0.9985303282737732,1.0,1.0,1.0,,0.9999999403953552,10000,10000,0.337,0.22340425531914893,-0.663,0.4797297297297297,0.324,-1.6458598375320435,-2.104259490966797,-2.6458598375320435,-1.0814390182495117,-1.6892067193984985,0.9987612962722778,0.2785,0.12149532710280374,-0.7215,0.24132947976878613,0.46846846846846846,-1.8832224607467651,-2.514016628265381,-2.883222460746765,-2.0278966426849365,-1.1248372793197632,0.9974933862686157,-0.07249999999999995,"[5, 6, 7, 8, 9]",0.0,32
invariant,256,0.252,0.16363636363636364,0.1891891891891892,0.40059347181008903,-1.9920369386672974,-2.345454216003418,-2.243029832839966,-1.3979467153549194,0.9989879727363586,wide,nan,0.7265625,0.2421875,0.2421875,0.0,none,v2_c-none_d-easy_a-invariant_p-wide_s-00,easy,90.8824200630188,37.5484504699707,0.0342761238969304,-0.2126296720009943,transformer,0.869,1.0,-0.131,0.9014308426073132,0.7183098591549296,0.47833532094955444,1.0,-0.5216646790504456,0.6057988405227661,-0.12024904787540436,0.9994852542877197,1.0,1.0,2,0.001,2.6114211237882046e-08,2.6114211237882046e-08,3.5225328890382053e-16,0.0,0.0,0.0,1.0,0.867,0.4773372709751129,0.9971980452537537,400,0.3475,-1.5517590045928955,0.9854422211647034,0.4135,-1.325866460800171,0.9854069948196411,0.31934183835983276,0.34765625,0.3474808931350708,407041.0,101.88923006273366,0.15970157607735178,0.988876617015498,1.0,-2.4714494299200855,0.255,0.1,0,1.0,1.0,1.0,,0.894,1.0,0.9878787878787879,0.6964285714285714,0.5819413065910339,1.0,0.951524555683136,-0.1966124325990677,0.9989801049232483,1.0,1.0,1.0,,1.0,10000,10000,0.344,0.21580547112462006,-0.656,0.28547297297297297,0.5026666666666667,-1.6154601573944092,-2.136776924133301,-2.615460157394409,-1.858076810836792,-0.9665859937667847,0.9976432919502258,0.3915,0.3146417445482866,-0.6085,0.42052023121387283,0.43543543543543545,-1.4213547706604004,-1.7459557056427002,-2.4213547706604004,-1.2927247285842896,-1.2421025037765503,0.9961157441139221,0.1395,"[5, 6, 7, 8, 9]",0.0,128
invariant,256,0.2,0.03636363636363636,0.16816816816816818,0.3916913946587537,-2.199755907058716,-2.854673147201538,-2.3273274898529053,-1.4323855638504028,0.9991195201873779,wide,nan,0.82421875,0.17578125,0.17578125,0.0,none,v2_c-none_d-easy_a-invariant_p-wide_s-01,easy,80.05164670944214,37.13142395019531,0.0158585144444864,-0.1304317875274953,transformer,0.8945,1.0,-0.10550000000000004,0.9284578696343402,0.7661971830985915,0.5780030488967896,1.0,-0.42199695110321045,0.713830292224884,0.06479839980602264,0.9999653100967407,1.0,1.0,2,0.001,1.7589687928420972e-08,1.7589687928420972e-08,4.059879870515595e-17,0.0,0.0,0.0,1.0,0.89,0.5658960938453674,0.9979525804519653,400,0.329,-1.6112338304519653,0.9760650992393494,0.2425,-1.9817315340042114,0.9904273152351379,0.5643447637557983,0.23828125,0.23528128862380981,407041.0,102.19066416331384,0.16017404506074162,0.9911950822904975,1.0,-2.9860341689241947,0.197,0.1,1,1.0,1.0,1.0,,0.894,1.0,0.9939393939393939,0.6904761904761905,0.5766585469245911,1.0,0.9757570028305054,-0.23613464832305908,0.999578595161438,1.0,1.0,1.0,,1.0,10000,10000,0.3155,0.21124620060790272,-0.6845,0.375,0.36,-1.6841453313827515,-1.986372470855713,-2.6841453313827515,-1.5062416791915894,-1.5594170093536377,0.9896426796913147,0.2445,0.07320872274143302,-0.7555000000000001,0.28901734104046245,0.3633633633633634,-2.016028642654419,-2.7071564197540283,-3.016028642654419,-1.8426295518875122,-1.5299748182296753,0.9965789318084717,0.044499999999999984,"[5, 6, 7, 8, 9]",0.0,128
invariant,256,0.417,0.5242424242424243,0.2552552552552553,0.47181008902077154,-1.3206636905670166,-0.9168545603752136,-1.9582593441009521,-1.0860573053359985,0.9940859079360962,wide,nan,0.5888671875,0.421875,0.41015625,0.0,none,v2_c-none_d-easy_a-invariant_p-wide_s-02,easy,66.29478192329407,37.23683547973633,0.056770881201413194,-0.1468796965091818,transformer,0.878,1.0,-0.122,0.9093799682034976,0.7366197183098592,0.5137269496917725,1.0,-0.48627305030822754,0.6375197768211365,-0.04865642637014389,0.9996981024742126,1.0,1.0,2,0.001,2.7007999392480997e-08,2.7007995839767318e-08,2.720607993175663e-15,0.0,0.0,0.0,1.0,0.8795,0.5241469144821167,0.9960110187530518,400,0.3905,-1.398984432220459,0.9892351031303406,0.3705,-1.4694111347198486,0.9838425517082214,0.34895044565200806,0.33984375,0.3523704707622528,407041.0,101.29828971634282,0.15877533387659898,0.9884319431337625,1.0,-1.1963879836646085,0.423,0.1,2,1.0,1.0,1.0,,0.874,1.0,0.9878787878787879,0.6369047619047619,0.4967079758644104,1.0,0.9515151381492615,-0.45027387142181396,0.9994716048240662,1.0,1.0,1.0,,1.0,10000,10000,0.407,0.5106382978723404,-0.593,0.3733108108108108,0.3426666666666667,-1.3293753862380981,-0.9574438333511353,-2.329375386238098,-1.4315261840820312,-1.5750519037246704,0.9930303692817688,0.3935,0.3707165109034268,-0.6065,0.273121387283237,0.5405405405405406,-1.42267906665802,-1.5171316862106323,-2.42267906665802,-1.90671706199646,-0.8286954164505005,0.9971655607223511,-0.023499999999999965,"[5, 6, 7, 8, 9]",0.0,128
invariant,256,0.846,1.0,0.948948948948949,0.5934718100890207,0.3840046226978302,1.0,0.7957957983016968,-0.626099169254303,0.9999992251396179,wide,1.0,0.140625,0.80078125,0.80078125,1.0,none,v2_c-none_d-easy_a-invariant_p-wide_s-03,easy,89.02981400489807,37.60203170776367,0.028717426272860534,-0.14040727554114302,transformer,0.864,1.0,-0.136,0.8521462639109698,0.747887323943662,0.4560000002384186,1.0,-0.5439999997615814,0.4085851013660431,-0.008450595661997795,0.9999998807907104,1.0,1.0,2,0.001,2.4605988357961905e-08,2.4605988357961905e-08,1.3408650669043782e-16,0.0,0.0,0.0,1.0,0.863,0.4527529776096344,0.9995532035827637,400,0.875,0.5090139508247375,0.9975121021270752,0.827,0.341367244720459,0.9944859147071838,0.8716881275177002,0.0625,0.06250274181365967,407041.0,101.76470086876571,0.15950638853366264,0.9868524152816674,1.0,0.632948107989705,0.861,0.1,3,1.0,1.0,1.0,,0.845,1.0,0.9696969696969697,0.5684523809523809,0.3826046288013458,1.0,0.886680543422699,-0.7261902689933777,0.9995906352996826,1.0,1.0,1.0,,1.0,10000,10000,0.875,0.958966565349544,-0.125,0.9003378378378378,0.7813333333333333,0.5220038294792175,0.9009853005409241,-0.47799617052078247,0.6013514399528503,0.1268792301416397,0.9968597292900085,0.844,1.0,-0.15600000000000003,0.9566473988439307,0.5765765765765766,0.376064658164978,0.9999997019767761,-0.623935341835022,0.8268311619758606,-0.6937502026557922,0.9998297691345215,-0.0020000000000000018,"[5, 6, 7, 8, 9]",0.0,128
invariant,256,0.357,0.2878787878787879,0.33633633633633636,0.44510385756676557,-1.554785132408142,-1.839037299156189,-1.622782588005066,-1.20924711227417,0.9903406500816345,wide,nan,0.6298828125,0.328125,0.32421875,0.0,none,v2_c-none_d-easy_a-invariant_p-wide_s-04,easy,85.3955090045929,37.85874938964844,0.01676641350585629,-0.07416634563914647,transformer,0.8835,1.0,-0.11650000000000005,0.8855325914149443,0.7732394366197183,0.5350926518440247,1.0,-0.46490734815597534,0.5421093702316284,0.09605444222688675,0.9997938275337219,1.0,1.0,2,0.001,1.7829401954827517e-08,1.7829401954827517e-08,2.398008507192048e-16,0.0,0.0,0.0,1.0,0.892,0.6066113114356995,0.9726611971855164,200,0.1565,-2.0453298091888428,0.9404386878013611,0.2105,-2.003511667251587,0.9492060542106628,0.2024262547492981,0.43359375,0.4350249171257019,407041.0,101.55169655321619,0.15917252473977989,0.9836233092884185,1.0,-1.8181477176907985,0.454,0.1,4,1.0,1.0,1.0,,0.869,1.0,0.9848484848484849,0.625,0.482453852891922,1.0,0.9393818974494934,-0.4807802736759186,0.9989312887191772,1.0,1.0,1.0,,1.0,10000,10000,0.286,0.12613981762917933,-0.714,0.41385135135135137,0.3253333333333333,-1.8500601053237915,-2.493786096572876,-2.8500601053237915,-1.341290831565857,-1.6868860721588135,0.9973961710929871,0.173,0.056074766355140186,-0.827,0.09393063583815028,0.36786786786786785,-2.293489694595337,-2.77554988861084,-3.293489694595337,-2.6162197589874268,-1.4934725761413574,0.9972761273384094,-0.184,"[5, 6, 7, 8, 9]",0.0,128
invariant,256,0.656,0.7151515151515152,0.8258258258258259,0.43026706231454004,-0.37695297598838806,-0.1356855034828186,0.2992686629295349,-1.2814042568206787,0.9976543188095093,wide,nan,0.37109375,0.58203125,0.58203125,0.0,none,v2_c-none_d-easy_a-invariant_p-wide_s-05,easy,96.76821875572205,37.867122650146484,0.0028305868935247338,-0.129289383578042,transformer,0.881,1.0,-0.119,0.890302066772655,0.7619718309859155,0.528190553188324,1.0,-0.471809446811676,0.5612082481384277,0.059691742062568665,0.9990269541740417,1.0,1.0,2,0.001,2.153689493411548e-08,2.153689493411548e-08,2.3385557940198607e-16,0.0,0.0,0.0,1.0,0.8745,0.5101191997528076,0.9975517392158508,400,0.5895,-0.6232772469520569,0.9878873229026794,0.4675,-1.0842653512954712,0.9828802347183228,0.5290026664733887,0.216796875,0.22107313573360443,407041.0,100.20119041867329,0.15705573616403112,0.9804218540122875,1.0,-0.45453065359070255,0.569,0.1,5,1.0,1.0,1.0,,0.876,1.0,0.9848484848484849,0.6458333333333334,0.5044118762016296,1.0,0.939393937587738,-0.4154408872127533,0.9998388290405273,1.0,1.0,1.0,,1.0,10000,10000,0.583,0.560790273556231,-0.41700000000000004,0.5608108108108109,0.62,-0.6574476361274719,-0.7568385601043701,-1.657447636127472,-0.75658118724823,-0.49199914932250977,0.9984709024429321,0.4795,0.48442367601246106,-0.5205,0.4682080924855491,0.4864864864864865,-1.0726318359375,-1.0570775270462036,-2.0726318359375,-1.105114221572876,-1.053875207901001,0.9975162148475647,-0.17650000000000005,"[5, 6, 7, 8, 9]",0.0,128
latent,256,0.851,1.0,0.9519519519519519,0.6053412462908012,0.41038811206817627,1.0,0.825887143611908,-0.5775438547134399,0.9991092085838318,moderate,1.0,0.15234375,0.87109375,0.87109375,1.0,none,v2_c-none_d-easy_a-latent_p-moderate_s-00,easy,107.2813789844513,7.473510265350342,0.9999978060279616,0.999994113992795,transformer,0.866,1.0,-0.134,0.8521462639109698,0.7535211267605634,0.4640201926231384,1.0,-0.5359798073768616,0.40859106183052063,0.014135956764221191,0.9999933838844299,1.0,1.0,2,0.001,2.7542870157049038e-05,3.972758349846117e-06,1.8929253441947978e-14,3.647070116130635e-06,8.272485274574137e-07,0.0001909579150378704,1.0,0.8905,0.6352660059928894,0.9766124486923218,400,0.397,-1.317449927330017,0.9751967787742615,0.4435,-1.032354712486267,0.9454950094223022,0.9216253161430359,0.052734375,0.053210847079753876,105217.0,52.786728474398586,0.16273530771771572,0.9999956779344563,1.0,0.7395497917648828,0.854,0.1,0,1.0,1.0,1.0,,0.841,1.0,0.9606060606060606,0.5654761904761905,0.3640078008174896,1.0,0.8424256443977356,-0.738073468208313,0.9999951124191284,1.0,1.0,1.0,,0.9999961256980896,10000,10000,0.7945,0.8738601823708206,-0.20550000000000002,0.7550675675675675,0.756,0.1780206263065338,0.495475709438324,-0.8219793736934662,0.0202886164188385,0.024009892717003822,0.9999754428863525,0.8325,0.9766355140186916,-0.16749999999999998,0.953757225433526,0.5675675675675675,0.34506019949913025,0.9534307718276978,-0.6549398005008698,0.8150296807289124,-0.7297036051750183,0.9977646470069885,-0.01849999999999996,"[5, 6, 7, 8, 9]",0.0,64
latent,256,0.859,1.0,0.963963963963964,0.6172106824925816,0.45303961634635925,1.0,0.8558566570281982,-0.4805954396724701,0.9947177171707153,moderate,1.0,0.1591796875,0.8515625,0.8515625,1.0,none,v2_c-none_d-easy_a-latent_p-moderate_s-01,easy,107.54243564605713,8.02153205871582,0.9997374196299883,0.9993074783705056,transformer,0.884,1.0,-0.11599999999999999,0.8966613672496025,0.7647887323943662,0.5370844006538391,1.0,-0.4629155993461609,0.5867503881454468,0.06211663410067558,0.9997914433479309,1.0,1.0,2,0.001,0.0001849056570790708,3.4106792554666754e-06,1.1523697577772718e-13,7.367617217823863e-05,5.342207077774219e-05,0.000543967355042696,1.0,0.897,0.5913158059120178,0.9949668049812317,400,0.3855,-1.3829162120819092,0.9789823293685913,0.25,-1.9446492195129395,0.9809178709983826,0.8958607912063599,0.080078125,0.08259955048561096,105217.0,52.27676763113008,0.16116315810451254,0.999967412900387,1.0,0.8062875456397567,0.86,0.1,1,1.0,1.0,1.0,,0.848,1.0,0.9606060606060606,0.5863095238095238,0.39407190680503845,1.0,0.8424258828163147,-0.6485971212387085,0.9993630051612854,1.0,1.0,1.0,,0.9999967217445374,10000,10000,0.856,1.0,-0.14400000000000002,0.8226351351351351,0.756,0.42537665367126465,1.0,-0.5746233463287354,0.2950740456581116,0.02409259043633938,0.9998192191123962,0.8625,1.0,-0.13749999999999996,0.9812138728323699,0.6066066066066066,0.450676292181015,1.0,-0.549323707818985,0.9248558282852173,-0.5715429782867432,0.9997187256813049,0.0035000000000000586,"[5, 6, 7, 8, 9]",0.0,64
latent,256,0.856,1.0,0.9669669669669669,0.6053412462908012,0.4240034520626068,1.0,0.8678686022758484,-0.5786256194114685,0.999997615814209,moderate,1.0,0.15625,0.86328125,0.86328125,1.0,none,v2_c-none_d-easy_a-latent_p-moderate_s-02,easy,107.16700506210327,8.014463424682617,0.9999982261664083,0.9999947324221639,transformer,0.8725,1.0,-0.12749999999999995,0.8569157392686805,0.7676056338028169,0.4907503128051758,1.0,-0.5092496871948242,0.42767274379730225,0.07252733409404755,0.9998983144760132,1.0,1.0,2,0.001,4.8973452067002654e-05,1.9838869320665253e-06,5.908059465779955e-15,3.23377680615522e-05,4.033053073726478e-07,0.0001424849033355713,1.0,0.8725,0.49552857875823975,0.9962527751922607,400,0.564,-0.7417332530021667,0.9980679154396057,0.526,-0.8889421224594116,0.9937360286712646,0.9994657039642334,0.0,1.4441909002016473e-07,105217.0,52.080616543638385,0.16055844725190482,0.999984456506276,1.0,0.6928398034065868,0.856,0.1,2,1.0,1.0,1.0,,0.858,1.0,0.9787878787878788,0.5982142857142857,0.4365687668323517,1.0,0.9151522517204285,-0.5935460925102234,0.9989423751831055,1.0,1.0,1.0,,0.9999980330467224,10000,10000,0.7185,0.7325227963525835,-0.2815,0.7905405405405406,0.6493333333333333,-0.1178300753235817,-0.06990255415439606,-1.1178300753235817,0.1620853841304779,-0.38082507252693176,0.9984996318817139,0.71,0.7710280373831776,-0.29000000000000004,0.7947976878612717,0.5630630630630631,-0.14578558504581451,0.08411690592765808,-1.1457855850458145,0.1832684874534607,-0.7093033194541931,0.9976826310157776,-0.14600000000000002,"[5, 6, 7, 8, 9]",0.0,64
latent,256,0.97,1.0,1.0,0.9109792284866469,0.9060336351394653,1.0,1.0,0.721168041229248,0.9948532581329346,moderate,1.0,0.02734375,0.9609375,0.9609375,1.0,none,v2_c-none_d-easy_a-latent_p-moderate_s-03,easy,109.39390325546265,7.759818077087402,0.9999949687932447,0.9999904486263269,transformer,0.8405,1.0,-0.15949999999999998,1.0,0.5507042253521127,0.36386731266975403,1.0,-0.636132687330246,1.0,-0.7919230461120605,0.9987374544143677,1.0,1.0,2,0.001,0.00022340165742207319,5.7904728123503446e-08,8.398242336520232e-18,0.00021417689276859164,1.7996775341089233e-06,7.367180660367012e-05,1.0,0.829,0.3729404807090759,0.9826663732528687,400,0.3895,-1.3014936447143555,0.9594175815582275,0.393,-1.2689268589019775,0.955557644367218,0.9855678677558899,0.02734375,0.02291215769946575,105217.0,51.6023967836288,0.15908415168460907,0.9999700540146439,1.0,0.9528051741368923,0.973,0.1,3,1.0,1.0,1.0,,0.989,1.0,1.0,0.9672619047619048,0.9591555595397949,1.0,1.0,0.8784392476081848,0.9994651675224304,1.0,1.0,1.0,,0.9999998807907104,10000,10000,0.9195,1.0,-0.08050000000000002,1.0,0.7853333333333333,0.6821293830871582,1.0,-0.3178706169128418,1.0,0.15234500169754028,0.9994379878044128,0.949,1.0,-0.051000000000000045,0.9898843930635838,0.8573573573573574,0.8034116625785828,1.0,-0.19658833742141724,0.9595673680305481,0.4516558051109314,0.9963756203651428,-0.02100000000000002,"[5, 6, 7, 8, 9]",0.0,64
latent,256,0.856,1.0,0.9669669669669669,0.6053412462908012,0.43156084418296814,1.0,0.8721141219139099,-0.5603951811790466,0.9988799095153809,moderate,1.0,0.12109375,0.8515625,0.8515625,1.0,none,v2_c-none_d-easy_a-latent_p-moderate_s-04,easy,107.23399186134338,8.127177238464355,0.9999983693541291,0.9999974202318066,transformer,0.8785,1.0,-0.12150000000000005,0.8728139904610492,0.7704225352112676,0.5176219940185547,1.0,-0.4823780059814453,0.5027204751968384,0.08173640072345734,0.9976922869682312,1.0,1.0,2,0.001,9.562134073348716e-05,1.3333672086446313e-06,8.777666907124754e-15,8.31829383969307e-05,6.16664522112842e-07,0.00010488368570804596,1.0,0.863,0.4533025026321411,0.9975727796554565,400,0.814,0.2520780563354492,0.9938325881958008,0.8245,0.30092719197273254,0.9979177117347717,0.9976992011070251,0.0,0.002212315332144499,105217.0,52.53652909537685,0.16196397230609555,0.999990402923014,1.0,0.80941619055462,0.859,0.1,4,1.0,1.0,1.0,,0.84,1.0,0.9575757575757575,0.5654761904761905,0.36266523599624634,1.0,0.8303173780441284,-0.7301770448684692,0.9995093941688538,1.0,1.0,1.0,,0.9999986290931702,10000,10000,0.8815,1.0,-0.11850000000000005,0.9307432432432432,0.7386666666666667,0.5372596979141235,1.0,-0.46274030208587646,0.7229655981063843,-0.015301628038287163,0.996277391910553,0.8595,1.0,-0.14049999999999996,0.9667630057803468,0.6126126126126126,0.45145466923713684,1.0,-0.5485453307628632,0.8764989972114563,-0.5189608335494995,0.9974393844604492,0.0035000000000000586,"[5, 6, 7, 8, 9]",0.0,64
latent,256,0.905,1.0,0.9579579579579579,0.7596439169139466,0.6536693572998047,1.0,0.865732729434967,0.10498635470867157,0.9884641766548157,moderate,1.0,0.064453125,0.9140625,0.9140625,1.0,none,v2_c-none_d-easy_a-latent_p-moderate_s-05,easy,106.64570665359497,7.625977516174316,0.999999973880015,0.9999999555287298,transformer,0.9145,1.0,-0.08550000000000002,1.0,0.7591549295774648,0.7462199330329895,1.0,-0.2537800669670105,1.0,0.2851265072822571,0.9727478623390198,1.0,1.0,2,0.001,2.813275386870373e-06,6.2601500872006e-08,1.430410242665872e-18,6.283149218688777e-07,5.835357530514784e-09,2.1165236830711365e-05,1.0,0.888,0.5704740285873413,0.9944089651107788,400,0.443,-1.2035300731658936,0.980355441570282,0.3905,-1.396747350692749,0.9891861081123352,0.9873074293136597,0.021484375,0.0337652713060379,105217.0,50.46162449476791,0.15556728419103716,0.9999997755367201,1.0,0.9217968196688935,0.908,0.1,5,1.0,1.0,1.0,,0.968,1.0,0.9848484848484849,0.9196428571428571,0.8891759514808655,1.0,0.949457049369812,0.7198069095611572,0.9933263659477234,1.0,1.0,1.0,,0.9999999403953552,10000,10000,0.847,1.0,-0.15300000000000002,1.0,0.592,0.4436178505420685,1.0,-0.5563821494579315,1.0,-0.48368576169013977,0.9778270125389099,0.931,1.0,-0.06899999999999995,0.9710982658959537,0.8228228228228228,0.7591010332107544,1.0,-0.2408989667892456,0.8837846517562866,0.3973318934440613,0.9880032539367676,0.026000000000000023,"[5, 6, 7, 8, 9]",0.0,64
latent,256,0.889,1.0,0.963963963963964,0.7062314540059347,0.5581825375556946,1.0,0.8551342487335205,-0.16788464784622192,0.9984815716743469,tight,1.0,0.1064453125,0.86328125,0.86328125,1.0,none,v2_c-none_d-easy_a-latent_p-tight_s-00,easy,107.90355491638184,6.859941005706787,0.9999995687317756,0.9999991876366066,transformer,0.877,1.0,-0.123,0.8712241653418124,0.7676056338028169,0.5084838271141052,1.0,-0.4915161728858948,0.4846620261669159,0.07199332118034363,0.9997344613075256,1.0,1.0,2,0.001,8.716921001905575e-06,1.552120920678135e-07,2.8018611192204957e-18,3.2294424272549804e-06,1.0256368199179633e-07,5.229702219367027e-05,1.0,0.8565,0.4591563940048218,0.9818764925003052,400,0.196,-2.1515870094299316,0.9904486536979675,0.164,-2.2874863147735596,0.9903180003166199,0.8714330196380615,0.080078125,0.07883034646511078,28033.0,35.87813306682324,0.21428661659736864,0.9999978432811507,1.0,0.8564602585131257,0.888,0.1,0,1.0,1.0,1.0,,0.877,1.0,0.9878787878787879,0.6458333333333334,0.5080394148826599,1.0,0.9515233039855957,-0.41655731201171875,0.9999810457229614,1.0,1.0,1.0,,0.9999998807907104,10000,10000,0.939,1.0,-0.061000000000000054,0.9543918918918919,0.8733333333333333,0.7524183392524719,1.0,-0.24758166074752808,0.8307832479476929,0.4733506739139557,0.9943819046020508,0.865,1.0,-0.135,0.9653179190751445,0.6306306306306306,0.46783095598220825,1.0,-0.5321690440177917,0.8630187511444092,-0.45577627420425415,0.9988261461257935,-0.02400000000000002,"[5, 6, 7, 8, 9]",0.0,32
latent,256,0.776,0.8303030303030303,0.8678678678678678,0.6320474777448071,0.15588556230068207,0.41767632961273193,0.49954020977020264,-0.4400430917739868,0.9898725748062134,tight,nan,0.2470703125,0.7421875,0.734375,0.0,none,v2_c-none_d-easy_a-latent_p-tight_s-01,easy,89.93966817855835,6.882137775421143,0.9999990310901442,0.9999978733458574,transformer,0.897,1.0,-0.10299999999999998,1.0,0.7098591549295775,0.5954943895339966,1.0,-0.4045056104660034,1.0,-0.13945236802101135,0.9979782700538635,1.0,1.0,2,0.001,2.152652268705424e-05,1.9175188299414003e-06,2.0006018241640116e-15,4.635495770344278e-06,2.792393161143991e-07,0.00014694267883896828,1.0,0.852,0.4400922358036041,0.9856829643249512,400,0.3005,-1.729416847229004,0.9838483929634094,0.18,-2.211700916290283,0.9849711060523987,0.7230271100997925,0.236328125,0.22472618520259857,28033.0,38.59219050616915,0.23049666255614654,0.9999943562943063,1.0,0.47286673958281655,0.768,0.1,1,1.0,1.0,1.0,,0.929,1.0,0.9939393939393939,0.7946428571428571,0.728079080581665,1.0,0.9757577776908875,0.21452106535434723,0.9965025782585144,1.0,1.0,1.0,,0.9999980330467224,10000,10000,0.724,0.8677811550151976,-0.276,0.6570945945945946,0.6506666666666666,-0.1039281040430069,0.47113147377967834,-1.103928104043007,-0.3716333210468292,-0.397138386964798,0.9995662569999695,0.605,0.7024922118380063,-0.395,0.5780346820809249,0.539039039039039,-0.504730761051178,-0.032586343586444855,-1.504730761051178,-0.6872082948684692,-0.7702597379684448,0.9862616062164307,-0.17100000000000004,"[5, 6, 7, 8, 9]",0.0,32
latent,256,0.913,1.0,0.96996996996997,0.771513353115727,0.653353750705719,1.0,0.8791899085044861,0.09075227379798889,0.9970594644546509,tight,1.0,0.0888671875,0.9140625,0.9140625,1.0,none,v2_c-none_d-easy_a-latent_p-tight_s-02,easy,116.47257161140442,7.286770820617676,0.9999891955056425,0.9999790865223819,transformer,0.9055,1.0,-0.09450000000000003,0.9872813990461049,0.7450704225352113,0.6249332427978516,1.0,-0.37506675720214844,0.9491506218910217,-0.011477849446237087,0.9968774318695068,1.0,1.0,2,0.001,9.896246046992019e-05,1.5042672885101638e-07,6.754490596125231e-16,9.008046617964283e-05,1.7970274939216324e-06,6.934534758329391e-05,1.0,0.8675,0.4939611256122589,0.9945788383483887,700,0.3375,-1.6098967790603638,0.9878734350204468,0.3415,-1.6008365154266357,0.991726279258728,0.9222486615180969,0.06640625,0.0674406886100769,28033.0,37.20269662888381,0.22219773738097995,0.9999649629262204,1.0,0.8340813804964216,0.921,0.1,2,1.0,1.0,1.0,,0.95,1.0,0.9666666666666667,0.8839285714285714,0.8053290843963623,1.0,0.8667513132095337,0.5514914393424988,0.9968438744544983,1.0,1.0,1.0,,0.9999998807907104,10000,10000,0.729,0.9118541033434651,-0.271,0.6942567567567568,0.596,-0.08258096128702164,0.6479876041412354,-1.0825809612870216,-0.21504807472229004,-0.6189723610877991,0.9959499835968018,0.8885,0.9844236760124611,-0.11150000000000004,0.9277456647398844,0.7552552552552553,0.5626525282859802,0.9410868287086487,-0.4373474717140198,0.7098852396011353,0.04487492889165878,0.9935821890830994,-0.024500000000000077,"[5, 6, 7, 8, 9]",0.0,32
latent,256,0.906,1.0,0.975975975975976,0.744807121661721,0.6284556984901428,1.0,0.9038914442062378,-0.007537513505667448,0.9979547262191772,tight,1.0,0.0859375,0.8984375,0.8984375,1.0,none,v2_c-none_d-easy_a-latent_p-tight_s-03,easy,100.728919506073,7.454428195953369,0.999997047112047,0.9999951348362853,transformer,0.893,1.0,-0.10699999999999998,0.9459459459459459,0.7464788732394366,0.5773675441741943,1.0,-0.42263245582580566,0.7992140054702759,-0.012634511105716228,0.9990729689598083,1.0,1.0,2,0.001,0.00013481489440891892,2.434738064494013e-07,2.242359916561415e-17,0.00012588969548232853,9.286395084018295e-07,7.753074169158936e-05,1.0,0.7715,0.2175271213054657,0.9297088980674744,400,0.4155,-1.003209114074707,0.8766948580741882,0.4215,-1.015742301940918,0.9004389047622681,0.8340481519699097,0.1171875,0.10941721498966217,28033.0,37.504173159667666,0.22399834349515158,0.9999739615835341,1.0,0.8870947802401449,0.916,0.1,3,1.0,1.0,1.0,,0.899,1.0,0.9818181818181818,0.7172619047619048,0.6025465130805969,1.0,0.9470422863960266,-0.13088512420654297,0.9975807070732117,1.0,1.0,1.0,,0.9999997615814209,10000,10000,0.865,1.0,-0.135,1.0,0.64,0.46025168895721436,1.0,-0.5397483110427856,1.0,-0.4393288493156433,0.9999679923057556,0.8895,1.0,-0.11050000000000004,0.9783236994219653,0.6906906906906907,0.5641289353370667,1.0,-0.43587106466293335,0.9132949709892273,-0.21883243322372437,0.9981909394264221,-0.01650000000000007,"[5, 6, 7, 8, 9]",0.0,32
latent,256,0.857,1.0,0.9669669669669669,0.6083086053412463,0.4281146228313446,1.0,0.8678680658340454,-0.566425621509552,0.9999793171882629,tight,1.0,0.12109375,0.8515625,0.8515625,1.0,none,v2_c-none_d-easy_a-latent_p-tight_s-04,easy,105.35977149009705,6.550529956817627,0.9999979636484949,0.9999958725149579,transformer,0.8905,1.0,-0.10950000000000004,0.8680445151033387,0.8084507042253521,0.5728528499603271,1.0,-0.42714715003967285,0.4722962975502014,0.26426956057548523,0.9981274008750916,1.0,1.0,2,0.001,2.41113066294929e-05,1.530867166366079e-07,1.1997718772044732e-16,1.885873825813178e-05,5.120194259689015e-07,4.587462171912193e-05,1.0,0.88,0.527321457862854,0.9912676215171814,400,0.1345,-2.423196315765381,0.9936157464981079,0.173,-2.2699599266052246,0.9914113283157349,0.9884754419326782,0.005859375,0.00584039930254221,28033.0,36.86953059056154,0.22020786173766654,0.9999939513854359,1.0,0.813410449930078,0.857,0.1,4,1.0,1.0,1.0,,0.878,1.0,1.0,0.6369047619047619,0.5167253017425537,1.0,0.9999985098838806,-0.43831607699394226,0.9980212450027466,1.0,1.0,1.0,,0.9999997615814209,10000,10000,0.8405,1.0,-0.15949999999999998,0.8581081081081081,0.6866666666666666,0.36199623346328735,1.0,-0.6380037665367126,0.43244531750679016,-0.2533535361289978,0.9998478889465332,0.864,1.0,-0.136,0.976878612716763,0.6156156156156156,0.4574747681617737,1.0,-0.5425252318382263,0.9113359451293945,-0.5370795130729675,0.999160647392273,0.007000000000000006,"[5, 6, 7, 8, 9]",0.0,32
latent,256,0.849,1.0,0.9669669669669669,0.5845697329376854,0.39548900723457336,1.0,0.8678682446479797,-0.6632376909255981,0.9991633892059326,tight,1.0,0.150390625,0.84375,0.84375,1.0,none,v2_c-none_d-easy_a-latent_p-tight_s-05,easy,100.61708784103394,6.661746978759766,0.9999992660067867,0.9999987246654238,transformer,0.8575,1.0,-0.14249999999999996,0.8521462639109698,0.7295774647887324,0.4330907166004181,1.0,-0.5669092833995819,0.40858593583106995,-0.07298465073108673,0.9995849132537842,1.0,1.0,2,0.001,1.5459982023457997e-05,7.065332283673342e-07,1.0847182008388395e-16,6.426997515518451e-06,2.98032460932518e-07,8.028419688344002e-05,1.0,0.872,0.4990219175815582,0.9936137795448303,400,0.619,-0.5126225352287292,0.9944183230400085,0.4135,-1.3063900470733643,0.98091059923172,0.9235497117042542,0.044921875,0.04365929961204529,28033.0,36.198635637955135,0.2162008581062759,0.9999967388908894,1.0,0.8558879011437641,0.848,0.1,5,1.0,1.0,1.0,,0.838,1.0,0.9606060606060606,0.5565476190476191,0.3520556688308716,1.0,0.8424244523048401,-0.7736440300941467,0.9999902844429016,1.0,1.0,1.0,,0.9999994039535522,10000,10000,0.8735,1.0,-0.12649999999999995,0.8513513513513513,0.78,0.5195267796516418,1.0,-0.48047322034835815,0.47234952449798584,0.13523033261299133,0.9957188963890076,0.8365,1.0,-0.16349999999999998,0.9667630057803468,0.5435435435435435,0.3592677116394043,1.0,-0.6407322883605957,0.8670530915260315,-0.7859840989112854,0.9955117702484131,-0.012499999999999956,"[5, 6, 7, 8, 9]",0.0,32
latent,256,0.797,0.9696969696969697,0.8678678678678678,0.5578635014836796,0.20275366306304932,0.8787881731987,0.47305476665496826,-0.7263314127922058,0.9957355856895447,wide,1.0,0.2109375,0.83203125,0.83203125,1.0,none,v2_c-none_d-easy_a-latent_p-wide_s-00,easy,94.15185713768005,8.423725128173828,0.9999933079071531,0.9999807556372524,transformer,0.926,1.0,-0.07399999999999995,0.9666136724960255,0.8211267605633803,0.7084780931472778,1.0,-0.29152190685272217,0.8670389652252197,0.2966037690639496,0.9987555146217346,1.0,1.0,2,0.001,9.066458005690947e-05,2.1370070157900045e-07,1.0609125714668289e-17,8.362498920178041e-05,9.27355756630277e-07,5.898531526327133e-05,1.0,0.917,0.6809329390525818,0.9950314164161682,400,0.328,-1.5673131942749023,0.9735856652259827,0.236,-2.000474452972412,0.9811680912971497,0.7847844362258911,0.1640625,0.16446781158447266,407041.0,74.0698428320694,0.11609736017045186,0.9999980542438758,1.0,0.5611050133152944,0.799,0.1,0,1.0,1.0,1.0,,0.889,1.0,0.9939393939393939,0.6755952380952381,0.561284065246582,1.0,0.9757575988769531,-0.2818928360939026,0.9980652332305908,1.0,1.0,1.0,,0.9999997615814209,10000,10000,0.8835,1.0,-0.11650000000000005,0.8327702702702703,0.8213333333333334,0.5520755052566528,1.0,-0.44792449474334717,0.398197740316391,0.2805573046207428,0.995145857334137,0.837,1.0,-0.16300000000000003,0.958092485549133,0.5540540540540541,0.3640303611755371,1.0,-0.6359696388244629,0.8324737548828125,-0.7357524633407593,0.996626615524292,0.039999999999999925,"[5, 6, 7, 8, 9]",0.0,128
latent,256,0.926,1.0,1.0,0.7804154302670623,0.7079836130142212,1.0,0.9997274279594421,0.1337520033121109,0.9977196455001831,wide,1.0,0.07421875,0.9375,0.9375,1.0,none,v2_c-none_d-easy_a-latent_p-wide_s-01,easy,100.71072506904602,8.406949043273926,0.9999999030294298,0.9999997736820655,transformer,0.8805,1.0,-0.11950000000000005,0.8569157392686805,0.7901408450704225,0.5220711827278137,1.0,-0.4779288172721863,0.4276658594608307,0.16076146066188812,0.9999904632568359,1.0,1.0,2,0.001,3.888140327035217e-06,4.3226641821547673e-08,7.794756110845471e-16,2.2034366793377558e-06,2.586513403457502e-08,1.6156118363142014e-05,1.0,0.8695,0.5074484348297119,0.9897837042808533,400,0.41,-1.1668317317962646,0.9472929835319519,0.4165,-1.0858054161071777,0.9408320188522339,0.9898210763931274,0.013671875,0.013725439086556435,407041.0,72.261281131703,0.11326261351662187,0.9999997970695258,1.0,0.8601431237665645,0.928,0.1,1,1.0,1.0,1.0,,0.879,1.0,0.9848484848484849,0.6547619047619048,0.5237935781478882,1.0,0.9393942356109619,-0.35775765776634216,0.9975771307945251,1.0,1.0,1.0,,1.0,10000,10000,0.864,1.0,-0.136,0.8581081081081081,0.7493333333333333,0.45600053668022156,1.0,-0.5439994633197784,0.4324336647987366,-0.002666184678673744,0.9999996423721313,0.919,1.0,-0.08099999999999996,0.9913294797687862,0.7657657657657657,0.6796634793281555,1.0,-0.3203365206718445,0.96533203125,0.07404982298612595,0.9991098046302795,-0.007000000000000006,"[5, 6, 7, 8, 9]",0.0,128
latent,256,0.856,1.0,0.9669669669669669,0.6053412462908012,0.4243980646133423,1.0,0.868772029876709,-0.5783470273017883,0.9999355673789978,wide,1.0,0.15625,0.86328125,0.86328125,1.0,none,v2_c-none_d-easy_a-latent_p-wide_s-02,easy,129.42433953285217,8.259391784667969,0.999997075054215,0.9999935514035174,transformer,0.875,1.0,-0.125,0.8569157392686805,0.7746478873239436,0.5001733899116516,1.0,-0.4998266100883484,0.4278613030910492,0.09890421479940414,0.9998553395271301,1.0,1.0,2,0.001,8.979230187833309e-05,9.263864058084437e-07,5.416571562750962e-15,7.493793236790225e-05,1.759882934493362e-06,0.00012168101966381073,1.0,0.944,0.829448401927948,0.971198558807373,400,0.331,-1.4942158460617065,0.9592590928077698,0.268,-1.8009769916534424,0.9638662934303284,0.994770348072052,0.0,8.705105574335903e-05,407041.0,75.55711742905798,0.11842852016697594,0.9999976932680485,1.0,0.8072638955196086,0.856,0.1,2,1.0,1.0,1.0,,0.863,1.0,0.9848484848484849,0.6071428571428571,0.45648497343063354,1.0,0.9394006133079529,-0.5580868721008301,0.9986519813537598,1.0,1.0,1.0,,0.9999991655349731,10000,10000,0.864,1.0,-0.136,0.8581081081081081,0.7493333333333333,0.4560084342956543,1.0,-0.5439915657043457,0.432437539100647,-0.002648188266903162,0.9999734163284302,0.856,1.0,-0.14400000000000002,0.9667630057803468,0.6021021021021021,0.42407482862472534,1.0,-0.5759251713752747,0.86711585521698,-0.5914332866668701,0.9999817609786987,0.0,"[5, 6, 7, 8, 9]",0.0,128
latent,256,0.849,1.0,0.9669669669669669,0.5845697329376854,0.4006344676017761,1.0,0.8794118762016296,-0.6593759655952454,0.9993724226951599,wide,1.0,0.13671875,0.8203125,0.8203125,1.0,none,v2_c-none_d-easy_a-latent_p-wide_s-03,easy,87.49322819709778,8.192131042480469,0.9999986207796085,0.9999957261630039,transformer,0.865,1.0,-0.135,0.8521462639109698,0.7507042253521127,0.46000367403030396,1.0,-0.539996325969696,0.4085920453071594,0.0028210156597197056,0.999998152256012,1.0,1.0,2,0.001,1.708838317426853e-05,3.5010634746868163e-07,7.173041339099103e-16,1.3034023140789941e-05,5.217381158217904e-07,3.182515501976013e-05,1.0,0.87,0.4863913357257843,0.9981963038444519,400,0.7925,0.17431871592998505,0.9936532378196716,0.7385,-0.03320404514670372,0.989518404006958,0.9924885034561157,0.0,0.0006159057375043631,407041.0,73.64681281536815,0.11543430127449571,0.9999992920144434,1.0,0.7506486994700333,0.849,0.1,3,1.0,1.0,1.0,,0.863,1.0,0.9818181818181818,0.6101190476190477,0.4520023763179779,1.0,0.9272733926773071,-0.5595174431800842,0.9999990463256836,1.0,1.0,1.0,,0.9999996423721313,10000,10000,0.864,1.0,-0.136,0.8699324324324325,0.74,0.45477285981178284,1.0,-0.5452271401882172,0.47114357352256775,-0.03649505600333214,0.9934555888175964,0.8595,1.0,-0.14049999999999996,0.9812138728323699,0.5975975975975976,0.44658520817756653,1.0,-0.5534147918224335,0.9275112152099609,-0.5865874290466309,0.9967122673988342,0.010500000000000065,"[5, 6, 7, 8, 9]",0.0,128
latent,256,0.828,0.9606060606060606,0.954954954954955,0.5727002967359051,0.3235129714012146,0.8772159218788147,0.8198789358139038,-0.709163248538971,0.9982967972755432,wide,1.0,0.1953125,0.82421875,0.82421875,1.0,none,v2_c-none_d-easy_a-latent_p-wide_s-04,easy,112.5041651725769,8.472290992736816,0.9997410845713983,0.9992727195305665,transformer,0.866,1.0,-0.134,0.8521462639109698,0.7535211267605634,0.4640028178691864,1.0,-0.5359971821308136,0.40858927369117737,0.014088660478591919,0.9999971389770508,1.0,1.0,2,0.001,6.061262683942914e-05,2.3274549221241614e-06,3.9027395410447946e-14,1.042479561874643e-05,2.2285421437118202e-05,0.00025574956089258194,1.0,0.825,0.5204510688781738,0.7935978770256042,200,0.3675,-0.6418798565864563,0.801315188407898,0.23,-1.2348506450653076,0.8243046998977661,0.9468156099319458,0.060546875,0.056929439306259155,407041.0,74.36282963169631,0.11655658882142379,0.9999929767970173,1.0,0.5914877019564686,0.828,0.1,4,1.0,1.0,1.0,,0.84,1.0,0.9606060606060606,0.5625,0.36000490188598633,1.0,0.8424256443977356,-0.7499867677688599,0.9999969005584717,1.0,1.0,1.0,,0.9999976754188538,10000,10000,0.856,1.0,-0.14400000000000002,0.8226351351351351,0.756,0.424005925655365,1.0,-0.575994074344635,0.2905476689338684,0.024010220542550087,0.9999942779541016,0.8395,1.0,-0.16049999999999998,0.9667630057803468,0.5525525525525525,0.35801026225090027,1.0,-0.6419897377490997,0.8670529723167419,-0.7897601127624512,0.9999825358390808,0.011500000000000066,"[5, 6, 7, 8, 9]",0.0,128
latent,256,0.879,1.0,0.975975975975976,0.6646884272997032,0.5650045275688171,1.0,0.9039039015769958,-0.195832297205925,0.987482488155365,wide,0.9943820224719101,0.1875,0.87890625,0.8828125,1.0,none,v2_c-none_d-easy_a-latent_p-wide_s-05,easy,99.93518376350403,8.614877700805664,0.9999996568340376,0.999999211169043,transformer,0.8735,1.0,-0.12649999999999995,0.863275039745628,0.7647887323943662,0.5243244767189026,1.0,-0.4756755232810974,0.48947033286094666,0.11235503107309341,0.990842878818512,1.0,1.0,2,0.001,9.009492714540102e-06,8.704661524916446e-08,5.900158540971314e-18,6.458612915594131e-06,2.4537598619644996e-07,2.2184569388628006e-05,1.0,0.928,0.7660762667655945,0.978493332862854,400,0.247,-1.8011465072631836,0.955697238445282,0.245,-1.811359167098999,0.952695369720459,0.9924924969673157,0.005859375,0.006899128668010235,407041.0,73.26021277838602,0.11482834287065269,0.9999995250339956,1.0,0.8205980617312396,0.879,0.1,5,1.0,1.0,1.0,,0.86,1.0,0.9727272727272728,0.6101190476190477,0.514568030834198,1.0,0.931152880191803,-0.3771201968193054,0.980103611946106,1.0,1.0,1.0,,0.9999999403953552,10000,10000,0.854,1.0,-0.14600000000000002,0.8226351351351351,0.7506666666666667,0.5736580491065979,1.0,-0.4263419508934021,0.447324275970459,0.29933348298072815,0.9423288106918335,0.8865,1.0,-0.11350000000000005,0.9812138728323699,0.6786786786786787,0.6008651256561279,1.0,-0.39913487434387207,0.9336731433868408,-0.12968705594539642,0.9827088713645935,0.007499999999999951,"[5, 6, 7, 8, 9]",0.0,128
concrete,256,0.273,0.3768996960486322,0.19469026548672566,0.25,-1.9070959091186523,-1.492400884628296,-2.220416784286499,-1.9981167316436768,0.9998850226402283,moderate,nan,0.73046875,0.234375,0.234375,0.0,none,v2_c-none_d-hard_a-concrete_p-moderate_s-00,hard,86.9043653011322,28.57391357421875,0.011326807564578933,-0.16091150747956073,transformer,0.7715,0.9154078549848943,-0.22850000000000004,0.9584664536741214,0.47331460674157305,0.09084182977676392,0.6616314649581909,-0.9091581702232361,0.8444652557373047,-1.1024601459503174,0.9989030957221985,1.0,1.0,2,0.001,2.6654324969399568e-08,2.6654324969399568e-08,0.0,0.0,0.0,0.0,1.0,0.749,0.05418997257947922,0.9829303026199341,700,0.2785,-1.8726359605789185,0.9954378008842468,0.201,-2.1658504009246826,0.9951096177101135,0.48289966583251953,0.248046875,0.24858024716377258,105217.0,71.70286400038489,0.22105154031289112,0.8824557396176107,1.0,-0.46370837190732983,0.244,0.1,0,1.0,,,1.0,0.946,0.9513677811550152,0.8855421686746988,1.0,0.7890906929969788,0.8054713010787964,0.557502031326294,1.0,0.9992102980613708,1.0,,,1.0,1.0,10000,10000,0.2445,0.1337386018237082,-0.7555000000000001,0.0,0.5418918918918919,-2.021996021270752,-2.465045213699341,-3.021996021270752,-2.9999871253967285,-0.8324320912361145,0.999999463558197,0.16,0.010736196319018405,-0.84,0.2230320699708455,0.24169184290030213,-2.3574764728546143,-2.9499964714050293,-3.3574764728546143,-2.1077728271484375,-2.032663106918335,0.9994201064109802,-0.11300000000000002,"[1, 2, 3]",0.0,64
concrete,256,0.489,0.42857142857142855,0.40412979351032446,0.6355421686746988,-1.043174386024475,-1.2945115566253662,-1.377888560295105,-0.4523369073867798,0.9961423277854919,moderate,nan,0.4951171875,0.46484375,0.46484375,0.0,none,v2_c-none_d-hard_a-concrete_p-moderate_s-01,hard,80.01363372802734,29.418704986572266,0.03788894908323096,-0.18327603227723305,transformer,0.748,1.0,-0.252,0.939297124600639,0.3455056179775281,-0.005285022314637899,1.0,-1.005285022314638,0.7575069069862366,-1.6106312274932861,0.999591052532196,1.0,1.0,2,0.001,3.288956662572673e-08,3.288956662572673e-08,0.0,0.0,0.0,0.0,1.0,0.7495,0.015609095804393291,0.9960631132125854,700,0.637,-0.4391055405139923,0.9955309629440308,0.6225,-0.49162063002586365,0.9885587096214294,0.3696984350681305,0.32421875,0.33150580525398254,105217.0,72.65624278907899,0.2239906955709201,0.8885821472504913,1.0,-0.31021646907580913,0.455,0.1,1,1.0,,,1.0,0.963,0.9696048632218845,0.9186746987951807,1.0,0.8521552085876465,0.8788750767707825,0.6747148633003235,1.0,0.9999805092811584,1.0,,,1.0,1.0,10000,10000,0.637,0.7249240121580547,-0.363,0.8355481727574751,0.3972972972972973,-0.45162272453308105,-0.10030339658260345,-1.451622724533081,0.34219488501548767,-1.4097933769226074,0.9999398589134216,0.624,0.651840490797546,-0.376,0.5874635568513119,0.6344410876132931,-0.5057337284088135,-0.3926377594470978,-1.5057337284088135,-0.6535857915878296,-0.4639090597629547,0.995181679725647,0.135,"[1, 2, 3]",0.0,64
concrete,256,0.741,0.5623100303951368,0.8348082595870207,0.822289156626506,-0.0026774920988827944,-0.6484953165054321,0.33667105436325073,0.29080113768577576,0.9939298033714294,moderate,nan,0.228515625,0.74609375,0.74609375,0.0,none,v2_c-none_d-hard_a-concrete_p-moderate_s-02,hard,78.25915908813477,28.799501419067383,0.11191212560075046,-0.11684714694294668,transformer,0.742,0.9879154078549849,-0.258,0.9408945686900958,0.33848314606741575,-0.03191070631146431,0.9516616463661194,-1.0319107063114643,0.7635786533355713,-1.6458169221878052,0.9999883770942688,1.0,1.0,2,0.001,4.0758123986961436e-08,4.0758123986961436e-08,0.0,0.0,0.0,0.0,1.0,0.7365,-0.044026199728250504,0.9979286789894104,700,0.6095,-0.4939192235469818,0.981999933719635,0.7275,-0.053788281977176666,0.9886904358863831,0.463273823261261,0.22265625,0.23406895995140076,105217.0,71.80230017452102,0.22135809040349133,0.8924764888642298,1.0,0.1856366968703409,0.773,0.1,2,1.0,,,1.0,0.915,0.8054711246200608,0.9367469879518072,1.0,0.661132276058197,0.22528444230556488,0.7470293045043945,1.0,0.999591052532196,1.0,,,1.0,0.9999999403953552,10000,10000,0.6385,0.8130699088145896,-0.36150000000000004,0.7857142857142857,0.3635135135135135,-0.44624975323677063,0.2521306574344635,-1.4462497532367706,0.14285734295845032,-1.546488642692566,0.9990432262420654,0.7155,0.4938650306748466,-0.2845,0.8104956268221575,0.8353474320241692,-0.12162458896636963,-0.9767873287200928,-1.1216245889663696,0.24339719116687775,0.3423651456832886,0.9968535900115967,-0.025499999999999967,"[1, 2, 3]",0.0,64
concrete,256,0.682,0.60790273556231,0.6548672566371682,0.7831325301204819,-0.26880303025245667,-0.5682064890861511,-0.37524864077568054,0.13658493757247925,0.9993470311164856,moderate,nan,0.296875,0.734375,0.73046875,0.0,none,v2_c-none_d-hard_a-concrete_p-moderate_s-03,hard,83.73190355300903,29.185983657836914,0.12245656838902269,-0.08025964691585491,transformer,0.817,1.0,-0.18300000000000005,1.0,0.4859550561797753,0.2680342495441437,1.0,-0.7319657504558563,1.0,-1.0560835599899292,0.9999946355819702,1.0,1.0,2,0.001,3.3480048955425445e-08,3.3480048955425445e-08,0.0,0.0,0.0,0.0,1.0,0.814,0.26288294792175293,0.9945260286331177,700,0.5905,-0.5953986644744873,0.9848330020904541,0.6045,-0.5098562240600586,0.9777496457099915,0.023702334612607956,0.533203125,0.5327368378639221,105217.0,72.82786645525417,0.22451979125337382,0.8977822412521113,1.0,0.09856128658970187,0.702,0.1,3,1.0,,,1.0,0.988,0.9787234042553191,0.9849397590361446,1.0,0.9520000219345093,0.914893627166748,0.9397590160369873,1.0,1.0,1.0,,,1.0,1.0,10000,10000,0.7465,0.8814589665653495,-0.25349999999999995,0.8073089700996677,0.577027027027027,-0.00026702022296376526,0.4954313635826111,-1.0002670202229638,0.30802375078201294,-0.691835343837738,0.9878801107406616,0.8455,0.906441717791411,-0.15449999999999997,0.8323615160349854,0.7990936555891238,0.3870124816894531,0.6222581267356873,-0.6129875183105469,0.34739434719085693,0.1963748037815094,0.9976447224617004,0.16349999999999998,"[1, 2, 3]",0.0,64
concrete,256,0.429,0.1580547112462006,0.584070796460177,0.5391566265060241,-1.273732304573059,-2.344409227371216,-0.6585243940353394,-0.8409090042114258,0.9966874122619629,moderate,nan,0.609375,0.50390625,0.5078125,0.0,none,v2_c-none_d-hard_a-concrete_p-moderate_s-04,hard,91.11063718795776,29.530305862426758,0.08248762696190036,-0.12721673834419342,transformer,0.746,0.904833836858006,-0.254,0.9760383386581469,0.3960674157303371,-0.016107697039842606,0.6155937314033508,-1.0161076970398426,0.9041568636894226,-1.4125570058822632,0.9977763891220093,1.0,1.0,2,0.001,6.744915026501985e-08,6.744915026501985e-08,0.0,0.0,0.0,0.0,1.0,0.7385,-0.019399050623178482,0.9933696985244751,700,0.4415,-1.1549745798110962,0.9812597036361694,0.446,-1.213098168373108,0.9875109791755676,0.16344203054904938,0.4296875,0.43602800369262695,105217.0,72.47573408006824,0.2234342083409748,0.8876484040858004,1.0,-0.3013538229376498,0.444,0.1,4,1.0,,,1.0,0.928,0.878419452887538,0.9036144578313253,1.0,0.7148720026016235,0.5224132537841797,0.6144517660140991,1.0,0.999563455581665,1.0,,,1.0,0.9999999403953552,10000,10000,0.456,0.5699088145896657,-0.544,0.33222591362126247,0.4554054054054054,-1.1607108116149902,-0.7203704118728638,-2.1607108116149902,-1.6710888147354126,-1.1370573043823242,0.9965881109237671,0.45,0.2684049079754601,-0.55,0.5830903790087464,0.4909365558912387,-1.195941686630249,-1.9263795614242554,-2.195941686630249,-0.6676368117332458,-1.0239956378936768,0.9988954067230225,0.02100000000000002,"[1, 2, 3]",0.0,64
concrete,256,0.119,0.16109422492401215,0.05014749262536873,0.14759036144578314,-2.521232843399048,-2.3556220531463623,-2.791067123413086,-2.4098241329193115,0.9993815422058105,moderate,nan,0.8505859375,0.08984375,0.08984375,0.0,none,v2_c-none_d-hard_a-concrete_p-moderate_s-05,hard,88.5987617969513,28.907886505126953,0.02654376718072239,-0.18257278703211316,transformer,0.7515,0.9410876132930514,-0.24850000000000005,0.9456869009584664,0.4044943820224719,0.020284386351704597,0.8037034869194031,-0.9797156136482954,0.7832226157188416,-1.378904938697815,0.9978857636451721,1.0,1.0,2,0.001,5.633764033063926e-08,5.633764033063926e-08,0.0,0.0,0.0,0.0,1.0,0.756,0.03849763423204422,0.9946474432945251,1000,0.3175,-1.7057441473007202,0.9945782423019409,0.2415,-2.007209062576294,0.9845438599586487,0.6062407493591309,0.21875,0.2180967926979065,105217.0,71.033066343725,0.21898663250527775,0.8953087295142614,1.0,-0.6306187783600743,0.116,0.1,5,1.0,,,1.0,0.92,0.9361702127659575,0.822289156626506,1.0,0.6803239583969116,0.7455795407295227,0.2892419993877411,1.0,0.9997287392616272,1.0,,,1.0,0.9999998807907104,10000,10000,0.2955,0.2689969604863222,-0.7045,0.1611295681063123,0.4283783783783784,-1.8010303974151611,-1.9109447002410889,-2.801030397415161,-2.3550353050231934,-1.2526051998138428,0.9973683953285217,0.2155,0.17791411042944785,-0.7845,0.3119533527696793,0.15256797583081572,-2.1375112533569336,-2.2887723445892334,-3.1375112533569336,-1.7521694898605347,-2.3878471851348877,0.9992071390151978,0.0965,"[1, 2, 3]",0.0,64
concrete,256,0.533,0.3860182370820669,0.5870206489675516,0.6234939759036144,-0.8550896048545837,-1.4490211009979248,-0.651423990726471,-0.4744848310947418,0.9967871308326721,tight,nan,0.4873046875,0.51171875,0.49609375,0.0,none,v2_c-none_d-hard_a-concrete_p-tight_s-00,hard,88.96287035942078,19.950439453125,0.06530756021148769,-0.4534857994286021,transformer,0.6705,0.851963746223565,-0.3295,0.805111821086262,0.38342696629213485,-0.3180457055568695,0.40785539150238037,-1.3180457055568695,0.2204563021659851,-1.4664289951324463,0.9997707605361938,1.0,1.0,2,0.001,1.4724568586643727e-07,1.4724568586643727e-07,0.0,0.0,0.0,0.0,1.0,0.6835,-0.19693566858768463,0.9763647317886353,1000,0.482,-0.9498735070228577,0.975460410118103,0.537,-0.655518651008606,0.952281653881073,0.493760883808136,0.26953125,0.271799772977829,28033.0,51.84796640477157,0.3096684344650678,0.8716359292488824,1.0,-0.07482333811307096,0.513,0.1,0,1.0,,,1.0,0.863,0.7720364741641338,0.8132530120481928,1.0,0.4525562524795532,0.08985811471939087,0.2529906928539276,1.0,0.9997679591178894,1.0,,,1.0,0.9999997615814209,10000,10000,0.5255,0.5683890577507599,-0.47450000000000003,0.7043189368770764,0.3418918918918919,-0.8962625861167908,-0.729863703250885,-1.8962625861167908,-0.182673841714859,-1.6247366666793823,0.9975447654724121,0.6015,0.7239263803680982,-0.39849999999999997,0.48833819241982507,0.5981873111782477,-0.5898764729499817,-0.10429355502128601,-1.5898764729499817,-1.0418190956115723,-0.5997970104217529,0.9994025826454163,0.0685,"[1, 2, 3]",0.0,32
concrete,256,0.174,0.16109422492401215,0.2182890855457227,0.14156626506024098,-2.2954680919647217,-2.355621337890625,-2.1200785636901855,-2.414945363998413,0.9961551427841187,tight,nan,0.8701171875,0.17578125,0.18359375,0.0,none,v2_c-none_d-hard_a-concrete_p-tight_s-01,hard,76.6556339263916,20.184659957885742,0.022783236807269965,-0.21845375745622447,transformer,0.739,0.947129909365559,-0.261,0.9920127795527156,0.32303370786516855,-0.044597797095775604,0.7885263562202454,-1.0445977970957756,0.9680519104003906,-1.7095513343811035,0.9994322657585144,1.0,1.0,2,0.001,1.4596116670873016e-07,1.4596116670873016e-07,0.0,0.0,0.0,0.0,1.0,0.7375,-0.033706702291965485,0.9950858354568481,700,0.2455,-1.8878177404403687,0.9729974269866943,0.196,-2.153373956680298,0.9853035807609558,0.3945619463920593,0.328125,0.325643926858902,28033.0,52.38818301140877,0.3128949454056006,0.8733941434884283,1.0,-0.5568872647145704,0.19,0.1,1,1.0,,,1.0,0.934,0.851063829787234,0.9487951807228916,1.0,0.7406966686248779,0.41798025369644165,0.795726478099823,1.0,0.9990917444229126,1.0,,,1.0,0.9999998807907104,10000,10000,0.2495,0.135258358662614,-0.7505,0.054817275747508304,0.5094594594594595,-1.9864288568496704,-2.4589643478393555,-2.9864288568496704,-2.7290213108062744,-0.962145984172821,0.99775630235672,0.159,0.08128834355828221,-0.841,0.18658892128279883,0.20694864048338368,-2.3380420207977295,-2.6052305698394775,-3.3380420207977295,-2.252492904663086,-2.1635396480560303,0.9961971044540405,-0.014999999999999986,"[1, 2, 3]",0.0,32
concrete,256,0.507,0.5592705167173252,0.41002949852507375,0.5542168674698795,-0.9634447693824768,-0.7509667277336121,-1.3546603918075562,-0.7745388150215149,0.9966769218444824,tight,nan,0.51953125,0.46484375,0.4609375,0.0,none,v2_c-none_d-hard_a-concrete_p-tight_s-02,hard,71.4384503364563,19.702621459960938,0.08363636863753911,-0.3130603069214913,transformer,0.703,0.877643504531722,-0.29700000000000004,0.7603833865814696,0.4901685393258427,-0.1860557347536087,0.5115085244178772,-1.1860557347536087,0.0442860908806324,-1.0371534824371338,0.9997039437294006,1.0,1.0,2,0.001,1.258889597011148e-07,1.258889597011148e-07,0.0,0.0,0.0,0.0,1.0,0.7065,-0.16847369074821472,0.9982152581214905,2000,0.5425,-0.8256712555885315,0.9986904263496399,0.6345,-0.4625914692878723,0.9957027435302734,-0.09276634454727173,0.5703125,0.5759667158126831,28033.0,51.578682530216454,0.30806010299823333,0.8517892814768528,1.0,0.037087579816875715,0.541,0.1,2,1.0,,,1.0,0.892,0.8085106382978723,0.8644578313253012,1.0,0.5676259994506836,0.23414765298366547,0.4566006064414978,1.0,0.9996693134307861,1.0,,,1.0,0.9999998807907104,10000,10000,0.5405,0.6413373860182371,-0.4595,0.5232558139534884,0.4648648648648649,-0.8272405862808228,-0.43489766120910645,-1.8272405862808228,-0.8801597952842712,-1.1330572366714478,0.9979944825172424,0.6355,0.6257668711656442,-0.36450000000000005,0.6807580174927114,0.5981873111782477,-0.4583718180656433,-0.49693042039871216,-1.4583718180656433,-0.27756568789482117,-0.6077568531036377,0.9992741942405701,0.12849999999999995,"[1, 2, 3]",0.0,32
concrete,256,0.26,0.16717325227963525,0.3775811209439528,0.2319277108433735,-1.9521335363388062,-2.3090786933898926,-1.489182949066162,-2.071125030517578,0.9985840916633606,tight,nan,0.73046875,0.25,0.25,0.0,none,v2_c-none_d-hard_a-concrete_p-tight_s-03,hard,56.97771501541138,19.6292667388916,0.059915364435476674,-0.29755534228053243,transformer,0.782,0.9410876132930514,-0.21799999999999997,0.9600638977635783,0.47752808988764045,0.12803521752357483,0.7643505334854126,-0.8719647824764252,0.840255618095398,-1.0897889137268066,0.9998970627784729,1.0,1.0,2,0.001,1.2876051869170624e-07,1.2876051869170624e-07,0.0,0.0,0.0,0.0,1.0,0.773,0.12529610097408295,0.9872778058052063,1000,0.2945,-1.77294921875,0.9853230118751526,0.1285,-2.347309112548828,0.9717115759849548,0.4614688754081726,0.265625,0.26606684923171997,28033.0,52.32391837094754,0.31251111683944766,0.8755429805965271,1.0,-0.47406335997148275,0.22,0.1,3,1.0,,,1.0,0.946,1.0,0.8373493975903614,1.0,0.7825043797492981,1.0,0.3448927402496338,1.0,0.9988533854484558,1.0,,,1.0,0.9999998807907104,10000,10000,0.2975,0.182370820668693,-0.7025,0.06976744186046512,0.5851351351351352,-1.801223874092102,-2.251295566558838,-2.801223874092102,-2.72092866897583,-0.6528329253196716,0.9984111785888672,0.1005,0.07668711656441718,-0.8995,0.09912536443148688,0.12537764350453173,-2.5982749462127686,-2.692763328552246,-3.5982749462127686,-2.6002860069274902,-2.5031301975250244,0.9984596967697144,-0.1595,"[1, 2, 3]",0.0,32
concrete,256,0.307,0.2796352583586626,0.336283185840708,0.3042168674698795,-1.7453958988189697,-1.8815975189208984,-1.6523854732513428,-1.7053961753845215,0.9951903820037842,tight,nan,0.630859375,0.3046875,0.3046875,0.0,none,v2_c-none_d-hard_a-concrete_p-tight_s-04,hard,76.02081203460693,19.29902458190918,0.059696500311624975,-0.33166574735631715,transformer,0.7565,0.9410876132930514,-0.24350000000000005,0.9904153354632588,0.3792134831460674,0.025495147332549095,0.7643434405326843,-0.9745048526674509,0.9616613388061523,-1.4845577478408813,0.9994966983795166,1.0,1.0,2,0.001,1.13272136559317e-07,1.13272136559317e-07,0.0,0.0,0.0,0.0,1.0,0.75,0.031623777002096176,0.9897176027297974,700,0.275,-1.8611655235290527,0.9930455088615417,0.1335,-2.445178270339966,0.9959228038787842,0.06479725986719131,0.525390625,0.5265599489212036,28033.0,51.11242109030306,0.3052752984984348,0.8642209526195797,1.0,-0.4942353514067519,0.294,0.1,4,1.0,,,1.0,0.977,0.9665653495440729,0.963855421686747,1.0,0.908000111579895,0.8662611842155457,0.8554222583770752,1.0,0.9999901056289673,1.0,,,1.0,0.9999998807907104,10000,10000,0.328,0.2553191489361702,-0.6719999999999999,0.22425249169435216,0.47702702702702704,-1.6870520114898682,-1.9787219762802124,-2.687052011489868,-2.102734327316284,-1.0895392894744873,0.9987070560455322,0.1505,0.13803680981595093,-0.8495,0.10349854227405247,0.21148036253776434,-2.39801025390625,-2.4478511810302734,-3.39801025390625,-2.5860507488250732,-2.154064655303955,0.9999343156814575,-0.1565,"[1, 2, 3]",0.0,32
concrete,256,0.473,0.364741641337386,0.49557522123893805,0.5572289156626506,-1.1004594564437866,-1.5409786701202393,-1.0170068740844727,-0.7491331100463867,0.9969412684440613,tight,nan,0.5029296875,0.453125,0.4296875,0.0,none,v2_c-none_d-hard_a-concrete_p-tight_s-05,hard,79.02088212966919,19.61444664001465,0.034736956773424546,-0.4405174332298322,transformer,0.7755,0.9682779456193353,-0.22450000000000003,0.9376996805111821,0.45365168539325845,0.10318926721811295,0.87311190366745,-0.896810732781887,0.7507992386817932,-1.1820530891418457,0.9989325404167175,1.0,1.0,2,0.001,1.1857490989086727e-07,1.1857490989086727e-07,0.0,0.0,0.0,0.0,1.0,0.7805,0.12655405700206757,0.9964653253555298,1000,0.47,-1.0394489765167236,0.982795000076294,0.5025,-0.8948404788970947,0.9780278205871582,0.27399444580078125,0.39453125,0.39799532294273376,28033.0,49.8603084953582,0.2977969001361244,0.8547196113159802,1.0,-0.12192983250383294,0.463,0.1,5,1.0,,,1.0,0.917,0.8541033434650456,0.8945783132530121,1.0,0.668711245059967,0.41645410656929016,0.5804151892662048,1.0,0.9993113875389099,1.0,,,1.0,0.9999998807907104,10000,10000,0.4855,0.5243161094224924,-0.5145,0.5365448504983389,0.40945945945945944,-1.0633749961853027,-0.9362643361091614,-2.0633749961853027,-0.8437758684158325,-1.355047345161438,0.9920087456703186,0.523,0.3128834355828221,-0.477,0.5539358600583091,0.6978851963746223,-0.878643810749054,-1.7265552282333374,-1.878643810749054,-0.7455183863639832,-0.18149243295192719,0.9924299120903015,0.050000000000000044,"[1, 2, 3]",0.0,32
concrete,256,0.859,0.9544072948328267,0.7964601769911505,0.8283132530120482,0.4400843381881714,0.8152353763580322,0.1863676905632019,0.32738932967185974,0.9979721307754517,wide,1.0,0.10546875,0.87109375,0.87109375,1.0,none,v2_c-none_d-hard_a-concrete_p-wide_s-00,hard,67.2789421081543,37.45094680786133,0.08162497741584043,-0.17439679163176028,transformer,0.816,0.9697885196374623,-0.18400000000000005,1.0,0.5112359550561798,0.2688567340373993,0.8791549205780029,-0.7311432659626007,1.0,-0.9414144158363342,0.9991649389266968,1.0,1.0,2,0.001,2.178396840690766e-08,2.178396840690766e-08,0.0,0.0,0.0,0.0,1.0,0.7835,0.1971018761396408,0.9618182182312012,400,0.6935,-0.04533432424068451,0.8693674802780151,0.7025,-0.07659350335597992,0.8859104514122009,0.5745362639427185,0.224609375,0.22335052490234375,407041.0,102.34059791821313,0.16040905181218995,0.9205648477125975,0.999,0.29923289898202876,0.815,0.1,0,1.0,,,1.0,0.99,0.9908814589665653,0.9789156626506024,1.0,0.9669394493103027,0.9677949547767639,0.9323340654373169,1.0,0.9989686012268066,1.0,,,1.0,1.0,10000,10000,0.6815,0.8708206686930091,-0.3185,0.7209302325581395,0.4810810810810811,-0.27306464314460754,0.4841741919517517,-1.2730646431446075,-0.1162785142660141,-1.0739407539367676,0.999872088432312,0.749,0.549079754601227,-0.251,0.8702623906705539,0.8202416918429003,0.0331064872443676,-0.779664933681488,-0.9668935127556324,0.5273421406745911,0.32144680619239807,0.9924735426902771,-0.10999999999999999,"[1, 2, 3]",0.0,128
concrete,256,0.419,0.2066869300911854,0.471976401179941,0.5753012048192772,-1.3205913305282593,-2.1669869422912598,-1.110032558441162,-0.6968415975570679,0.9992502331733704,wide,nan,0.65234375,0.41015625,0.44140625,0.0,none,v2_c-none_d-hard_a-concrete_p-wide_s-01,hard,76.32128071784973,37.16157913208008,0.07417220946738647,-0.058121547234774334,transformer,0.775,0.8927492447129909,-0.22499999999999998,0.9600638977635783,0.5028089887640449,0.1080736368894577,0.5714888572692871,-0.8919263631105423,0.8517624735832214,-0.9766597151756287,0.9980708956718445,1.0,1.0,2,0.001,3.547539151327328e-08,3.547539151327328e-08,0.0,0.0,0.0,0.0,1.0,0.7765,0.15947777032852173,0.9826279282569885,700,0.5475,-0.7042383551597595,0.9596582651138306,0.6485,-0.21241486072540283,0.9393635392189026,0.353131502866745,0.3125,0.3133695423603058,407041.0,102.95546625829371,0.16137279884345587,0.9206524013267017,1.0,-0.4026929317666814,0.413,0.1,1,1.0,,,1.0,0.954,0.9209726443768997,0.9397590361445783,1.0,0.8243050575256348,0.7085262537002563,0.759638249874115,1.0,0.9980224370956421,1.0,,,1.0,1.0,10000,10000,0.54,0.5288753799392097,-0.45999999999999996,0.729235880398671,0.39594594594594595,-0.8336673974990845,-0.8816292881965637,-1.8336673974990845,-0.08181893080472946,-1.4026591777801514,0.9988983869552612,0.68,0.6334355828220859,-0.31999999999999995,0.717201166180758,0.6873111782477341,-0.27577516436576843,-0.46643877029418945,-1.2757751643657684,-0.1266636848449707,-0.24250908195972443,0.9951302409172058,0.26100000000000007,"[1, 2, 3]",0.0,128
concrete,256,0.49,0.48936170212765956,0.4749262536873156,0.5060240963855421,-1.0403820276260376,-1.0425355434417725,-1.102575659751892,-0.9747430086135864,0.9980751872062683,wide,nan,0.55859375,0.45703125,0.52734375,0.0,none,v2_c-none_d-hard_a-concrete_p-wide_s-02,hard,81.71300649642944,36.979679107666016,0.08708158887029412,-0.10891449267077885,transformer,0.7365,0.8066465256797583,-0.26349999999999996,0.9297124600638977,0.5014044943820225,-0.039037737995386124,0.25210192799568176,-1.0390377379953861,0.7312770485877991,-0.9870033860206604,0.9960424900054932,1.0,1.0,2,0.001,2.646526020555484e-08,2.646526020555484e-08,0.0,0.0,0.0,0.0,1.0,0.7415,0.024055881425738335,0.9859312772750854,700,0.3725,-1.4079792499542236,0.9696576595306396,0.545,-0.756375253200531,0.962348461151123,0.07542870193719864,0.4609375,0.4569605588912964,407041.0,101.95481300197072,0.1598043710317694,0.9232327877493769,1.0,-0.09991343920394713,0.503,0.1,2,1.0,,,1.0,0.85,0.7051671732522796,0.8403614457831325,1.0,0.3999911844730377,-0.17933116853237152,0.36141911149024963,1.0,0.9998857378959656,1.0,,,1.0,1.0,10000,10000,0.355,0.43617021276595747,-0.645,0.3272425249169435,0.3054054054054054,-1.5377910137176514,-1.1410338878631592,-2.5377910137176514,-1.6681206226348877,-1.7845580577850342,0.980623185634613,0.442,0.4539877300613497,-0.558,0.3717201166180758,0.5030211480362538,-1.229788064956665,-1.1840486526489258,-2.229788064956665,-1.5129506587982178,-0.9814080595970154,0.9993090629577637,-0.04799999999999999,"[1, 2, 3]",0.0,128
concrete,256,0.857,0.8054711246200608,0.8849557522123894,0.8795180722891566,0.4447554349899292,0.22188450396060944,0.5715590119361877,0.5361353158950806,0.9974073767662048,wide,1.0,0.171875,0.83203125,0.83203125,1.0,none,v2_c-none_d-hard_a-concrete_p-wide_s-03,hard,67.72864103317261,37.681724548339844,0.08656517786457148,-0.07463409754096978,transformer,0.777,0.8731117824773413,-0.22299999999999998,0.9169329073482428,0.5646067415730337,0.1113051176071167,0.49244722723960876,-0.8886948823928833,0.663716197013855,-0.7287586331367493,0.9965936541557312,1.0,1.0,2,0.001,2.7096065835507943e-08,2.7096065835507943e-08,0.0,0.0,0.0,0.0,1.0,0.7745,0.11534565687179565,0.9946200847625732,700,0.738,-0.04178348556160927,0.9968681931495667,0.7705,0.09535763412714005,0.9934504628181458,0.5629051923751831,0.216796875,0.21524688601493835,407041.0,102.2581764687989,0.16027986411133158,0.9279900874177868,1.0,0.3320465323359282,0.851,0.1,3,1.0,,,1.0,0.898,0.7507598784194529,0.9397590361445783,1.0,0.5919811725616455,0.003039705101400614,0.7589792609214783,1.0,0.9999157190322876,1.0,,,1.0,1.0,10000,10000,0.722,0.817629179331307,-0.278,0.9451827242524917,0.4554054054054054,-0.1121692806482315,0.270531564950943,-1.1121692806482315,0.7795848846435547,-1.1779167652130127,0.9991216063499451,0.7605,0.647239263803681,-0.23950000000000005,0.8309037900874635,0.7990936555891238,0.04197904095053673,-0.4110843241214752,-0.9580209590494633,0.3235832750797272,0.19638507068157196,0.9996685981750488,-0.09650000000000003,"[1, 2, 3]",0.0,128
concrete,256,0.687,0.6382978723404256,0.6843657817109144,0.7379518072289156,-0.25214171409606934,-0.44678619503974915,-0.2629767060279846,-0.048192668706178665,0.9996275901794434,wide,nan,0.328125,0.6875,0.6875,0.0,none,v2_c-none_d-hard_a-concrete_p-wide_s-04,hard,65.04662370681763,37.70660400390625,0.06828491202158098,-0.03245507989221678,transformer,0.7245,0.8323262839879154,-0.27549999999999997,0.9568690095846646,0.4199438202247191,-0.09882893413305283,0.33382827043533325,-1.0988289341330528,0.8274139165878296,-1.315468192100525,0.9994416832923889,1.0,1.0,2,0.001,2.407536214832362e-08,2.407536214832362e-08,0.0,0.0,0.0,0.0,1.0,0.71,-0.1518048197031021,0.9980666637420654,700,0.7485,-0.005359790753573179,0.9993321299552917,0.7995,0.20451609790325165,0.9967561960220337,-0.07439780980348587,0.55078125,0.5507956743240356,407041.0,102.18041180258705,0.16015797547060365,0.9171476496546177,1.0,0.031571763639845374,0.678,0.1,4,1.0,,,1.0,0.936,0.8996960486322189,0.9066265060240963,1.0,0.7447670102119446,0.5987842082977295,0.6288162469863892,1.0,0.999842643737793,1.0,,,1.0,1.0,10000,10000,0.7485,0.958966565349544,-0.25149999999999995,1.0,0.3567567567567568,-0.0066075860522687435,0.8358662724494934,-1.0066075860522687,1.0,-1.5746150016784668,0.9993312954902649,0.797,0.7668711656441718,-0.20299999999999996,0.8381924198250729,0.783987915407855,0.18892504274845123,0.06748568266630173,-0.8110749572515488,0.35276976227760315,0.1387452483177185,0.9998802542686462,0.10999999999999999,"[1, 2, 3]",0.0,128
concrete,256,0.336,0.17933130699088146,0.41297935103244837,0.4126506024096386,-1.6438844203948975,-2.2631988525390625,-1.3312444686889648,-1.3493977785110474,0.995752215385437,wide,nan,0.68359375,0.35546875,0.35546875,0.0,none,v2_c-none_d-hard_a-concrete_p-wide_s-05,hard,93.37512731552124,38.062896728515625,0.028377642105316906,-0.10575214588217759,transformer,0.7825,0.974320241691843,-0.21750000000000003,0.9568690095846646,0.4508426966292135,0.1496807485818863,0.8972813487052917,-0.8503192514181137,0.8274762630462646,-1.1413466930389404,0.9965291619300842,1.0,1.0,2,0.001,2.4655093966430286e-08,2.4655093966430286e-08,0.0,0.0,0.0,0.0,1.0,0.7745,0.12808172404766083,0.9898977279663086,700,0.257,-1.9227697849273682,0.9875838160514832,0.1295,-2.455078125,0.9953337907791138,0.3014274835586548,0.37890625,0.38127097487449646,407041.0,100.74958898019898,0.1579152982054783,0.9132843241897503,1.0,-0.49471417496868075,0.298,0.1,5,1.0,,,1.0,0.964,0.9696048632218845,0.9216867469879518,1.0,0.8562377095222473,0.8784226179122925,0.6874598860740662,1.0,0.9997044205665588,1.0,,,1.0,1.0,10000,10000,0.2445,0.03951367781155015,-0.7555000000000001,0.023255813953488372,0.6067567567567568,-2.019711971282959,-2.8419394493103027,-3.019711971282959,-2.9009037017822266,-0.5717345476150513,0.999707043170929,0.136,0.12883435582822086,-0.864,0.1151603498542274,0.1646525679758308,-2.453491687774658,-2.48466157913208,-3.453491687774658,-2.5388622283935547,-2.3343265056610107,0.9995999932289124,-0.2,"[1, 2, 3]",0.0,128
invariant,256,0.207,0.1884498480243161,0.23008849557522124,0.20180722891566266,-2.1475703716278076,-2.1722960472106934,-2.0793092250823975,-2.192767381668091,0.9954136610031128,moderate,nan,0.791015625,0.16015625,0.1640625,0.0,none,v2_c-none_d-hard_a-invariant_p-moderate_s-00,hard,101.64453649520874,28.540729522705078,0.00815930995733419,-0.1823959979155333,transformer,0.773,0.9305135951661632,-0.22699999999999998,0.987220447284345,0.43820224719101125,0.10376390069723129,0.7087081670761108,-0.8962360993027687,0.9695489406585693,-1.2199082374572754,0.9953538179397583,1.0,1.0,2,0.001,3.976427365159907e-08,3.976427365159907e-08,4.832466430291225e-16,0.0,0.0,0.0,1.0,0.731,-0.03867987543344498,0.9912811517715454,700,0.256,-1.9637343883514404,0.9971781373023987,0.122,-2.4820218086242676,0.9883792996406555,0.4351177513599396,0.27734375,0.2872577905654907,105217.0,71.6496361772474,0.2208874451619362,0.8977858762783105,1.0,-0.6745205012772344,0.174,0.1,0,1.0,,,1.0,0.935,0.8996960486322189,0.9036144578313253,1.0,0.7400071024894714,0.5987870693206787,0.6144762635231018,1.0,0.9999905824661255,1.0,,,1.0,0.9999999403953552,10000,10000,0.2365,0.1337386018237082,-0.7635000000000001,0.0,0.5202702702702703,-2.053023338317871,-2.465021848678589,-3.053023338317871,-2.9999992847442627,-0.9163005352020264,0.9997354745864868,0.1745,0.09202453987730061,-0.8255,0.22886297376093295,0.19939577039274925,-2.2936489582061768,-2.620687961578369,-3.2936489582061768,-2.069363594055176,-2.2039663791656494,0.9897953867912292,-0.0325,"[1, 2, 3]",0.0,64
invariant,256,0.868,1.0,0.8082595870206489,0.7981927710843374,0.4811674952507019,1.0,0.23855912685394287,0.21474677324295044,0.9979315400123596,moderate,1.0,0.12890625,0.890625,0.890625,1.0,none,v2_c-none_d-hard_a-invariant_p-moderate_s-01,hard,85.73382544517517,29.35993003845215,0.03304883636107303,-0.1866012580570046,transformer,0.748,0.9365558912386707,-0.252,0.8642172523961661,0.4705056179775281,-0.005149219650775194,0.7462230324745178,-1.0051492196507752,0.45687204599380493,-1.1099717617034912,0.9988468885421753,1.0,1.0,2,0.001,3.313974517027418e-08,3.31397416175605e-08,4.624936264312988e-15,0.0,0.0,0.0,1.0,0.7435,-0.01752525009214878,0.9939219355583191,700,0.766,0.09960360825061798,0.9871355295181274,0.8935,0.585096538066864,0.9923950433731079,0.7894728779792786,0.10546875,0.10327628254890442,105217.0,72.59194769619641,0.22379248132223714,0.8868403310291506,1.0,0.4371387183383644,0.842,0.1,1,1.0,,,1.0,0.924,0.8966565349544073,0.8734939759036144,1.0,0.6951716542243958,0.5866267085075378,0.49148035049438477,1.0,0.9994900226593018,1.0,,,1.0,1.0,10000,10000,0.7835,1.0,-0.21650000000000003,1.0,0.41486486486486485,0.13404974341392517,0.9999985098838806,-0.8659502565860748,1.0,-1.340404748916626,0.9999527335166931,0.8945,1.0,-0.10550000000000004,0.8440233236151603,0.8429003021148036,0.5803437232971191,1.0,-0.41965627670288086,0.3829294443130493,0.37159815430641174,0.9983458518981934,0.026499999999999968,"[1, 2, 3]",0.0,64
invariant,256,0.609,0.5045592705167173,0.6106194690265486,0.7108433734939759,-0.5562986135482788,-0.9817623496055603,-0.5574470162391663,-0.13350652158260345,0.9988807439804077,moderate,nan,0.4140625,0.578125,0.59375,0.0,none,v2_c-none_d-hard_a-invariant_p-moderate_s-02,hard,88.27764511108398,28.842945098876953,0.11659469501300085,-0.11644770515420823,transformer,0.738,0.972809667673716,-0.262,0.9313099041533547,0.3497191011235955,-0.04674345999956131,0.8912386894226074,-1.0467434599995613,0.7292200922966003,-1.6010937690734863,0.9998337030410767,1.0,1.0,2,0.001,5.572601935455168e-08,5.572601935455168e-08,2.3563649264336784e-16,0.0,0.0,0.0,1.0,0.747,-0.005171024240553379,0.997360348701477,700,0.624,-0.4509207606315613,0.9813511967658997,0.679,-0.24456429481506348,0.9827380180358887,0.17811629176139832,0.421875,0.42069292068481445,105217.0,71.90351163589818,0.22167011349694293,0.8990744923332326,1.0,-0.06874966531844695,0.606,0.1,2,1.0,,,1.0,0.911,0.8358662613981763,0.8945783132530121,1.0,0.645521879196167,0.34346532821655273,0.5828967690467834,1.0,0.9997857809066772,1.0,,,1.0,0.9999999403953552,10000,10000,0.6365,0.729483282674772,-0.36350000000000005,0.8322259136212624,0.3945945945945946,-0.4489454925060272,-0.06507553160190582,-1.4489454925060272,0.3288990259170532,-1.4230653047561646,0.9964600801467896,0.6325,0.6104294478527608,-0.36750000000000005,0.6180758017492711,0.6691842900302115,-0.46157628297805786,-0.5294193029403687,-1.4615762829780579,-0.5436484813690186,-0.30971047282218933,0.9899263978004456,0.023499999999999965,"[1, 2, 3]",0.0,64
invariant,256,0.924,0.8875379939209727,0.9557522123893806,0.927710843373494,0.7109754681587219,0.5956699848175049,0.8230087757110596,0.7108434438705444,0.9975037574768066,moderate,0.9903846153846154,0.1015625,0.90625,0.9140625,1.0,none,v2_c-none_d-hard_a-invariant_p-moderate_s-03,hard,88.81717276573181,29.234392166137695,0.12624764781836975,-0.06835481845390244,transformer,0.7865,1.0,-0.21350000000000002,1.0,0.4002808988764045,0.1460646092891693,1.0,-0.8539353907108307,1.0,-1.3986948728561401,0.99997478723526,1.0,1.0,2,0.001,2.5871795372722772e-08,2.5871793596365933e-08,1.805057703785015e-15,0.0,0.0,0.0,1.0,0.784,0.152509406208992,0.9912543892860413,700,0.7825,0.16682647168636322,0.9826505184173584,0.9175,0.7144057750701904,0.9794853329658508,0.6561501026153564,0.173828125,0.16823196411132812,105217.0,72.79361735570701,0.2244142052866935,0.8961688941407125,1.0,0.40330892473143765,0.918,0.1,3,1.0,,,1.0,0.994,1.0,0.9819277108433735,1.0,0.9760000109672546,1.0,0.9277108311653137,1.0,1.0,1.0,,,1.0,1.0,10000,10000,0.7615,0.9726443768996961,-0.23850000000000005,0.9335548172757475,0.4337837837837838,0.0482100173830986,0.8904200196266174,-0.9517899826169014,0.7342849969863892,-1.258805274963379,0.9994206428527832,0.9305,0.9601226993865031,-0.0695,0.902332361516035,0.9305135951661632,0.7388628125190735,0.8925307393074036,-0.2611371874809265,0.6119729280471802,0.7190061211585999,0.9964136481285095,0.00649999999999995,"[1, 2, 3]",0.0,64
invariant,256,0.542,0.3525835866261398,0.7109144542772862,0.5572289156626506,-0.8252351880073547,-1.5860182046890259,-0.14725998044013977,-0.7635964155197144,0.9962006211280823,moderate,nan,0.51953125,0.5703125,0.62890625,0.0,none,v2_c-none_d-hard_a-invariant_p-moderate_s-04,hard,57.94488525390625,29.503297805786133,0.1066466828835557,-0.11718903061198202,transformer,0.784,0.8806646525679759,-0.21599999999999997,0.9664536741214057,0.5337078651685393,0.1372157335281372,0.5226606130599976,-0.8627842664718628,0.8658146858215332,-0.8617555499076843,0.9995319843292236,1.0,1.0,2,0.001,6.963949061855601e-08,6.963949061855601e-08,4.628198611709338e-16,0.0,0.0,0.0,1.0,0.775,0.11692140996456146,0.9928176999092102,700,0.5785,-0.6467348337173462,0.9871134161949158,0.7705,0.1263066828250885,0.9688358306884766,0.49221959710121155,0.275390625,0.2699544429779053,105217.0,72.39468565664538,0.22318434553441444,0.8921918063572651,1.0,0.12051518181889753,0.696,0.1,4,1.0,,,1.0,0.933,0.8723404255319149,0.9246987951807228,1.0,0.7388209700584412,0.5062652230262756,0.7025896310806274,1.0,0.9990020990371704,1.0,,,1.0,0.9999999403953552,10000,10000,0.572,0.7355623100303952,-0.42800000000000005,0.5930232558139535,0.40945945945945944,-0.7195490002632141,-0.057750120759010315,-1.7195490002632141,-0.6450391411781311,-1.3686282634735107,0.9945616722106934,0.796,0.9156441717791411,-0.20399999999999996,0.7944606413994169,0.6797583081570997,0.18606965243816376,0.6609982252120972,-0.8139303475618362,0.17775461077690125,-0.27306827902793884,0.9980971813201904,0.254,"[1, 2, 3]",0.0,64
invariant,256,0.175,0.22492401215805471,0.18289085545722714,0.11746987951807229,-2.290079116821289,-2.1003029346466064,-2.247366189956665,-2.5217537879943848,0.9966310262680054,moderate,nan,0.8154296875,0.16015625,0.1640625,0.0,none,v2_c-none_d-hard_a-invariant_p-moderate_s-05,hard,92.81072402000427,29.120838165283203,0.049354147594442434,-0.15745683466642063,transformer,0.811,0.9290030211480362,-0.18899999999999995,0.9824281150159745,0.550561797752809,0.24903176724910736,0.7160077691078186,-0.7509682327508926,0.9297124743461609,-0.7836146950721741,0.9975190758705139,1.0,1.0,2,0.001,5.259641255861425e-08,5.259641255861425e-08,1.3693387676406012e-15,0.0,0.0,0.0,1.0,0.813,0.25760921835899353,0.9939252734184265,1000,0.3025,-1.7519829273223877,0.9887414574623108,0.1955,-2.1874520778656006,0.9889121055603027,0.31296443939208984,0.341796875,0.34573134779930115,105217.0,71.0965398570256,0.21918231392023624,0.897085656025234,1.0,-0.6349211291171437,0.18,0.1,5,1.0,,,1.0,0.954,0.9544072948328267,0.9066265060240963,1.0,0.81682288646698,0.817629337310791,0.6289844512939453,1.0,0.9998903274536133,1.0,,,1.0,0.9999999403953552,10000,10000,0.295,0.22644376899696048,-0.7050000000000001,0.17940199335548174,0.45,-1.803924322128296,-2.0864694118499756,-2.803924322128296,-2.282374143600464,-1.163462519645691,0.9975762367248535,0.1855,0.049079754601226995,-0.8145,0.24198250728862974,0.26132930513595165,-2.2544424533843994,-2.8036794662475586,-3.2544424533843994,-2.0319838523864746,-1.9440250396728516,0.9983554482460022,0.01050000000000001,"[1, 2, 3]",0.0,64
invariant,256,0.427,0.331306990881459,0.4277286135693215,0.5210843373493976,-1.2776952981948853,-1.6421242952346802,-1.2880277633666992,-0.9060089588165283,0.9974544644355774,tight,nan,0.609375,0.3984375,0.38671875,0.0,none,v2_c-none_d-hard_a-invariant_p-tight_s-00,hard,82.64326882362366,19.899188995361328,0.07700101348089966,-0.4540612652903837,transformer,0.7405,0.9214501510574018,-0.25949999999999995,0.9265175718849841,0.40870786516853935,-0.02737444080412388,0.6858068108558655,-1.0273744408041239,0.7070176601409912,-1.3361601829528809,0.9980130195617676,1.0,1.0,2,0.001,1.6816331083191471e-07,1.6816331083191471e-07,5.6271837639869024e-15,0.0,0.0,0.0,1.0,0.746,0.007541988510638475,0.9917773604393005,2000,0.523,-0.8790642619132996,0.9947656989097595,0.4745,-1.0763190984725952,0.9917952418327332,0.3661586046218872,0.3046875,0.3041571378707886,28033.0,51.76367513729437,0.3091649943757312,0.8895430135105713,1.0,-0.15590632409662475,0.429,0.1,0,1.0,,,1.0,0.936,0.8905775075987842,0.9156626506024096,1.0,0.7467342019081116,0.5623582601547241,0.6708383560180664,1.0,0.998926043510437,1.0,,,1.0,0.9999997615814209,10000,10000,0.528,0.5835866261398176,-0.472,0.627906976744186,0.3972972972972973,-0.8849228024482727,-0.6656485795974731,-1.8849228024482727,-0.47946056723594666,-1.4097481966018677,0.9993062019348145,0.465,0.48619631901840493,-0.5349999999999999,0.36151603498542273,0.5513595166163142,-1.1335418224334717,-1.0550904273986816,-2.1335418224334717,-1.5387331247329712,-0.7909272313117981,0.9985032677650452,0.038000000000000034,"[1, 2, 3]",0.0,32
invariant,256,0.205,0.22492401215805471,0.2831858407079646,0.10542168674698796,-2.174811601638794,-2.1003024578094482,-1.8531209230422974,-2.577120065689087,0.999268114566803,tight,nan,0.8115234375,0.18359375,0.18359375,0.0,none,v2_c-none_d-hard_a-invariant_p-tight_s-01,hard,96.79608130455017,20.08948516845703,0.024833861210683417,-0.20790843056992298,transformer,0.728,1.0,-0.272,0.9984025559105432,0.23735955056179775,-0.08065997064113617,1.0,-1.0806599706411362,0.9956727623939514,-2.031757116317749,0.9989860653877258,1.0,1.0,2,0.001,1.4132623959994817e-07,1.4132623959994817e-07,2.9596076566058838e-15,0.0,0.0,0.0,1.0,0.7505,0.03094787895679474,0.9863628149032593,700,0.238,-1.9321672916412354,0.9792090058326721,0.1685,-2.2666029930114746,0.9743420481681824,0.32524046301841736,0.373046875,0.37206941843032837,28033.0,52.37373358560195,0.3128086444110045,0.8675576640930698,1.0,-0.5344485555146521,0.206,0.1,1,1.0,,,1.0,0.94,0.9574468085106383,0.8614457831325302,1.0,0.759946882724762,0.8297873139381409,0.44562309980392456,1.0,0.9993234872817993,1.0,,,1.0,0.9999998807907104,10000,10000,0.2,0.0,-0.8,0.0,0.5405405405405406,-2.200350284576416,-2.999995708465576,-3.200350284576416,-2.999997854232788,-0.8387901782989502,0.9988842606544495,0.092,0.06901840490797546,-0.908,0.09329446064139942,0.11329305135951662,-2.6179447174072266,-2.6893937587738037,-3.6179447174072266,-2.624795913696289,-2.540475606918335,0.9976877570152283,-0.11299999999999999,"[1, 2, 3]",0.0,32
invariant,256,0.508,0.5015197568389058,0.5014749262536873,0.5210843373493976,-0.978289783000946,-1.0241756439208984,-0.9948675632476807,-0.915891170501709,0.9942553639411926,tight,nan,0.48046875,0.48046875,0.4609375,0.0,none,v2_c-none_d-hard_a-invariant_p-tight_s-02,hard,67.21941113471985,19.82291603088379,0.13232006449568182,-0.2807146412665643,transformer,0.712,0.8927492447129909,-0.28800000000000003,0.8274760383386581,0.44241573033707865,-0.1507369726896286,0.5709972977638245,-1.1507369726896286,0.3065509796142578,-1.2238414287567139,0.9975419640541077,1.0,1.0,2,0.001,1.428073801434948e-07,1.428073801434948e-07,3.2012174520630685e-15,0.0,0.0,0.0,1.0,0.701,-0.16957013309001923,0.9958010315895081,2000,0.5545,-0.7426917552947998,0.9922370314598083,0.5905,-0.5802164077758789,0.9878554940223694,0.06823097169399261,0.4921875,0.47743645310401917,28033.0,51.667784225812184,0.30859227396841,0.8714734321630273,1.0,-0.15312870184050853,0.509,0.1,2,1.0,,,1.0,0.874,0.8206686930091185,0.7981927710843374,1.0,0.4988004267215729,0.2825327217578888,0.20134682953357697,1.0,0.9991267919540405,1.0,,,1.0,0.9999998807907104,10000,10000,0.5545,0.5425531914893617,-0.4455,0.5631229235880398,0.5581081081081081,-0.7820129990577698,-0.8277324438095093,-1.7820129990577698,-0.7475070953369141,-0.7694308161735535,0.9988072514533997,0.6005,0.5674846625766872,-0.39949999999999997,0.6137026239067055,0.6193353474320241,-0.587254524230957,-0.7300606966018677,-1.587254524230957,-0.535641074180603,-0.5000901818275452,0.9982960820198059,0.09250000000000003,"[1, 2, 3]",0.0,32
invariant,256,0.341,0.2826747720364742,0.415929203539823,0.32228915662650603,-1.634129524230957,-1.869674563407898,-1.3341139554977417,-1.7070536613464355,0.9972521066665649,tight,nan,0.68359375,0.31640625,0.31640625,0.0,none,v2_c-none_d-hard_a-invariant_p-tight_s-03,hard,72.20361375808716,19.653610229492188,0.09403762033409796,-0.23233464048928976,transformer,0.796,1.0,-0.20399999999999996,1.0,0.42696629213483145,0.1839972585439682,1.0,-0.8160027414560318,0.9999998211860657,-1.292142391204834,0.9999234676361084,1.0,1.0,2,0.001,1.3079119298708974e-07,1.3079119298708974e-07,1.836097226137149e-15,0.0,0.0,0.0,1.0,0.7585,0.14188864827156067,0.957252562046051,1000,0.2775,-1.5773476362228394,0.922694206237793,0.1965,-1.972780466079712,0.9316877722740173,0.29705846309661865,0.341796875,0.3477545976638794,28033.0,52.250536459985945,0.31207283424012394,0.8739555698862825,1.0,-0.3254347182445445,0.344,0.1,3,1.0,,,1.0,0.977,1.0,0.9307228915662651,1.0,0.909694492816925,1.0,0.7279954552650452,1.0,0.9996870756149292,1.0,,,1.0,0.9999998807907104,10000,10000,0.3215,0.3465045592705167,-0.6785,0.12624584717607973,0.4581081081081081,-1.7140898704528809,-1.613978385925293,-2.714089870452881,-2.4950053691864014,-1.1678221225738525,0.9995083212852478,0.239,0.1165644171779141,-0.761,0.20262390670553937,0.3972809667673716,-2.046870470046997,-2.5439884662628174,-3.046870470046997,-2.18833065032959,-1.4106725454330444,0.9977250695228577,-0.10200000000000004,"[1, 2, 3]",0.0,32
invariant,256,0.247,0.10638297872340426,0.3392330383480826,0.2921686746987952,-2.011901617050171,-2.574385643005371,-1.6430515050888062,-1.8311272859573364,0.9999833703041077,tight,nan,0.720703125,0.25,0.25,0.0,none,v2_c-none_d-hard_a-invariant_p-tight_s-04,hard,48.8248085975647,19.22355079650879,0.06399805302452982,-0.3154520896637999,transformer,0.7795,0.9622356495468278,-0.22050000000000003,0.9696485623003195,0.44241573033707865,0.12978103756904602,0.876253068447113,-0.870218962430954,0.8785942196846008,-1.2226369380950928,0.9978377819061279,1.0,1.0,2,0.001,1.1330516258567513e-07,1.1330516258567513e-07,6.634634375297563e-16,0.0,0.0,0.0,1.0,0.772,0.12801037728786469,0.980393648147583,700,0.359,-1.490174651145935,0.9755072593688965,0.115,-2.4572596549987793,0.9858624339103699,0.3266906142234802,0.365234375,0.36525198817253113,28033.0,51.12557704080652,0.30535387405074293,0.8613303379558155,1.0,-0.48045487194924963,0.251,0.1,4,1.0,,,1.0,0.982,0.9756838905775076,0.9698795180722891,1.0,0.9279964566230774,0.9027631282806396,0.8794800043106079,1.0,0.9998921751976013,1.0,,,1.0,0.9999998807907104,10000,10000,0.3755,0.17477203647416414,-0.6245,0.3239202657807309,0.595945945945946,-1.4955592155456543,-2.300910472869873,-2.4955592155456543,-1.704317331314087,-0.6096222996711731,0.9972811937332153,0.122,0.006134969325153374,-0.878,0.1588921282798834,0.19788519637462235,-2.511627435684204,-2.9754581451416016,-3.511627435684204,-2.364436149597168,-2.2073302268981934,0.999894917011261,-0.125,"[1, 2, 3]",0.0,32
invariant,256,0.584,0.6443768996960486,0.5014749262536873,0.608433734939759,-0.6606928706169128,-0.4224913716316223,-0.9893191456794739,-0.5611867308616638,0.9991626143455505,tight,nan,0.3837890625,0.56640625,0.5625,0.0,none,v2_c-none_d-hard_a-invariant_p-tight_s-05,hard,81.00653553009033,19.646881103515625,0.049478509320865546,-0.4348172758810485,transformer,0.7705,0.9637462235649547,-0.22950000000000004,0.9728434504792333,0.41292134831460675,0.0858028456568718,0.8549890518188477,-0.9141971543431282,0.8913738131523132,-1.3376364707946777,0.9993693828582764,1.0,1.0,2,0.001,9.54611252268478e-08,9.54611252268478e-08,2.4554201885987077e-15,0.0,0.0,0.0,1.0,0.7835,0.14224456250667572,0.9911834597587585,1000,0.492,-0.9476292729377747,0.9763662219047546,0.554,-0.6897239089012146,0.9839929938316345,-0.17407897114753723,0.603515625,0.6044738292694092,28033.0,49.902736848592326,0.29805030875817856,0.868224130174559,1.0,-0.026992439319914796,0.576,0.1,5,1.0,,,1.0,0.972,0.9665653495440729,0.9487951807228916,1.0,0.8886723518371582,0.8662616014480591,0.797205924987793,1.0,0.9997170567512512,1.0,,,1.0,0.9999998807907104,10000,10000,0.5015,0.39969604863221886,-0.49850000000000005,0.6229235880398671,0.49324324324324326,-0.9684821963310242,-1.4000481367111206,-1.9684821963310242,-0.4251144826412201,-1.0267753601074219,0.9957894086837769,0.5935,0.4125766871165644,-0.4065,0.607871720116618,0.756797583081571,-0.6246218681335449,-1.3466469049453735,-1.624621868133545,-0.5679677724838257,0.02778838388621807,0.9992460608482361,0.009500000000000064,"[1, 2, 3]",0.0,32
invariant,256,0.556,0.601823708206687,0.5486725663716814,0.5180722891566265,-0.7632818222045898,-0.5926951169967651,-0.7796853184700012,-0.9155775308609009,0.9972663521766663,wide,nan,0.4140625,0.515625,0.40625,0.0,none,v2_c-none_d-hard_a-invariant_p-wide_s-00,hard,94.4863109588623,37.47598648071289,0.08172164434601892,-0.18044013103302867,transformer,0.7805,1.0,-0.21950000000000003,1.0,0.38342696629213485,0.12395066767930984,1.0,-0.8760493323206902,1.0,-1.4608126878738403,0.9997461438179016,1.0,1.0,2,0.001,2.1399454652737404e-08,2.1399454652737404e-08,4.827426584255062e-16,0.0,0.0,0.0,1.0,0.782,0.13655392825603485,0.9972366094589233,700,0.4995,-0.926270604133606,0.9795546531677246,0.6095,-0.5349435210227966,0.9916834831237793,0.07560372352600098,0.4921875,0.49394598603248596,407041.0,102.19724482608325,0.16018435961719926,0.9282603277091075,1.0,-0.10949217835117064,0.559,0.1,0,1.0,,,1.0,0.997,1.0,0.9909638554216867,1.0,0.9879999756813049,1.0,0.9638554453849792,1.0,0.999999463558197,1.0,,,1.0,1.0,10000,10000,0.4595,0.48024316109422494,-0.5405,0.5348837209302325,0.37972972972972974,-1.1392916440963745,-1.0137887001037598,-2.1392916440963745,-0.860298752784729,-1.4778519868850708,0.997006356716156,0.586,0.3619631901840491,-0.41400000000000003,0.7303206997084548,0.6570996978851964,-0.6444921493530273,-1.5508882999420166,-1.6444921493530273,-0.07637328654527664,-0.34050291776657104,0.9951434135437012,0.029999999999999916,"[1, 2, 3]",0.0,128
invariant,256,0.898,0.8753799392097265,0.9498525073746312,0.8674698795180723,0.5931627154350281,0.5016053915023804,0.7993079423904419,0.47340115904808044,0.9996585845947266,wide,1.0,0.1015625,0.87109375,0.87109375,1.0,none,v2_c-none_d-hard_a-invariant_p-wide_s-01,hard,81.2301766872406,37.064979553222656,0.0813922256163421,-0.012331018746056237,transformer,0.8135,0.9516616314199395,-0.1865,0.9808306709265175,0.5379213483146067,0.26006069779396057,0.8290483355522156,-0.7399393022060394,0.9233226776123047,-0.8521188497543335,0.9971939921379089,1.0,1.0,2,0.001,4.4174100821692264e-08,4.4174100821692264e-08,2.065999252788046e-16,0.0,0.0,0.0,1.0,0.7865,0.1912080943584442,0.9857326745986938,700,0.7455,0.04439837113022804,0.962488055229187,0.8015,0.31540897488594055,0.9565650224685669,0.6239280700683594,0.1875,0.18800383806228638,407041.0,103.18586385965627,0.16173392494127198,0.9334849576907116,1.0,0.3842261052279956,0.902,0.1,1,1.0,,,1.0,0.951,1.0,0.8524096385542169,1.0,0.8021446466445923,0.9941480159759521,0.40984928607940674,1.0,0.9984170794487,1.0,,,1.0,0.9999999403953552,10000,10000,0.7985,0.8693009118541033,-0.2015,0.9451827242524917,0.6162162162162163,0.1946149468421936,0.47720372676849365,-0.8053850531578064,0.7807309031486511,-0.5334733128547668,0.999922513961792,0.934,1.0,-0.06599999999999995,0.934402332361516,0.8685800604229608,0.7363533973693848,1.0,-0.26364660263061523,0.7375971674919128,0.47540047764778137,0.9994413256645203,0.03600000000000003,"[1, 2, 3]",0.0,128
invariant,256,0.552,0.45288753799392095,0.5899705014749262,0.6114457831325302,-0.7895655632019043,-1.185945749282837,-0.6399832963943481,-0.5495032072067261,0.9993277788162231,wide,nan,0.48046875,0.52734375,0.4609375,0.0,none,v2_c-none_d-hard_a-invariant_p-wide_s-02,hard,92.38816046714783,37.07245635986328,0.10091878851848692,-0.10219892669099573,transformer,0.758,0.9637462235649547,-0.242,0.8801916932907349,0.4592696629213483,0.04608462378382683,0.8549848794937134,-0.9539153762161732,0.5429472923278809,-1.1428593397140503,0.9971880912780762,1.0,1.0,2,0.001,2.3772265933530434e-08,2.3772264157173595e-08,1.4852955664164651e-15,0.0,0.0,0.0,1.0,0.745,-0.001987831201404333,0.9889675378799438,700,0.539,-0.7341735363006592,0.9723488688468933,0.536,-0.7963139414787292,0.9726378917694092,0.18929801881313324,0.419921875,0.420114129781723,407041.0,102.113086712544,0.16005244986222675,0.9261360148051164,1.0,-0.05180075123067107,0.559,0.1,2,1.0,,,1.0,0.932,0.8693009118541033,0.9246987951807228,1.0,0.7306198477745056,0.4772043824195862,0.7066856026649475,1.0,0.9994521141052246,1.0,,,1.0,1.0,10000,10000,0.5355,0.5045592705167173,-0.4645,0.7059800664451827,0.4243243243243243,-0.8581480979919434,-0.9817625284194946,-1.8581480979919434,-0.1760796159505844,-1.3031032085418701,0.9994552135467529,0.5225,0.4110429447852761,-0.47750000000000004,0.5816326530612245,0.5709969788519638,-0.9083322286605835,-1.3585515022277832,-1.9083322286605835,-0.6733164191246033,-0.7084500193595886,0.9975551962852478,-0.02950000000000008,"[1, 2, 3]",0.0,128
invariant,256,0.79,0.5653495440729484,0.9085545722713865,0.891566265060241,0.15999895334243774,-0.738601803779602,0.6342202425003052,0.5662599205970764,0.9999681115150452,wide,1.0,0.1953125,0.7890625,0.7890625,1.0,none,v2_c-none_d-hard_a-invariant_p-wide_s-03,hard,73.85247230529785,37.7448844909668,0.09069730209706613,-0.049484976921310625,transformer,0.7885,0.9108761329305136,-0.21150000000000002,0.9233226837060703,0.5561797752808989,0.15886595845222473,0.6434510350227356,-0.8411340415477753,0.7026575803756714,-0.769798219203949,0.9974186420440674,1.0,1.0,2,0.001,2.0251917476343806e-08,2.0251917476343806e-08,2.6082172031077397e-16,0.0,0.0,0.0,1.0,0.776,0.13853460550308228,0.9868695735931396,700,0.763,0.06731565296649933,0.990202784538269,0.868,0.48731541633605957,0.9928095936775208,0.4013451933860779,0.298828125,0.2987937033176422,407041.0,102.32946576843963,0.1603916032372732,0.9211521053131414,1.0,0.21749610985668577,0.785,0.1,3,1.0,,,1.0,0.884,0.6565349544072948,0.9909638554216867,1.0,0.5356081128120422,-0.37553438544273376,0.9643340706825256,1.0,0.9993345141410828,1.0,,,1.0,1.0,10000,10000,0.722,1.0,-0.278,0.7873754152823921,0.42162162162162165,-0.11180410534143448,1.0,-1.1118041053414345,0.14950591325759888,-1.3129875659942627,0.9999754428863525,0.86,0.8404907975460123,-0.14,0.8775510204081632,0.8610271903323263,0.4456530511379242,0.36196327209472656,-0.5543469488620758,0.5221182107925415,0.44884130358695984,0.9983542561531067,0.06999999999999995,"[1, 2, 3]",0.0,128
invariant,256,0.524,0.3981762917933131,0.5958702064896755,0.5753012048192772,-0.900346577167511,-1.4071577787399292,-0.615325391292572,-0.6891455054283142,0.9994859099388123,wide,nan,0.5234375,0.5,0.515625,0.0,none,v2_c-none_d-hard_a-invariant_p-wide_s-04,hard,82.22630763053894,37.69972229003906,0.0817856835276379,-0.013982387825054551,transformer,0.7375,0.8746223564954683,-0.26249999999999996,0.9329073482428115,0.43820224719101125,-0.04484068602323532,0.49848952889442444,-1.0448406860232353,0.7347350716590881,-1.235429286956787,0.9985108375549316,1.0,1.0,2,0.001,2.9367306808580906e-08,2.9367305032224067e-08,2.4839198826584995e-15,0.0,0.0,0.0,1.0,0.7385,0.0009829902555793524,0.9902269840240479,700,0.718,-0.10138757526874542,0.9942291378974915,0.781,0.12995605170726776,0.9960070848464966,0.16089116036891937,0.443359375,0.44119444489479065,407041.0,102.0359028465947,0.15993147157009266,0.9232985864479845,1.0,-0.09032074065361662,0.597,0.1,4,1.0,,,1.0,0.959,0.9696048632218845,0.9066265060240963,1.0,0.8377485275268555,0.8781983256340027,0.6319920420646667,1.0,0.9994798302650452,1.0,,,1.0,1.0,10000,10000,0.753,0.9513677811550152,-0.247,0.9717607973421927,0.39864864864864863,0.006685405503958464,0.8054711222648621,-0.9933145944960415,0.8870458006858826,-1.419771432876587,0.9966140389442444,0.7655,0.7699386503067485,-0.23450000000000004,0.7755102040816326,0.7507552870090635,0.06203516572713852,0.07980138808488846,-0.9379648342728615,0.10204094648361206,0.0030811617616564035,0.9998974204063416,0.24149999999999994,"[1, 2, 3]",0.0,128
invariant,256,0.534,0.45288753799392095,0.528023598820059,0.6204819277108434,-0.8577811121940613,-1.1884151697158813,-0.8873835802078247,-0.4999080300331116,0.9978117942810059,wide,nan,0.48046875,0.59375,0.48828125,0.0,none,v2_c-none_d-hard_a-invariant_p-wide_s-05,hard,94.57380414009094,38.00871658325195,0.05429464404122751,-0.09008209951074073,transformer,0.824,1.0,-0.17600000000000005,1.0,0.5056179775280899,0.29598379135131836,1.0,-0.7040162086486816,1.0,-0.9775736331939697,0.9999404549598694,1.0,1.0,2,0.001,2.8517085581825086e-08,2.8517085581825086e-08,6.104581009240523e-17,0.0,0.0,0.0,1.0,0.8265,0.31614094972610474,0.9961739778518677,700,0.483,-1.0260316133499146,0.9905887842178345,0.424,-1.2848923206329346,0.980721652507782,0.2419765442609787,0.392578125,0.3912874758243561,407041.0,100.89449894038202,0.15814243064151975,0.9113510081008185,1.0,-0.03651121671124691,0.509,0.1,5,1.0,,,1.0,0.957,0.8936170212765957,0.9759036144578314,1.0,0.829433798789978,0.574707567691803,0.9076956510543823,1.0,0.9996219277381897,1.0,,,1.0,0.9999999403953552,10000,10000,0.4275,0.2857142857142857,-0.5725,0.3388704318936877,0.6256756756756757,-1.298909068107605,-1.8892862796783447,-2.298909068107605,-1.6445176601409912,-0.49279463291168213,0.992971658706665,0.346,0.3282208588957055,-0.654,0.30903790087463556,0.40181268882175225,-1.6100318431854248,-1.6867990493774414,-2.610031843185425,-1.7553454637527466,-1.3838425874710083,0.9990956783294678,-0.18800000000000006,"[1, 2, 3]",0.0,128
latent,256,0.956,0.9878419452887538,0.943952802359882,0.9367469879518072,0.8248550891876221,0.9357908964157104,0.77712482213974,0.763658344745636,0.9938674569129944,moderate,1.0,0.0400390625,0.9296875,0.9296875,1.0,none,v2_c-none_d-hard_a-latent_p-moderate_s-00,hard,95.35032796859741,7.534976959228516,0.9999997995556081,0.9999993985499419,transformer,0.7765,1.0,-0.22350000000000003,1.0,0.37219101123595505,0.10755044221878052,1.0,-0.8924495577812195,1.0,-1.5068808794021606,0.9997344613075256,1.0,1.0,2,0.001,4.648632966564037e-06,2.224793860250429e-08,1.5410105978163826e-19,1.1470672234281665e-06,3.2911824376924415e-08,3.446405753493309e-05,1.0,0.786,0.14670781791210175,0.9980503916740417,1000,0.5245,-0.8899094462394714,0.9968398809432983,0.48,-1.0609999895095825,0.9951906800270081,0.9253926277160645,0.05859375,0.06511114537715912,105217.0,51.83934617223012,0.15981463892604253,0.9999941143134653,1.0,0.4564166741746717,0.947,0.1,0,1.0,,,1.0,1.0,1.0,1.0,1.0,1.0,1.0,1.0,1.0,1.0,1.0,,,1.0,1.0,10000,10000,0.758,1.0,-0.242,1.0,0.34594594594594597,0.0320005863904953,1.0,-0.9679994136095047,1.0,-1.6162145137786865,0.9999952912330627,0.915,0.8819018404907976,-0.08499999999999996,0.9037900874635568,0.959214501510574,0.6601088643074036,0.5276103615760803,-0.33989113569259644,0.6154749989509583,0.8368580341339111,0.9998944997787476,-0.040999999999999925,"[1, 2, 3]",0.0,64
latent,256,1.0,1.0,1.0,1.0,1.0,1.0,1.0,1.0,0.9999992847442627,moderate,1.0,0.0,1.0,1.0,1.0,none,v2_c-none_d-hard_a-latent_p-moderate_s-01,hard,112.2574667930603,7.97580623626709,0.9999957662893226,0.9999895340024663,transformer,0.873,1.0,-0.127,1.0,0.6432584269662921,0.4981924295425415,1.0,-0.5018075704574585,1.0,-0.4095717966556549,0.9965003728866577,1.0,1.0,2,0.001,5.6502860388718545e-05,7.354217359534232e-07,1.3084738387871041e-15,4.0822131268214434e-05,1.8107225514540914e-06,0.00013134581968188286,1.0,0.7705,0.11482672393321991,0.9869561195373535,700,0.665,-0.2410317063331604,0.9720910787582397,0.7285,-0.009369246661663055,0.9708694815635681,0.9992252588272095,0.0,6.282807873958518e-08,105217.0,51.95607080889639,0.16017448732383321,0.9998762019180429,1.0,0.6754728930188649,1.0,0.1,1,1.0,,,1.0,1.0,1.0,1.0,1.0,1.0,1.0,1.0,1.0,0.9999992847442627,1.0,,,1.0,0.9999992847442627,10000,10000,0.886,1.0,-0.11399999999999999,1.0,0.6918918918918919,0.5423528552055359,1.0,-0.4576471447944641,1.0,-0.23688417673110962,0.9968308806419373,0.9955,1.0,-0.0044999999999999485,0.9912536443148688,0.9954682779456193,0.9886192679405212,0.995628297328949,-0.01138073205947876,0.9910712242126465,0.9791752099990845,0.9959522485733032,-0.0044999999999999485,"[1, 2, 3]",0.0,64
latent,256,0.985,1.0,1.0,0.9548192771084337,0.9400206208229065,1.0,1.0,0.8193394541740417,0.9999926686286926,moderate,1.0,0.01171875,0.98828125,0.98828125,1.0,none,v2_c-none_d-hard_a-latent_p-moderate_s-02,hard,105.93811464309692,8.028018951416016,0.999999552032047,0.9999990082966872,transformer,0.8925,1.0,-0.10750000000000004,1.0,0.6980337078651685,0.5719412565231323,1.0,-0.4280587434768677,1.0,-0.20241205394268036,0.9997308254241943,1.0,1.0,2,0.001,9.261043487640563e-06,4.540510190054192e-08,2.652676200614413e-19,3.3726432775438298e-06,9.467998438594805e-07,4.8961956053972244e-05,1.0,0.7935,0.20055487751960754,0.9923163652420044,700,0.598,-0.5839164853096008,0.9943522810935974,0.7605,0.11035392433404922,0.982467532157898,0.9780762195587158,0.009765625,0.009768263436853886,105217.0,50.86574422090357,0.15681313802377433,0.9999819379127914,1.0,0.6269005603631034,0.975,0.1,2,1.0,,,1.0,1.0,1.0,1.0,1.0,1.0,1.0,1.0,1.0,0.9999999403953552,1.0,,,1.0,0.9999999403953552,10000,10000,0.8755,1.0,-0.12450000000000006,1.0,0.6635135135135135,0.501655101776123,1.0,-0.49834489822387695,1.0,-0.34687814116477966,0.9991670846939087,0.9825,0.9831288343558282,-0.01749999999999996,1.0,0.9637462235649547,0.9300040006637573,0.9325277209281921,-0.06999599933624268,1.0,0.8549848794937134,0.9999454617500305,-0.0024999999999999467,"[1, 2, 3]",0.0,64
latent,256,0.995,1.0,1.0,0.9849397590361446,0.9803980588912964,1.0,1.0,0.9409580230712891,0.9999486207962036,moderate,1.0,0.00390625,0.99609375,0.99609375,1.0,none,v2_c-none_d-hard_a-latent_p-moderate_s-03,hard,63.91521382331848,7.845764636993408,0.9999992387161531,0.9999987386438649,transformer,0.8735,1.0,-0.12649999999999995,1.0,0.6446629213483146,0.4940027892589569,1.0,-0.5059972107410431,1.0,-0.4213405251502991,0.9999995827674866,1.0,1.0,2,0.001,2.9682776585104875e-05,3.3358915629833064e-08,4.165461844966838e-19,2.34343133342918e-05,1.9056491851188184e-07,6.0245394706726074e-05,1.0,0.7965,0.2388826459646225,0.9834074974060059,700,0.846,0.45635154843330383,0.9534096717834473,0.9055,0.7167726755142212,0.9579445719718933,0.9746689796447754,0.015625,0.015528423711657524,105217.0,50.93794405320969,0.15703572165922733,0.9999292200013588,1.0,0.5768681368766426,0.992,0.1,3,1.0,,,1.0,1.0,1.0,1.0,1.0,1.0,1.0,1.0,1.0,1.0,1.0,,,1.0,1.0,10000,10000,0.8795,1.0,-0.12050000000000005,1.0,0.6743243243243243,0.5166968703269958,1.0,-0.48330312967300415,1.0,-0.306224524974823,0.9981693029403687,0.9945,1.0,-0.005499999999999949,1.0,0.9833836858006042,0.9778502583503723,1.0,-0.022149741649627686,1.0,0.9330824017524719,0.999862790107727,-0.0004999999999999449,"[1, 2, 3]",0.0,64
latent,256,0.818,1.0,0.8023598820058997,0.6536144578313253,0.2741314172744751,1.0,0.20944049954414368,-0.3791232407093048,0.9991250038146973,moderate,1.0,0.177734375,0.8359375,0.8359375,1.0,none,v2_c-none_d-hard_a-latent_p-moderate_s-04,hard,131.83667254447937,8.123306274414062,0.9999991120717681,0.9999982365042543,transformer,0.977,1.0,-0.02300000000000002,1.0,0.9353932584269663,0.9122035503387451,1.0,-0.08779644966125488,1.0,0.7533807754516602,0.999380886554718,1.0,1.0,2,0.001,2.0176514226477593e-05,8.043033972171543e-08,1.8737489622995133e-18,1.5077766875037923e-05,2.8645180805142445e-07,4.731863737106323e-05,1.0,0.829,0.32349997758865356,0.9954497218132019,700,0.503,-0.9211820960044861,0.9656341671943665,0.46,-1.1251617670059204,0.9867082834243774,0.9808133244514465,0.015625,0.01584961637854576,105217.0,51.18277825476663,0.1577905168564617,0.9999522811333809,1.0,0.5789914231489128,0.817,0.1,4,1.0,,,1.0,1.0,1.0,1.0,1.0,1.0,1.0,1.0,1.0,0.9999999403953552,1.0,,,1.0,0.9999999403953552,10000,10000,0.942,1.0,-0.05800000000000005,1.0,0.8432432432432433,0.7755319476127625,1.0,-0.22446805238723755,1.0,0.39332953095436096,0.9989639520645142,0.9965,1.0,-0.0034999999999999476,1.0,0.9894259818731118,0.9863698482513428,1.0,-0.013630151748657227,1.0,0.9588213562965393,0.9999527931213379,0.1785000000000001,"[1, 2, 3]",0.0,64
latent,256,0.396,0.46808510638297873,0.3834808259587021,0.3373493975903614,-1.4141024351119995,-1.1276570558547974,-1.460871934890747,-1.650203824043274,0.999695897102356,moderate,nan,0.6123046875,0.36328125,0.36328125,0.0,none,v2_c-none_d-hard_a-latent_p-moderate_s-05,hard,109.60425782203674,7.485652923583984,0.9999991369356155,0.9999983568998482,transformer,0.816,0.9833836858006042,-0.18400000000000005,1.0,0.49859550561797755,0.2763603627681732,0.9338083863258362,-0.7236396372318268,1.0,-0.9711522459983826,0.9972823262214661,1.0,1.0,2,0.001,3.1208270229399204e-05,5.897340571436871e-08,2.2793526908693174e-16,2.445067002554424e-05,2.8088143722015957e-07,6.417743861675262e-05,1.0,0.808,0.27400434017181396,0.9850242733955383,700,0.552,-0.6588895320892334,0.9593135118484497,0.6685,-0.22738277912139893,0.964708149433136,0.6032077074050903,0.232421875,0.23198744654655457,105217.0,49.99891784255001,0.15414081371999375,0.9999397198764111,1.0,-0.3759475872420608,0.384,0.1,5,1.0,,,1.0,1.0,1.0,1.0,1.0,0.9975398182868958,0.9925221800804138,1.0,1.0,0.9983639121055603,1.0,,,1.0,0.9999999403953552,10000,10000,0.6295,0.9513677811550152,-0.37050000000000005,0.37209302325581395,0.5527027027027027,-0.44518420100212097,0.8054713010787964,-1.445184201002121,-1.5084744691848755,-0.6922525763511658,0.9932259917259216,0.619,0.5736196319018405,-0.381,0.6778425655976676,0.6027190332326284,-0.5214887857437134,-0.7055190205574036,-1.5214887857437134,-0.28909945487976074,-0.5810527801513672,0.9989516735076904,0.22299999999999998,"[1, 2, 3]",0.0,64
latent,256,0.99,1.0,0.9882005899705014,0.9819277108433735,0.956121563911438,0.9881925582885742,0.9528025388717651,0.9277294278144836,0.9973892569541931,tight,1.0,0.0048828125,0.99609375,0.99609375,1.0,none,v2_c-none_d-hard_a-latent_p-tight_s-00,hard,104.04366111755371,6.938027381896973,0.9999995175917877,0.9999993487349297,transformer,0.856,1.0,-0.14400000000000002,1.0,0.5955056179775281,0.4240000545978546,1.0,-0.5759999454021454,1.0,-0.6179773807525635,0.9999781847000122,1.0,1.0,2,0.001,1.472837811888894e-05,2.5092859345932084e-07,1.0636859426245967e-17,4.18201852880884e-06,1.8895143227837252e-07,0.00010106479749083519,1.0,0.841,0.3652099668979645,0.9990351796150208,2000,0.713,-0.14484195411205292,0.9993719458580017,0.941,0.7737126350402832,0.9933986663818359,0.9346176385879517,0.029296875,0.03220973536372185,28033.0,35.94630321427116,0.21469377129023828,0.9999581383775044,1.0,0.5748619677282294,0.987,0.1,0,1.0,,,1.0,0.995,0.993920972644377,0.9909638554216867,1.0,0.979999840259552,0.975683331489563,0.9638554453849792,1.0,0.9999843835830688,1.0,,,1.0,0.9999997615814209,10000,10000,0.735,0.8662613981762918,-0.265,0.8787375415282392,0.5013513513513513,-0.05869843065738678,0.4669077694416046,-1.0586984306573868,0.5149507522583008,-0.9927331209182739,0.9996932148933411,0.9345,0.8205521472392638,-0.0655,0.9883381924198251,0.9909365558912386,0.7495504021644592,0.31763923168182373,-0.25044959783554077,0.9533527493476868,0.9637462496757507,0.9981237649917603,-0.055499999999999994,"[1, 2, 3]",0.0,32
latent,256,0.616,0.5501519756838906,0.6489675516224189,0.6475903614457831,-0.5237089991569519,-0.7841404676437378,-0.40520113706588745,-0.3866373598575592,0.997061014175415,tight,nan,0.38671875,0.6796875,0.6796875,0.0,none,v2_c-none_d-hard_a-latent_p-tight_s-01,hard,105.45650339126587,6.978941917419434,0.9999980897986022,0.9999971333837527,transformer,0.89,1.0,-0.10999999999999999,1.0,0.6910112359550562,0.5634389519691467,1.0,-0.43656104803085327,1.0,-0.2262948900461197,0.9994890689849854,1.0,1.0,2,0.001,8.409881411353126e-05,1.716684778330091e-06,1.1822350129436386e-15,6.538366142194718e-05,9.608116897652508e-07,0.00016037654131650925,1.0,0.7805,0.13678425550460815,0.9909795522689819,700,0.3565,-1.5197936296463013,0.9852399230003357,0.204,-2.0953853130340576,0.9772900938987732,0.0670214369893074,0.583984375,0.5854905843734741,28033.0,38.543449064999336,0.2302055482304121,0.9996338888124187,1.0,0.22243555650293134,0.713,0.1,1,1.0,,,1.0,1.0,1.0,1.0,1.0,1.0,1.0,1.0,1.0,0.9999982714653015,1.0,,,1.0,0.999998152256012,10000,10000,0.7,1.0,-0.30000000000000004,1.0,0.1891891891891892,-0.19993731379508972,1.0,-1.1999373137950897,1.0,-2.2430739402770996,0.9999908804893494,0.9535,1.0,-0.046499999999999986,0.9387755102040817,0.9229607250755287,0.8274176120758057,1.0,-0.17258238792419434,0.76611328125,0.720969021320343,0.9955725073814392,0.3375,"[1, 2, 3]",0.0,32
latent,256,0.905,0.939209726443769,0.9469026548672567,0.8283132530120482,0.6202904582023621,0.7568404078483582,0.788447916507721,0.3132714033126831,0.9999595880508423,tight,1.0,0.0703125,0.890625,0.890625,1.0,none,v2_c-none_d-hard_a-latent_p-tight_s-02,hard,116.49432063102722,7.426003932952881,0.9999992005800064,0.999998622534366,transformer,0.8545,1.0,-0.14549999999999996,1.0,0.5912921348314607,0.4186541736125946,1.0,-0.5813458263874054,1.0,-0.6329938769340515,0.99968421459198,1.0,1.0,2,0.001,1.2943805813847575e-05,1.652879433322596e-07,1.3580550711733122e-16,4.4178841562825255e-06,4.2911793229905015e-07,7.931515574455261e-05,1.0,0.827,0.3503201901912689,0.9746891260147095,1000,0.7235,0.10152780264616013,0.9178559184074402,0.7755,0.37770071625709534,0.9020041227340698,0.7036446928977966,0.1640625,0.16396111249923706,28033.0,36.97164905911656,0.22081777700494104,0.9999486386192946,1.0,0.4336645161394086,0.917,0.1,2,1.0,,,1.0,1.0,1.0,1.0,1.0,1.0,1.0,1.0,1.0,0.9999997615814209,1.0,,,1.0,0.9999997615814209,10000,10000,0.578,0.6352583586626139,-0.42200000000000004,0.6212624584717608,0.4918918918918919,-0.6879943013191223,-0.4589649736881256,-1.6879943013191223,-0.5149459838867188,-1.0324218273162842,0.999997079372406,0.756,0.7101226993865031,-0.244,0.8061224489795918,0.7492447129909365,0.03157070651650429,-0.14545373618602753,-0.9684292934834957,0.2147790640592575,0.016070682555437088,0.9955021739006042,-0.14900000000000002,"[1, 2, 3]",0.0,32
latent,256,0.931,0.8936170212765957,0.9498525073746312,0.9487951807228916,0.7267974615097046,0.5744682550430298,0.7994173169136047,0.8035991787910461,0.999346911907196,tight,1.0,0.07421875,0.921875,0.921875,1.0,none,v2_c-none_d-hard_a-latent_p-tight_s-03,hard,120.88401675224304,7.232385158538818,0.9999970054820503,0.9999924935507034,transformer,0.928,0.9667673716012085,-0.07199999999999995,1.0,0.8286516853932584,0.7126052379608154,0.8670694828033447,-0.28739476203918457,1.0,0.3163066506385803,0.999923050403595,1.0,1.0,2,0.001,0.0001234819064848125,1.207333326647131e-07,9.144607403226829e-18,0.0001056354958564043,1.6448476571895299e-06,0.00016080820932984352,1.0,0.799,0.2238501012325287,0.9814403057098389,1000,0.7895,0.18444576859474182,0.9403737187385559,0.7965,0.3197946846485138,0.9488071203231812,0.7691494226455688,0.12109375,0.12096746265888214,28033.0,37.673541017172845,0.22500991411053262,0.999576830678247,1.0,0.5154036500469814,0.953,0.1,3,1.0,,,1.0,0.984,0.9635258358662614,0.9879518072289156,1.0,0.9368245601654053,0.8541039228439331,0.9542902112007141,1.0,0.9998908638954163,1.0,,,1.0,0.9999999403953552,10000,10000,0.933,0.8662613981762918,-0.06699999999999995,0.9235880398671097,1.0,0.7320019602775574,0.4650459587574005,-0.2679980397224426,0.6943583488464355,1.0,0.9999997019767761,0.9375,0.8542944785276073,-0.0625,0.9606413994169096,0.9954682779456193,0.750001072883606,0.41718024015426636,-0.24999892711639404,0.8425664901733398,0.981873095035553,0.9999997615814209,0.00649999999999995,"[1, 2, 3]",0.0,32
latent,256,0.977,1.0,0.9941002949852508,0.9367469879518072,0.9079935550689697,1.0,0.9764013886451721,0.7469682693481445,0.9999564290046692,tight,1.0,0.021484375,0.9765625,0.9765625,1.0,none,v2_c-none_d-hard_a-latent_p-tight_s-04,hard,103.66950821876526,6.740884780883789,0.9999998536019852,0.9999997762327015,transformer,0.9915,1.0,-0.008499999999999952,1.0,0.976123595505618,0.9702578186988831,1.0,-0.029742181301116943,1.0,0.9164546132087708,0.999137818813324,1.0,1.0,2,0.001,8.72685450303834e-06,2.3415013572503085e-07,2.395698224828412e-16,2.396738182142144e-06,4.432536826470823e-08,6.051640957593918e-05,1.0,0.81,0.3040392994880676,0.9715538620948792,700,0.195,-1.9282217025756836,0.948911726474762,0.3355,-1.3964093923568726,0.9264432191848755,0.9342721700668335,0.052734375,0.05262532830238342,28033.0,36.94897139401653,0.22068233182674396,0.9999786419477622,1.0,0.6952144521764196,0.979,0.1,4,1.0,,,1.0,1.0,1.0,1.0,1.0,1.0,1.0,1.0,1.0,0.9999997615814209,1.0,,,1.0,0.9999997615814209,10000,10000,0.9095,1.0,-0.09050000000000002,1.0,0.7554054054054054,0.6611712574958801,1.0,-0.3388287425041199,0.9975921511650085,0.08620550483465195,0.9939522743225098,0.9225,0.9662576687116564,-0.07750000000000001,0.967930029154519,0.8323262839879154,0.69376140832901,0.8649924993515015,-0.30623859167099,0.8717206716537476,0.3407059907913208,0.9989936351776123,-0.05449999999999999,"[1, 2, 3]",0.0,32
latent,256,0.798,0.8875379939209727,0.7817109144542773,0.7259036144578314,0.19181442260742188,0.5501532554626465,0.1314835399389267,-0.10168348997831345,0.9987923502922058,tight,1.0,0.2109375,0.7734375,0.7734375,1.0,none,v2_c-none_d-hard_a-latent_p-tight_s-05,hard,113.16000509262085,6.830451965332031,0.9999997607951318,0.9999996391194617,transformer,0.8915,1.0,-0.10850000000000004,0.8945686900958466,0.7879213483146067,0.5670856833457947,1.0,-0.4329143166542053,0.5782750248908997,0.15473483502864838,0.9996615052223206,1.0,1.0,2,0.001,2.2494583390653133e-05,1.0508443892831565e-07,3.423376300556861e-16,1.499965219409205e-05,7.873076413034141e-08,7.31111504137516e-05,1.0,0.7855,0.14425481855869293,0.9956149458885193,1000,0.538,-0.8043227791786194,0.9813829660415649,0.5545,-0.7636379599571228,0.9823090434074402,0.8108731508255005,0.09765625,0.09537146985530853,28033.0,35.88290445912658,0.2143151143319424,0.9999536362517993,1.0,0.3830993198295731,0.842,0.1,5,1.0,,,1.0,0.995,0.993920972644377,0.9909638554216867,1.0,0.9790915250778198,0.9729226231575012,0.9638554453849792,1.0,0.9991742968559265,1.0,,,1.0,0.9999998807907104,10000,10000,0.846,1.0,-0.15400000000000003,1.0,0.5837837837837838,0.3840034306049347,1.0,-0.6159965693950653,1.0,-0.6648555994033813,0.9999985098838806,0.926,0.9785276073619632,-0.07399999999999995,0.8979591836734694,0.9033232628398792,0.7034576535224915,0.912158727645874,-0.29654234647750854,0.5918824672698975,0.6135293841362,0.9992969036102295,0.128,"[1, 2, 3]",0.0,32
latent,256,0.978,0.9452887537993921,0.9882005899705014,1.0,0.910852313041687,0.778530478477478,0.9519639015197754,1.0,0.9964975714683533,wide,1.0,0.015625,0.984375,0.984375,1.0,none,v2_c-none_d-hard_a-latent_p-wide_s-00,hard,94.08595299720764,8.433806419372559,0.9999968960084736,0.9999942146301812,transformer,0.926,1.0,-0.07399999999999995,0.9488817891373802,0.8370786516853933,0.7045131325721741,1.0,-0.2954868674278259,0.7955271601676941,0.3497559726238251,0.9999023675918579,1.0,1.0,2,0.001,1.9878241801052354e-05,2.76186710834736e-07,8.353677683233917e-16,1.1703602467605378e-05,2.894875706260791e-06,5.003577098250389e-05,1.0,0.861,0.46494588255882263,0.9965657591819763,700,0.549,-0.7044845819473267,0.9694796204566956,0.5615,-0.6224912405014038,0.9660499095916748,0.9792615175247192,0.01171875,0.013156842440366745,407041.0,73.8957687977706,0.115824515851042,0.9999738710955048,1.0,0.5804339875983107,0.978,0.1,0,1.0,,,1.0,0.989,0.9787234042553191,0.9879518072289156,1.0,0.9559999704360962,0.914893627166748,0.9518073201179504,1.0,0.9999993443489075,1.0,,,1.0,0.9999996423721313,10000,10000,0.89,1.0,-0.10999999999999999,0.8305647840531561,0.8405405405405405,0.5583723187446594,1.0,-0.4416276812553406,0.31682848930358887,0.36218079924583435,0.9984086155891418,0.9715,0.9539877300613497,-0.02849999999999997,0.9810495626822158,0.9788519637462235,0.8861640095710754,0.8159511089324951,-0.11383599042892456,0.9241984486579895,0.915902853012085,0.9999396204948425,-0.00649999999999995,"[1, 2, 3]",0.0,128
latent,256,0.974,1.0,1.0,0.9216867469879518,0.89683997631073,1.0,1.0,0.689276933670044,0.9981405138969421,wide,1.0,0.02734375,0.9609375,0.9609375,1.0,none,v2_c-none_d-hard_a-latent_p-wide_s-01,hard,110.48794317245483,8.14322566986084,0.9999967647499781,0.9999929204545295,transformer,1.0,1.0,0.0,1.0,1.0,1.0,1.0,0.0,1.0,1.0,0.9999983906745911,1.0,1.0,2,0.001,6.23456435278058e-05,5.284915118863864e-07,6.920173628739961e-15,5.280355253489688e-05,2.9880807232984807e-06,6.025517359375954e-05,1.0,0.8955,0.6157288551330566,0.9912450909614563,1000,0.803,0.25767388939857483,0.9892042875289917,0.8955,0.6045202612876892,0.9952967762947083,0.985183835029602,0.017578125,0.01521936897188425,407041.0,73.26394054348121,0.11483418578418322,0.9999781605876485,1.0,0.8246659466671075,0.977,0.1,1,1.0,,,1.0,1.0,1.0,1.0,1.0,1.0,1.0,1.0,1.0,0.9999997615814209,1.0,,,1.0,0.9999995231628418,10000,10000,0.9935,1.0,-0.00649999999999995,1.0,0.9824324324324324,0.9695064425468445,1.0,-0.030493557453155518,1.0,0.9175848960876465,0.9959387183189392,0.977,1.0,-0.02300000000000002,1.0,0.9305135951661632,0.9226545095443726,1.0,-0.07734549045562744,1.0,0.7663277983665466,0.9954084753990173,0.0030000000000000027,"[1, 2, 3]",0.0,128
latent,256,0.97,0.9361702127659575,1.0,0.9728915662650602,0.8818543553352356,0.7446073889732361,1.0,0.8972245454788208,0.999441385269165,wide,1.0,0.01953125,0.96875,0.96875,1.0,none,v2_c-none_d-hard_a-latent_p-wide_s-02,hard,95.86619687080383,8.298611640930176,0.9999990248250297,0.9999974534932579,transformer,0.9015,1.0,-0.09850000000000003,1.0,0.723314606741573,0.6225607991218567,1.0,-0.3774392008781433,1.0,-0.06022259220480919,0.9951850771903992,1.0,1.0,2,0.001,3.1863364711171016e-05,8.343965873791603e-07,1.3267108816579628e-15,2.2996207917458378e-05,4.412671330555895e-07,7.59148970246315e-05,1.0,0.8115,0.2477673441171646,0.995768129825592,700,0.796,0.1913483887910843,0.9961736798286438,0.92,0.6810557842254639,0.982420802116394,0.9472101330757141,0.03515625,0.033837176859378815,407041.0,74.45515365468903,0.11670129785468136,0.9999832958675486,1.0,0.548175702178828,0.967,0.1,2,1.0,,,1.0,0.993,0.9787234042553191,1.0,1.0,0.9727579355239868,0.9171973466873169,1.0,1.0,0.9998813271522522,1.0,,,1.0,0.9999992847442627,10000,10000,0.882,1.0,-0.118,1.0,0.6810810810810811,0.5356327891349792,1.0,-0.46436721086502075,1.0,-0.255046546459198,0.9989876747131348,0.9645,0.9647239263803681,-0.035499999999999976,0.9912536443148688,0.9365558912386707,0.8605721592903137,0.862349271774292,-0.13942784070968628,0.9650131464004517,0.7505943775177002,0.9993768334388733,-0.005499999999999949,"[1, 2, 3]",0.0,128
latent,256,0.965,0.9574468085106383,0.9380530973451328,1.0,0.8595433235168457,0.8297876119613647,0.75086510181427,1.0,0.9994015097618103,wide,1.0,0.02734375,0.96484375,0.96484375,1.0,none,v2_c-none_d-hard_a-latent_p-wide_s-03,hard,89.61780548095703,8.224417686462402,0.999999845538468,0.9999996585494799,transformer,0.766,1.0,-0.23399999999999999,0.8242811501597445,0.49719101123595505,0.07046711444854736,1.0,-0.9295328855514526,0.2975256145000458,-0.9934224486351013,0.9985812902450562,1.0,1.0,2,0.001,1.717307895887643e-05,1.0771127563202754e-06,1.4541025193426415e-15,8.118430741888005e-06,4.890753402264636e-08,7.928628474473953e-05,1.0,0.888,0.5818971991539001,0.9874216318130493,1000,0.733,-0.038746874779462814,0.9902053475379944,0.904,0.6156363487243652,0.9979211688041687,0.9750609397888184,0.015625,0.01639953814446926,407041.0,73.60380830106185,0.11536689583126164,0.9999750978915466,1.0,0.5838889058921598,0.965,0.1,3,1.0,,,1.0,0.976,0.9787234042553191,0.9487951807228916,1.0,0.905078113079071,0.914894163608551,0.7984274625778198,1.0,0.9994229078292847,1.0,,,1.0,0.9999990463256836,10000,10000,0.757,1.0,-0.243,0.8538205980066446,0.46216216216216216,0.034184373915195465,1.0,-0.9658156260848045,0.4207170903682709,-1.139057993888855,0.999172031879425,0.9645,0.9662576687116564,-0.035499999999999976,0.9285714285714286,1.0,0.8572372198104858,0.8650309443473816,-0.14276278018951416,0.7120616436004639,1.0,0.9993812441825867,-0.0004999999999999449,"[1, 2, 3]",0.0,128
latent,256,0.981,1.0,0.967551622418879,0.9759036144578314,0.9271442294120789,0.9999487996101379,0.8603290319442749,0.9232213497161865,0.993086040019989,wide,1.004102564102564,0.0283203125,0.984375,0.98046875,1.0,none,v2_c-none_d-hard_a-latent_p-wide_s-04,hard,92.12075853347778,8.475567817687988,0.9999879993024532,0.9999729362319157,transformer,0.9475,1.0,-0.05249999999999999,1.0,0.8525280898876404,0.7906862497329712,1.0,-0.2093137502670288,1.0,0.41204020380973816,0.9994317889213562,1.0,1.0,2,0.001,3.596952592488378e-05,8.526622536919604e-07,1.0858607688753468e-15,2.211302489740774e-05,6.569564902747516e-06,6.434274837374687e-05,1.0,0.881,0.552742600440979,0.9911264777183533,700,0.8135,0.2733864188194275,0.9966831803321838,0.9435,0.7795417904853821,0.9983950257301331,0.9360012412071228,0.03515625,0.03873612731695175,407041.0,72.98916979712833,0.11440350904606783,0.9999782939781451,1.0,0.6704617023808672,0.972,0.1,4,1.0,,,1.0,1.0,1.0,1.0,1.0,1.0,1.0,1.0,1.0,0.9999993443489075,1.0,,,1.0,0.9999990463256836,10000,10000,0.8895,0.8708206686930091,-0.11050000000000004,0.9102990033222591,0.8891891891891892,0.5577157735824585,0.4833967685699463,-0.4422842264175415,0.6284376382827759,0.5662661194801331,0.9967244863510132,0.9555,0.941717791411043,-0.044499999999999984,0.9650145772594753,0.959214501510574,0.8224561214447021,0.7675697803497314,-0.17754387855529785,0.8621571660041809,0.835373044013977,0.9991574287414551,-0.025499999999999967,"[1, 2, 3]",0.0,128
latent,256,0.967,1.0,0.9144542772861357,0.9879518072289156,0.8784558773040771,1.0,0.6886603236198425,0.9518071413040161,0.9981194138526917,wide,1.0,0.03125,0.9765625,0.9765625,1.0,none,v2_c-none_d-hard_a-latent_p-wide_s-05,hard,134.04634070396423,8.56689167022705,0.9999658574178805,0.9999063334167437,transformer,0.814,1.0,-0.18600000000000005,1.0,0.47752808988764045,0.27191483974456787,1.0,-0.7280851602554321,1.0,-1.0451830625534058,0.9938468337059021,1.0,1.0,2,0.001,7.439056935254484e-05,2.5183715024468256e-06,8.465435654986947e-14,3.699359513120726e-05,1.0415225005999673e-05,0.0002446337603032589,1.0,0.819,0.3075197637081146,0.9892244935035706,700,0.585,-0.5768384337425232,0.9746814966201782,0.758,0.09188570827245712,0.977917492389679,0.982651948928833,0.025390625,0.02403423748910427,407041.0,74.92284468372544,0.1174343585953344,0.9996069427169653,1.0,0.4441803479763534,0.967,0.1,5,1.0,,,1.0,0.99,1.0,0.9698795180722891,1.0,0.959947407245636,1.0,0.8793597221374512,1.0,0.9998384714126587,1.0,,,1.0,0.9999975562095642,10000,10000,0.79,1.0,-0.20999999999999996,1.0,0.43243243243243246,0.1994413435459137,1.0,-0.8005586564540863,1.0,-1.1636720895767212,0.9921437501907349,0.978,1.0,-0.02200000000000002,0.9504373177842566,0.9848942598187311,0.9210869073867798,1.0,-0.07891309261322021,0.8287754058837891,0.9390238523483276,0.9964582324028015,0.01100000000000001,"[1, 2, 3]",0.0,128
concrete,256,0.183,0.03353658536585366,0.2182890855457227,0.29429429429429427,-2.2658119201660156,-2.8658528327941895,-2.1329400539398193,-1.810046911239624,0.9953364133834839,moderate,nan,0.8232421875,0.171875,0.171875,0.0,none,v2_c-none_d-mixed_a-concrete_p-moderate_s-00,mixed,87.1099145412445,28.618175506591797,0.01970436146411233,-0.1762438477690605,transformer,0.862,1.0,-0.138,0.9936102236421726,0.6169014084507042,0.4575784504413605,1.0,-0.5424215495586395,0.9744722843170166,-0.5054405331611633,0.9969018697738647,1.0,1.0,2,0.001,6.053393519778183e-08,6.053393519778183e-08,0.0,0.0,0.0,0.0,1.0,0.883,0.5596852898597717,0.9751046895980835,400,0.329,-1.5786328315734863,0.9619874954223633,0.167,-2.2543163299560547,0.9795845746994019,0.6404047012329102,0.201171875,0.19566839933395386,105217.0,71.5077138699112,0.22044991529365565,0.9109709286785086,0.994,-1.4333915646084,0.166,0.1,0,1.0,1.0,1.0,1.0,1.0,1.0,1.0,1.0,1.0,1.0,1.0,1.0,0.9999998807907104,1.0,1.0,1.0,1.0,0.9999999403953552,10000,10000,0.302,0.12996941896024464,-0.698,0.0978441127694859,0.6191117092866757,-1.7729424238204956,-2.480008602142334,-2.7729424238204956,-2.6086227893829346,-0.47235462069511414,0.9972196221351624,0.192,0.05546995377503852,-0.808,0.2780203784570597,0.23644578313253012,-2.228787660598755,-2.7780792713165283,-3.228787660598755,-1.887495994567871,-2.0450170040130615,0.9992311000823975,0.009000000000000008,"[1, 2, 3, 4, 5, 6, 7, 8, 9]",0.0,64
concrete,256,0.766,0.7317073170731707,0.7935103244837758,0.7717717717717718,0.07249390333890915,-0.06813105195760727,0.19422052800655365,0.08708745241165161,0.9985749125480652,moderate,1.0063291139240507,0.20703125,0.828125,0.82421875,1.0,none,v2_c-none_d-mixed_a-concrete_p-moderate_s-01,mixed,96.43366265296936,29.4267578125,0.05589172935574941,-0.17076695622937454,transformer,0.874,1.0,-0.126,1.0,0.6450704225352113,0.5020754337310791,1.0,-0.4979245662689209,1.0,-0.40260452032089233,0.9971997141838074,1.0,1.0,2,0.001,3.2980867814558223e-08,3.2980867814558223e-08,0.0,0.0,0.0,0.0,1.0,0.869,0.5210795998573303,0.9761587977409363,400,0.6445,-0.34642165899276733,0.9495247602462769,0.5945,-0.5089725255966187,0.9615837335586548,0.5913693904876709,0.201171875,0.20439869165420532,105217.0,72.46722546859567,0.22340797728733205,0.9117143135732783,0.994,0.22373189745537092,0.779,0.1,1,1.0,1.0,1.0,1.0,1.0,1.0,1.0,1.0,1.0,1.0,1.0,1.0,0.9999999403953552,1.0,1.0,1.0,1.0,1.0,10000,10000,0.684,0.9113149847094801,-0.31599999999999995,0.9071310116086235,0.3028263795423957,-0.254885733127594,0.6452600359916687,-1.254885733127594,0.6285247802734375,-1.764161467552185,0.997626781463623,0.7275,0.7627118644067796,-0.27249999999999996,0.7394468704512372,0.6807228915662651,-0.08425773680210114,0.050847746431827545,-1.0842577368021011,-0.04184282571077347,-0.26019522547721863,0.9986306428909302,-0.03849999999999998,"[1, 2, 3, 4, 5, 6, 7, 8, 9]",0.0,64
concrete,256,0.427,0.3170731707317073,0.43952802359882004,0.5225225225225225,-1.2927641868591309,-1.7315641641616821,-1.2438874244689941,-0.9103102087974548,0.9969053268432617,moderate,nan,0.5791015625,0.421875,0.41796875,0.0,none,v2_c-none_d-mixed_a-concrete_p-moderate_s-02,mixed,46.60001087188721,28.705942153930664,0.09125634106612748,-0.10010449217923056,transformer,0.8785,1.0,-0.12150000000000005,1.0,0.6577464788732394,0.5144188404083252,1.0,-0.4855811595916748,1.0,-0.3678343892097473,0.9994316697120667,1.0,1.0,2,0.001,4.4166363011299836e-08,4.4166363011299836e-08,0.0,0.0,0.0,0.0,1.0,0.8895,0.5893754959106445,0.9824488162994385,400,0.321,-1.6133824586868286,0.9768803715705872,0.321,-1.6446924209594727,0.9775295257568359,-0.10632152855396271,0.634765625,0.6358623504638672,105217.0,71.55999718368243,0.22061109863274417,0.9265174844828024,0.995,-0.7791187413602183,0.44,0.1,2,1.0,1.0,1.0,1.0,1.0,1.0,1.0,1.0,1.0,1.0,1.0,1.0,0.9999999403953552,1.0,1.0,1.0,1.0,0.9999999403953552,10000,10000,0.6005,0.6880733944954128,-0.39949999999999997,0.6334991708126037,0.49663526244952894,-0.5804935693740845,-0.19468753039836884,-1.5804935693740845,-0.46601080894470215,-1.0129973888397217,0.9880532026290894,0.538,0.4036979969183359,-0.46199999999999997,0.6026200873362445,0.6024096385542169,-0.8359501361846924,-1.3852061033248901,-1.8359501361846924,-0.5674634575843811,-0.5768885016441345,0.9952787160873413,0.11100000000000004,"[1, 2, 3, 4, 5, 6, 7, 8, 9]",0.0,64
concrete,256,0.611,0.5426829268292683,0.6666666666666666,0.6216216216216216,-0.5554971694946289,-0.8292672634124756,-0.33265945315361023,-0.5126907229423523,0.9999352097511292,moderate,nan,0.38671875,0.6015625,0.38671875,0.0,none,v2_c-none_d-mixed_a-concrete_p-moderate_s-03,mixed,80.76962900161743,29.18233871459961,0.12366545582848813,-0.049980924781482056,transformer,0.853,1.0,-0.14700000000000002,1.0,0.5859154929577465,0.41306212544441223,1.0,-0.5869378745555878,1.0,-0.6533460021018982,0.9998000264167786,1.0,1.0,2,0.001,4.337186965130968e-08,4.337186965130968e-08,0.0,0.0,0.0,0.0,1.0,0.843,0.434959352016449,0.9760673642158508,400,0.7335,0.11076918244361877,0.9427542686462402,0.6655,-0.2537990212440491,0.9664150476455688,0.5414061546325684,0.234375,0.23391833901405334,105217.0,72.47530771291848,0.22343289390093804,0.9108808631317811,0.991,-1.3366017119938056,0.611,0.1,3,1.0,1.0,1.0,1.0,1.0,1.0,1.0,1.0,1.0,1.0,1.0,1.0,0.9999999403953552,1.0,1.0,1.0,1.0,0.9999999403953552,10000,10000,0.849,0.9113149847094801,-0.15100000000000002,0.9502487562189055,0.7119784656796769,0.3963600993156433,0.6452600359916687,-0.6036399006843567,0.8009950518608093,-0.1511170119047165,0.9999195337295532,0.7625,0.6147919876733436,-0.23750000000000004,0.8384279475982532,0.8283132530120482,0.05026623234152794,-0.5408316850662231,-0.9497337676584721,0.35371193289756775,0.31405436992645264,0.9991412162780762,0.15149999999999997,"[1, 2, 3, 4, 5, 6, 7, 8, 9]",0.0,64
concrete,256,0.184,0.006097560975609756,0.2949852507374631,0.24624624624624625,-2.2634029388427734,-2.975632905960083,-1.818813681602478,-2.0144660472869873,0.9992238879203796,moderate,nan,0.83984375,0.14453125,0.14453125,0.0,none,v2_c-none_d-mixed_a-concrete_p-moderate_s-04,mixed,85.16925096511841,29.69744873046875,0.08283923586641871,-0.18616502751186587,transformer,0.886,0.9623493975903614,-0.11399999999999999,0.9856230031948882,0.7267605633802817,0.5432401299476624,0.849397599697113,-0.45675987005233765,0.9425039887428284,-0.09510885179042816,0.9988110065460205,1.0,1.0,2,0.001,6.96923478926692e-08,6.96923478926692e-08,0.0,0.0,0.0,0.0,1.0,0.869,0.5237219333648682,0.9769670367240906,400,0.1565,-2.169229030609131,0.9386665225028992,0.086,-2.4903476238250732,0.9671556353569031,0.5103214383125305,0.25390625,0.2538619637489319,105217.0,72.3611776905372,0.22308104439541215,0.933728166745768,0.998,-2.8068635979098735,0.199,0.1,4,1.0,1.0,1.0,1.0,1.0,1.0,1.0,1.0,1.0,1.0,1.0,1.0,0.9999998807907104,1.0,1.0,1.0,1.0,0.9999999403953552,10000,10000,0.168,0.08103975535168195,-0.832,0.06965174129353234,0.3243606998654105,-2.3267478942871094,-2.675840139389038,-3.3267478942871094,-2.7302191257476807,-1.6920236349105835,0.9971404671669006,0.0785,0.0,-0.9215,0.07714701601164484,0.1566265060240964,-2.682516098022461,-2.9999988079071045,-3.682516098022461,-2.6801600456237793,-2.3746426105499268,0.9991719722747803,-0.1055,"[1, 2, 3, 4, 5, 6, 7, 8, 9]",0.0,64
concrete,256,0.235,0.08536585365853659,0.2890855457227139,0.32732732732732733,-2.055455207824707,-2.65852952003479,-1.8382117748260498,-1.6825939416885376,0.9993388652801514,moderate,nan,0.78515625,0.1640625,0.1640625,0.0,none,v2_c-none_d-mixed_a-concrete_p-moderate_s-05,mixed,89.73416137695312,29.148672103881836,0.0391201645550693,-0.16659751534296235,transformer,0.878,1.0,-0.122,1.0,0.6563380281690141,0.5186061263084412,1.0,-0.48139387369155884,1.0,-0.3560390770435333,0.997175395488739,1.0,1.0,2,0.001,5.705248895537807e-08,5.705248895537807e-08,0.0,0.0,0.0,0.0,1.0,0.856,0.5285794734954834,0.9717662930488586,400,0.4445,-1.120107650756836,0.9603546261787415,0.325,-1.6166250705718994,0.9777186512947083,0.3224639296531677,0.3203125,0.32221299409866333,105217.0,70.71702437541917,0.21801231209462935,0.9651254168175756,0.997,-1.6219746723919388,0.259,0.1,5,1.0,1.0,1.0,1.0,1.0,1.0,1.0,1.0,1.0,1.0,1.0,1.0,0.9999999403953552,1.0,1.0,1.0,1.0,0.9999999403953552,10000,10000,0.4725,0.5443425076452599,-0.5275000000000001,0.47429519071310117,0.4078061911170929,-1.1089028120040894,-0.8230250477790833,-2.1089028120040894,-1.1019973754882812,-1.3661413192749023,0.9975830316543579,0.404,0.44684129429892144,-0.596,0.29839883551673946,0.4713855421686747,-1.3818730115890503,-1.212627649307251,-2.3818730115890503,-1.806403636932373,-1.108059287071228,0.9995771050453186,0.16900000000000004,"[1, 2, 3, 4, 5, 6, 7, 8, 9]",0.0,64
concrete,256,0.313,0.27134146341463417,0.2713864306784661,0.3963963963963964,-1.747225046157837,-1.914631962776184,-1.910643219947815,-1.4159694910049438,0.9989781379699707,tight,nan,0.751953125,0.3515625,0.35546875,0.0,none,v2_c-none_d-mixed_a-concrete_p-tight_s-00,mixed,57.0121214389801,20.06700897216797,-0.004626895030612229,-0.5606758970327654,transformer,0.833,1.0,-0.16700000000000004,0.9233226837060703,0.5971830985915493,0.3379526734352112,1.0,-0.6620473265647888,0.6932909488677979,-0.5944997072219849,0.9982890486717224,1.0,1.0,2,0.001,1.5248737383899424e-07,1.5248737383899424e-07,0.0,0.0,0.0,0.0,1.0,0.811,0.2713586986064911,0.9886808395385742,700,0.3845,-1.4222002029418945,0.9841580986976624,0.3375,-1.6244902610778809,0.987977921962738,0.4917971193790436,0.265625,0.26472342014312744,28033.0,51.5289786323593,0.3077632402801071,0.876019380003451,1.0,-2.95809814059825,0.318,0.1,0,1.0,1.0,1.0,1.0,1.0,1.0,1.0,1.0,1.0,1.0,1.0,1.0,0.9999998807907104,1.0,1.0,1.0,1.0,0.9999998807907104,10000,10000,0.356,0.39755351681957185,-0.644,0.3117744610281924,0.3553162853297443,-1.5758215188980103,-1.4092432260513306,-2.5758215188980103,-1.7529003620147705,-1.5787339210510254,0.9999557137489319,0.319,0.28043143297380585,-0.681,0.25181950509461426,0.42620481927710846,-1.724487543106079,-1.8781949281692505,-2.724487543106079,-1.992640733718872,-1.2968113422393799,0.9994887709617615,0.006000000000000005,"[1, 2, 3, 4, 5, 6, 7, 8, 9]",0.0,32
concrete,256,0.171,0.036585365853658534,0.21238938053097345,0.26126126126126126,-2.3152027130126953,-2.8577640056610107,-2.1497976779937744,-1.9491733312606812,0.9975349307060242,tight,nan,0.82421875,0.21484375,0.2109375,0.0,none,v2_c-none_d-mixed_a-concrete_p-tight_s-01,mixed,81.99911689758301,20.22654151916504,0.06369407728673232,-0.1974109292993786,transformer,0.845,1.0,-0.15500000000000003,0.9536741214057508,0.604225352112676,0.38466981053352356,1.0,-0.6153301894664764,0.8289726376533508,-0.5825315713882446,0.9978307485580444,1.0,1.0,2,0.001,1.3148320476830122e-07,1.3148320476830122e-07,0.0,0.0,0.0,0.0,1.0,0.852,0.4472888112068176,0.9804810881614685,700,0.27,-1.868496060371399,0.9878188371658325,0.172,-2.2599356174468994,0.987635612487793,0.6178048849105835,0.177734375,0.17454583942890167,28033.0,52.64979016598536,0.31445742670660565,0.8960003765932438,1.0,-2.316334090787552,0.181,0.1,1,1.0,1.0,1.0,1.0,1.0,1.0,1.0,1.0,1.0,1.0,1.0,1.0,0.9999998807907104,1.0,1.0,1.0,1.0,0.9999998807907104,10000,10000,0.292,0.18960244648318042,-0.708,0.33167495854063017,0.34993270524899056,-1.829504132270813,-2.241577386856079,-2.829504132270813,-1.673298716545105,-1.5935633182525635,0.9996786117553711,0.21,0.07858243451463791,-0.79,0.2590975254730713,0.2876506024096386,-2.1494672298431396,-2.685668468475342,-3.1494672298431396,-1.9545304775238037,-1.8270683288574219,0.9972603917121887,0.03899999999999998,"[1, 2, 3, 4, 5, 6, 7, 8, 9]",0.0,32
concrete,256,0.782,0.9115853658536586,0.7315634218289085,0.7057057057057057,0.12873193621635437,0.6463416218757629,-0.07378093898296356,-0.17494407296180725,0.9998033046722412,tight,1.0,0.150390625,0.7734375,0.7734375,1.0,none,v2_c-none_d-mixed_a-concrete_p-tight_s-02,mixed,85.40931940078735,19.75450897216797,0.11400817887095875,-0.16848995321069005,transformer,0.8815,1.0,-0.11850000000000005,0.9920127795527156,0.6732394366197183,0.5311696529388428,1.0,-0.4688303470611572,0.968062698841095,-0.2924899756908417,0.9990745782852173,1.0,1.0,2,0.001,1.2601522314525937e-07,1.2601522314525937e-07,0.0,0.0,0.0,0.0,1.0,0.827,0.4460985064506531,0.9201033711433411,700,0.6625,-0.12761418521404266,0.8846322298049927,0.77,0.1934301257133484,0.9039114713668823,0.48401209712028503,0.26171875,0.26180243492126465,28033.0,51.555305361495705,0.30792047994757277,0.8870827490885578,1.0,0.23797236031119817,0.78,0.1,2,1.0,1.0,1.0,1.0,1.0,1.0,1.0,1.0,1.0,1.0,1.0,1.0,0.9999998807907104,1.0,1.0,1.0,1.0,0.9999998807907104,10000,10000,0.7035,0.6299694189602446,-0.2965,0.7197346600331676,0.7550471063257066,-0.18497830629348755,-0.4801209270954132,-1.1849783062934875,-0.126115083694458,0.027038857340812683,0.9974378347396851,0.7465,0.8798151001540832,-0.25349999999999995,0.7190684133915575,0.6445783132530121,-0.012357067316770554,0.519260585308075,-1.0123570673167706,-0.12327193468809128,-0.4172084629535675,0.9997553825378418,-0.035499999999999976,"[1, 2, 3, 4, 5, 6, 7, 8, 9]",0.0,32
concrete,256,0.2,0.06402439024390244,0.22713864306784662,0.3063063063063063,-2.176846981048584,-2.741790533065796,-2.082270622253418,-1.716666340827942,0.9953761696815491,tight,nan,0.755859375,0.203125,0.203125,0.0,none,v2_c-none_d-mixed_a-concrete_p-tight_s-03,mixed,57.58524942398071,19.59526252746582,0.09486831910927493,-0.27472609050508273,transformer,0.875,1.0,-0.125,0.9616613418530351,0.6816901408450704,0.5026164650917053,1.0,-0.4973835349082947,0.8466463685035706,-0.26587000489234924,0.9991239309310913,1.0,1.0,2,0.001,1.4148344007480773e-07,1.4148344007480773e-07,0.0,0.0,0.0,0.0,1.0,0.8565,0.49722373485565186,0.9602065682411194,700,0.215,-2.041588306427002,0.9834869503974915,0.2625,-1.8085241317749023,0.9622242450714111,0.327597439289093,0.33203125,0.33081743121147156,28033.0,52.205991873561274,0.3118067861518666,0.9179845625131874,1.0,-1.7863613667322573,0.218,0.1,3,1.0,1.0,1.0,1.0,1.0,1.0,1.0,1.0,1.0,1.0,1.0,1.0,0.9999997615814209,1.0,1.0,1.0,1.0,0.9999997615814209,10000,10000,0.2405,0.13761467889908258,-0.7595000000000001,0.2155887230514096,0.351278600269179,-2.020400047302246,-2.367342233657837,-3.020400047302246,-2.1596603393554688,-1.6019965410232544,0.9882305860519409,0.1725,0.09553158705701079,-0.8275,0.11353711790393013,0.30873493975903615,-2.2868926525115967,-2.602815628051758,-3.2868926525115967,-2.4967963695526123,-1.760932445526123,0.9939111471176147,-0.027500000000000024,"[1, 2, 3, 4, 5, 6, 7, 8, 9]",0.0,32
concrete,256,0.435,0.4268292682926829,0.4277286135693215,0.45045045045045046,-1.2577261924743652,-1.2926807403564453,-1.2890843152999878,-1.1913732290267944,0.9996756315231323,tight,nan,0.61328125,0.43359375,0.43359375,0.0,none,v2_c-none_d-mixed_a-concrete_p-tight_s-04,mixed,44.99851965904236,19.332744598388672,0.10096973763089928,-0.2240110744961173,transformer,0.897,1.0,-0.10299999999999998,1.0,0.7098591549295775,0.587151050567627,1.0,-0.41284894943237305,1.0,-0.16295474767684937,0.9989351630210876,1.0,1.0,2,0.001,1.1934923804801656e-07,1.1934923804801656e-07,0.0,0.0,0.0,0.0,1.0,0.902,0.6491158604621887,0.9720587134361267,400,0.3435,-1.4008214473724365,0.9464033246040344,0.3635,-1.383682131767273,0.9509549736976624,0.5045071840286255,0.265625,0.26650652289390564,28033.0,50.89510207813641,0.30397733364188173,0.9023895960295603,0.997,-1.006622233803451,0.464,0.1,4,1.0,1.0,1.0,1.0,1.0,1.0,1.0,1.0,1.0,1.0,1.0,1.0,0.9999998807907104,1.0,1.0,1.0,1.0,0.9999998807907104,10000,10000,0.333,0.27522935779816515,-0.667,0.47429519071310117,0.2691790040376851,-1.6384748220443726,-1.899077296257019,-2.6384748220443726,-1.004963755607605,-1.9232300519943237,0.9952247142791748,0.3275,0.1864406779661017,-0.6725,0.36681222707423583,0.4246987951807229,-1.6897567510604858,-2.2540314197540283,-2.689756751060486,-1.5320965051651,-1.3013501167297363,0.9989857077598572,-0.10749999999999998,"[1, 2, 3, 4, 5, 6, 7, 8, 9]",0.0,32
concrete,256,0.47,0.4634146341463415,0.49557522123893805,0.45045045045045046,-1.118894100189209,-1.1575380563735962,-1.0095092058181763,-1.1921861171722412,0.9963567852973938,tight,nan,0.5341796875,0.44921875,0.4609375,0.0,none,v2_c-none_d-mixed_a-concrete_p-tight_s-05,mixed,79.2964735031128,19.560592651367188,0.04683174043417038,-0.3879394505996825,transformer,0.869,1.0,-0.131,1.0,0.6309859154929578,0.47918474674224854,1.0,-0.5208152532577515,1.0,-0.46708521246910095,0.9990621209144592,1.0,1.0,2,0.001,1.209026265769353e-07,1.209026265769353e-07,0.0,0.0,0.0,0.0,1.0,0.843,0.389316201210022,0.9938070178031921,700,0.5265,-0.7807732224464417,0.9604283571243286,0.437,-1.2266805171966553,0.9916868805885315,0.40756237506866455,0.296875,0.3046426773071289,28033.0,49.43701725138202,0.29526874048138413,0.9050798393616111,0.999,-1.5104850329953665,0.467,0.1,5,1.0,1.0,1.0,1.0,1.0,1.0,1.0,1.0,1.0,1.0,1.0,1.0,0.9999998807907104,1.0,1.0,1.0,1.0,0.9999998807907104,10000,10000,0.5615,0.518348623853211,-0.4385,0.6699834162520729,0.5114401076716016,-0.7529749870300293,-0.9261763691902161,-1.7529749870300293,-0.320065438747406,-0.9518588781356812,0.999528169631958,0.4755,0.2773497688751926,-0.5245,0.5749636098981077,0.5662650602409639,-1.0938026905059814,-1.890562891960144,-2.0938026905059814,-0.6931740641593933,-0.7295475006103516,0.9991579055786133,0.005500000000000005,"[1, 2, 3, 4, 5, 6, 7, 8, 9]",0.0,32
concrete,256,0.669,0.7987804878048781,0.6755162241887905,0.5345345345345346,-0.3231399953365326,0.19531050324440002,-0.2943513095378876,-0.8631133437156677,0.9989063739776611,wide,nan,0.35546875,0.6875,0.6875,0.0,none,v2_c-none_d-mixed_a-concrete_p-wide_s-00,mixed,94.3690197467804,37.5312385559082,0.04490295867424568,-0.21833238958879803,transformer,0.8515,1.0,-0.14849999999999997,1.0,0.5816901408450704,0.40955907106399536,1.0,-0.5904409289360046,1.0,-0.663213849067688,0.999297022819519,1.0,1.0,2,0.001,2.8507253446719005e-08,2.8507253446719005e-08,0.0,0.0,0.0,0.0,1.0,0.868,0.4747330844402313,0.990910530090332,400,0.575,-0.6359752416610718,0.9794976115226746,0.621,-0.4409395456314087,0.9714133739471436,-0.0428323894739151,0.537109375,0.5405508279800415,407041.0,101.99236635517717,0.1598632323038623,0.9250671978818038,0.998,-0.5105377406221727,0.538,0.1,0,1.0,1.0,1.0,1.0,1.0,1.0,1.0,1.0,1.0,1.0,1.0,1.0,1.0,1.0,1.0,1.0,1.0,1.0,10000,10000,0.63,0.7477064220183486,-0.37,0.6915422885572139,0.47644683714670255,-0.48743006587028503,-0.09927649050951004,-1.487430065870285,-0.20657595992088318,-1.0570228099822998,0.97773677110672,0.605,0.5208012326656395,-0.395,0.7161572052401747,0.572289156626506,-0.5844037532806396,-0.9338124990463257,-1.5844037532806396,-0.13583162426948547,-0.706998348236084,0.9931212067604065,-0.06400000000000006,"[1, 2, 3, 4, 5, 6, 7, 8, 9]",0.0,128
concrete,256,0.346,0.19207317073170732,0.36578171091445427,0.4774774774774775,-1.5891597270965576,-2.1780571937561035,-1.5376607179641724,-1.0615310668945312,0.9953685402870178,wide,nan,0.6640625,0.37109375,0.37109375,0.0,none,v2_c-none_d-mixed_a-concrete_p-wide_s-01,mixed,92.42438912391663,37.193206787109375,0.05732155297130299,-0.06300549302195001,transformer,0.902,1.0,-0.09799999999999998,1.0,0.723943661971831,0.60985267162323,1.0,-0.39014732837677,1.0,-0.09900669753551483,0.9978896379470825,1.0,1.0,2,0.001,2.437284862821798e-08,2.437284862821798e-08,0.0,0.0,0.0,0.0,1.0,0.8945,0.6081659197807312,0.9921021461486816,400,0.3825,-1.4648386240005493,0.9886625409126282,0.29,-1.7725951671600342,0.9778046607971191,0.2729561924934387,0.34765625,0.3523305654525757,407041.0,102.04587314492824,0.15994709905453677,0.9785995921925231,1.0,-0.9620071712185683,0.388,0.1,1,1.0,1.0,1.0,1.0,1.0,1.0,1.0,1.0,1.0,1.0,1.0,1.0,1.0,1.0,1.0,1.0,1.0,1.0,10000,10000,0.3685,0.17889908256880735,-0.6315,0.33665008291873966,0.5612382234185733,-1.5160027742385864,-2.2858595848083496,-2.5160027742385864,-1.618662714958191,-0.7550467848777771,0.9945134520530701,0.2615,0.05238828967642527,-0.7384999999999999,0.3333333333333333,0.39156626506024095,-1.9496574401855469,-2.7902071475982666,-2.949657440185547,-1.659720540046692,-1.4280755519866943,0.998506486415863,-0.08449999999999996,"[1, 2, 3, 4, 5, 6, 7, 8, 9]",0.0,128
concrete,256,0.538,0.6371951219512195,0.3893805309734513,0.5915915915915916,-0.8213995099067688,-0.4112304151058197,-1.4068171977996826,-0.6294443607330322,0.9884623885154724,wide,nan,0.5224609375,0.6015625,0.609375,0.0,none,v2_c-none_d-mixed_a-concrete_p-wide_s-02,mixed,88.37177515029907,37.27340316772461,0.06297758446597156,-0.13633876350246088,transformer,0.8745,1.0,-0.12549999999999994,1.0,0.6464788732394366,0.5043085217475891,1.0,-0.4956914782524109,1.0,-0.39631393551826477,0.9985752105712891,1.0,1.0,2,0.001,2.1009761042023456e-08,2.1009761042023456e-08,0.0,0.0,0.0,0.0,1.0,0.862,0.48096585273742676,0.9906079173088074,400,0.381,-1.3995554447174072,0.9696906208992004,0.4615,-1.1067944765090942,0.9655236005783081,0.45090538263320923,0.30859375,0.3013365864753723,407041.0,101.49702459787775,0.15908683170402524,0.9710747467277464,0.998,-0.13881117047072,0.57,0.1,2,1.0,1.0,1.0,1.0,1.0,1.0,1.0,1.0,1.0,1.0,1.0,1.0,1.0,1.0,1.0,1.0,1.0,1.0,10000,10000,0.481,0.3425076452599388,-0.519,0.6467661691542289,0.46837146702557203,-1.0775926113128662,-1.6299690008163452,-2.077592611312866,-0.4146716296672821,-1.1293922662734985,0.9969768524169922,0.4765,0.4714946070878274,-0.5235000000000001,0.462882096069869,0.4954819277108434,-1.0826753377914429,-1.1144696474075317,-2.082675337791443,-1.1203022003173828,-1.0126689672470093,0.995022714138031,-0.061500000000000055,"[1, 2, 3, 4, 5, 6, 7, 8, 9]",0.0,128
concrete,256,0.865,0.9146341463414634,0.9321533923303835,0.7477477477477478,0.47017645835876465,0.6585366725921631,0.7347202301025391,0.015334169380366802,0.9985041618347168,wide,1.0,0.1015625,0.88671875,0.88671875,1.0,none,v2_c-none_d-mixed_a-concrete_p-wide_s-03,mixed,74.06363034248352,37.70341110229492,0.05109324126253519,-0.1176933276714967,transformer,0.886,1.0,-0.11399999999999999,1.0,0.6788732394366197,0.5456796884536743,1.0,-0.4543203115463257,1.0,-0.27977532148361206,0.9978871941566467,1.0,1.0,2,0.001,2.766382678487389e-08,2.766382678487389e-08,0.0,0.0,0.0,0.0,1.0,0.854,0.45709776878356934,0.9880961775779724,400,0.777,0.21083278954029083,0.9749939441680908,0.896,0.6299708485603333,0.9663177132606506,0.6191993951797485,0.19921875,0.1974596083164215,407041.0,101.66378100108538,0.1593482063399593,0.9512667045895992,0.993,0.40454835716890325,0.827,0.1,3,1.0,1.0,1.0,1.0,1.0,1.0,1.0,1.0,1.0,1.0,1.0,1.0,1.0,1.0,1.0,1.0,1.0,1.0,10000,10000,0.7605,0.8853211009174312,-0.23950000000000005,0.9369817578772802,0.5074024226110363,0.05244699865579605,0.5734508037567139,-0.947553001344204,0.7483894228935242,-0.97095787525177,0.9975057244300842,0.819,0.7812018489984591,-0.18100000000000005,0.8573508005822417,0.8162650602409639,0.3047196567058563,0.1682368665933609,-0.6952803432941437,0.4563668370246887,0.2812192142009735,0.9927653670310974,-0.04600000000000004,"[1, 2, 3, 4, 5, 6, 7, 8, 9]",0.0,128
concrete,256,0.193,0.07317073170731707,0.23303834808259588,0.2702702702702703,-2.2257163524627686,-2.7073171138763428,-2.067694902420044,-1.912214994430542,0.9990130662918091,wide,nan,0.83984375,0.22265625,0.22265625,0.0,none,v2_c-none_d-mixed_a-concrete_p-wide_s-04,mixed,70.56027293205261,37.839664459228516,0.023812489222089263,-0.06660929228071055,transformer,0.861,0.9924698795180723,-0.139,0.9920127795527156,0.6225352112676056,0.4487640857696533,0.9885998368263245,-0.5512359142303467,0.9632703065872192,-0.5097314119338989,0.9974514842033386,1.0,1.0,2,0.001,2.619715999685468e-08,2.619715999685468e-08,0.0,0.0,0.0,0.0,1.0,0.856,0.4709133505821228,0.9875814914703369,400,0.2085,-2.1573102474212646,0.9934225082397461,0.1115,-2.533719301223755,0.9962706565856934,0.34334811568260193,0.337890625,0.33755332231521606,407041.0,101.65167239945588,0.15932922727060003,0.9693283249838422,0.992,-1.5722156370734455,0.265,0.1,4,1.0,1.0,1.0,1.0,1.0,1.0,1.0,1.0,1.0,1.0,1.0,1.0,1.0,1.0,1.0,1.0,1.0,1.0,10000,10000,0.2035,0.12538226299694188,-0.7965,0.18076285240464346,0.29071332436069985,-2.176755428314209,-2.4984710216522217,-3.176755428314209,-2.2769486904144287,-1.8122620582580566,0.9986545443534851,0.111,0.0,-0.889,0.1324599708879185,0.19728915662650603,-2.5562119483947754,-3.0,-3.5562119483947754,-2.4701600074768066,-2.211482048034668,0.9997023940086365,-0.082,"[1, 2, 3, 4, 5, 6, 7, 8, 9]",0.0,128
concrete,256,0.664,0.5853658536585366,0.696165191740413,0.7087087087087087,-0.3093286156654358,-0.5715480446815491,-0.19724203646183014,-0.16515254974365234,0.9918305277824402,wide,nan,0.359375,0.67578125,0.640625,0.0,none,v2_c-none_d-mixed_a-concrete_p-wide_s-05,mixed,92.89536428451538,37.933067321777344,0.01255275244486039,-0.11947845323068011,transformer,0.882,1.0,-0.118,1.0,0.6676056338028169,0.5314391851425171,1.0,-0.4685608148574829,1.0,-0.3198896050453186,0.9994277358055115,1.0,1.0,2,0.001,2.9344972674039127e-08,2.9344972674039127e-08,0.0,0.0,0.0,0.0,1.0,0.894,0.5955331921577454,0.9849841594696045,400,0.5905,-0.6127142310142517,0.9824320673942566,0.5785,-0.647980272769928,0.9825974702835083,0.6979894638061523,0.14453125,0.13380631804466248,407041.0,100.41728972494694,0.15739445105843042,0.9438476646380738,0.996,-0.996187825035955,0.455,0.1,5,1.0,1.0,1.0,1.0,1.0,1.0,1.0,1.0,1.0,1.0,1.0,1.0,1.0,1.0,1.0,1.0,1.0,1.0,10000,10000,0.5575,0.617737003058104,-0.4425,0.5207296849087893,0.5343203230148048,-0.7534972429275513,-0.5290517807006836,-1.7534972429275513,-0.9113476276397705,-0.8229502439498901,0.9914705157279968,0.553,0.5747303543913713,-0.44699999999999995,0.5400291120815138,0.5451807228915663,-0.780241072177887,-0.7010793089866638,-1.780241072177887,-0.8250524401664734,-0.811251163482666,0.9986225962638855,-0.11099999999999999,"[1, 2, 3, 4, 5, 6, 7, 8, 9]",0.0,128
invariant,256,0.174,0.04878048780487805,0.13274336283185842,0.33933933933933935,-2.2789623737335205,-2.7464375495910645,-2.4709267616271973,-1.6230835914611816,0.9912381768226624,moderate,nan,0.83203125,0.12890625,0.12890625,0.0,none,v2_c-none_d-mixed_a-invariant_p-moderate_s-00,mixed,90.85966658592224,28.601953506469727,0.021919559208414773,-0.16884558678154804,transformer,0.8755,1.0,-0.12450000000000006,1.0,0.6492957746478873,0.5085615515708923,1.0,-0.49143844842910767,1.0,-0.3843335509300232,0.99809730052948,1.0,1.0,2,0.001,6.587276146774457e-08,6.587276146774457e-08,2.017905119089641e-16,0.0,0.0,0.0,1.0,0.8805,0.579517126083374,0.9726872444152832,400,0.184,-2.1692612171173096,0.9819135665893555,0.141,-2.3646762371063232,0.9859849810600281,0.6763588190078735,0.16796875,0.16823595762252808,105217.0,71.43600280061817,0.22022883845738553,0.9172519619477854,0.997,-1.9525320391239727,0.175,0.1,0,1.0,1.0,1.0,1.0,1.0,1.0,1.0,1.0,1.0,1.0,1.0,1.0,0.9999998807907104,1.0,1.0,1.0,1.0,0.9999999403953552,10000,10000,0.3785,0.25535168195718655,-0.6214999999999999,0.25538971807628524,0.5868102288021534,-1.4493991136550903,-1.916166067123413,-2.4493991136550903,-1.939762830734253,-0.6405768990516663,0.9927860498428345,0.291,0.1941448382126348,-0.7090000000000001,0.31004366812227074,0.36596385542168675,-1.8358769416809082,-2.2234244346618652,-2.835876941680908,-1.7595248222351074,-1.536081075668335,0.9998094439506531,0.11699999999999999,"[1, 2, 3, 4, 5, 6, 7, 8, 9]",0.0,64
invariant,256,0.65,0.6310975609756098,0.7699115044247787,0.5465465465465466,-0.3947191536426544,-0.47563785314559937,0.08030669391155243,-0.7986003160476685,0.9991535544395447,moderate,nan,0.376953125,0.70703125,0.7109375,0.0,none,v2_c-none_d-mixed_a-invariant_p-moderate_s-01,mixed,79.52042531967163,29.420255661010742,0.05623712034326302,-0.17482440237361851,transformer,0.8435,1.0,-0.15649999999999997,1.0,0.5591549295774648,0.3812722861766815,1.0,-0.6187277138233185,1.0,-0.7428950071334839,0.9978137016296387,1.0,1.0,2,0.001,2.4017859701075395e-08,2.4017857924718555e-08,1.8841790513880394e-15,0.0,0.0,0.0,1.0,0.89,0.5852234959602356,0.9833264946937561,400,0.556,-0.677427351474762,0.9658277034759521,0.477,-0.9568699598312378,0.9651035666465759,0.17823795974254608,0.42578125,0.4254489541053772,105217.0,72.39315087134459,0.2231796139709055,0.908172889826893,0.999,-0.08133061145273768,0.67,0.1,1,1.0,1.0,1.0,1.0,1.0,1.0,1.0,1.0,1.0,1.0,1.0,1.0,1.0,1.0,1.0,1.0,1.0,1.0,10000,10000,0.527,0.6574923547400612,-0.473,0.6832504145936982,0.2853297442799462,-0.8931424617767334,-0.37002992630004883,-1.8931424617767334,-0.27079254388809204,-1.8586777448654175,0.9984698295593262,0.501,0.4391371340523883,-0.499,0.5065502183406113,0.5557228915662651,-0.9893491268157959,-1.2436100244522095,-1.989349126815796,-0.9527716636657715,-0.7786762118339539,0.997851550579071,-0.14900000000000002,"[1, 2, 3, 4, 5, 6, 7, 8, 9]",0.0,64
invariant,256,0.273,0.2652439024390244,0.20648967551622419,0.3483483483483483,-1.9013768434524536,-1.9226415157318115,-2.1743967533111572,-1.602492094039917,0.9979816675186157,moderate,nan,0.7236328125,0.25,0.25,0.0,none,v2_c-none_d-mixed_a-invariant_p-moderate_s-02,mixed,97.370685338974,28.731918334960938,0.09740719748371016,-0.09345806026214938,transformer,0.8925,1.0,-0.10750000000000004,1.0,0.6971830985915493,0.569333016872406,1.0,-0.430666983127594,1.0,-0.21314629912376404,0.9993156790733337,1.0,1.0,2,0.001,4.050769319974279e-08,4.050769319974279e-08,3.2091007877031643e-16,0.0,0.0,0.0,1.0,0.881,0.5674024820327759,0.9739769101142883,400,0.351,-1.353124976158142,0.9390816688537598,0.3935,-1.233398675918579,0.9436630010604858,0.10020408034324646,0.458984375,0.4631039500236511,105217.0,71.55594736909792,0.22059861352821777,0.9289549546482175,0.999,-1.1809715821769267,0.39,0.1,2,1.0,1.0,1.0,1.0,1.0,1.0,1.0,1.0,1.0,1.0,1.0,1.0,0.9999999403953552,1.0,1.0,1.0,1.0,0.9999999403953552,10000,10000,0.2595,0.12996941896024464,-0.7404999999999999,0.15091210613598674,0.4616419919246299,-1.943407416343689,-2.48012113571167,-2.943407416343689,-2.335434675216675,-1.1528242826461792,0.9907404780387878,0.3235,0.21417565485362094,-0.6765,0.3318777292576419,0.42168674698795183,-1.6988283395767212,-2.143296718597412,-2.698828339576721,-1.654493808746338,-1.3102705478668213,0.9966699481010437,0.05049999999999999,"[1, 2, 3, 4, 5, 6, 7, 8, 9]",0.0,64
invariant,256,0.607,0.5426829268292683,0.6578171091445427,0.6186186186186187,-0.5714249610900879,-0.8292679190635681,-0.36873579025268555,-0.5237948894500732,0.9995508790016174,moderate,nan,0.3984375,0.59765625,0.40234375,0.0,none,v2_c-none_d-mixed_a-invariant_p-moderate_s-03,mixed,90.65710806846619,29.177026748657227,0.12769188003272583,-0.03776498842830287,transformer,0.854,1.0,-0.14600000000000002,1.0,0.5887323943661972,0.4210861325263977,1.0,-0.5789138674736023,1.0,-0.6307433843612671,0.9988778829574585,1.0,1.0,2,0.001,3.69584967074843e-08,3.69584967074843e-08,1.3061270545973973e-16,0.0,0.0,0.0,1.0,0.861,0.4998478889465332,0.9644690752029419,400,0.8075,0.2996303141117096,0.9428885579109192,0.732,-0.005017103161662817,0.9518865346908569,0.4926113486289978,0.251953125,0.2527633309364319,105217.0,72.48970911459,0.22347729173729416,0.9104711700784714,0.993,-0.6516188456490741,0.595,0.1,3,1.0,1.0,1.0,1.0,1.0,1.0,1.0,1.0,1.0,1.0,1.0,1.0,0.9999999403953552,1.0,1.0,1.0,1.0,0.9999999403953552,10000,10000,0.8485,0.9113149847094801,-0.15149999999999997,0.9502487562189055,0.7106325706594886,0.40596890449523926,0.6452600359916687,-0.5940310955047607,0.8009950518608093,-0.12525205314159393,0.9917339086532593,0.7545,0.6147919876733436,-0.24550000000000005,0.8384279475982532,0.8042168674698795,0.02017366513609886,-0.5408316850662231,-0.9798263348639011,0.35371193289756775,0.22341418266296387,0.9995776414871216,0.14749999999999996,"[1, 2, 3, 4, 5, 6, 7, 8, 9]",0.0,64
invariant,256,0.542,0.38109756097560976,0.640117994100295,0.6006006006006006,-0.817665159702301,-1.4756078720092773,-0.4320378601551056,-0.5621768832206726,0.9962197542190552,moderate,nan,0.48046875,0.48046875,0.41796875,0.0,none,v2_c-none_d-mixed_a-invariant_p-moderate_s-04,mixed,93.0742859840393,29.60943603515625,0.09107979326782928,-0.1894904270065822,transformer,0.8795,1.0,-0.12050000000000005,1.0,0.6605633802816901,0.518781840801239,1.0,-0.481218159198761,1.0,-0.3555440902709961,0.9990355968475342,1.0,1.0,2,0.001,6.060781743144616e-08,6.060781743144616e-08,6.093603197546312e-16,0.0,0.0,0.0,1.0,0.883,0.5873026847839355,0.9732711911201477,400,0.249,-1.7275481224060059,0.9315739870071411,0.3515,-1.4244260787963867,0.9426382780075073,0.23061177134513855,0.41796875,0.4188504219055176,105217.0,72.29734847141586,0.22288426638102676,0.9319699371587402,0.99,-1.4377375944688122,0.483,0.1,4,1.0,1.0,1.0,1.0,1.0,1.0,1.0,1.0,1.0,1.0,1.0,1.0,0.9999999403953552,1.0,1.0,1.0,1.0,0.9999999403953552,10000,10000,0.509,0.4510703363914373,-0.491,0.6235489220563848,0.4670255720053836,-0.960536003112793,-1.1847102642059326,-1.960536003112793,-0.5142641067504883,-1.1253972053527832,0.9951240420341492,0.5495,0.3852080123266564,-0.4505,0.6433770014556041,0.6129518072289156,-0.8002570867538452,-1.4599428176879883,-1.8002570867538452,-0.4287981688976288,-0.5397996306419373,0.9969508051872253,0.007499999999999951,"[1, 2, 3, 4, 5, 6, 7, 8, 9]",0.0,64
invariant,256,0.136,0.0,0.12389380530973451,0.2822822822822823,-2.4513354301452637,-2.9999992847442627,-2.4909472465515137,-1.8705832958221436,0.9986243844032288,moderate,nan,0.8603515625,0.13671875,0.13671875,0.0,none,v2_c-none_d-mixed_a-invariant_p-moderate_s-05,mixed,59.769883155822754,29.05839729309082,0.03440969284387648,-0.1938650861983261,transformer,0.899,1.0,-0.10099999999999998,1.0,0.7154929577464789,0.6009595990180969,1.0,-0.3990404009819031,0.9996010065078735,-0.12370577454566956,0.9959554672241211,1.0,1.0,2,0.001,5.251077794810044e-08,5.251077794810044e-08,2.2018145007842707e-16,0.0,0.0,0.0,1.0,0.8975,0.6615516543388367,0.9712263345718384,400,0.349,-1.3700683116912842,0.9299311637878418,0.1845,-2.134606122970581,0.9567664861679077,0.4884289503097534,0.255859375,0.2555546760559082,105217.0,70.70475745183056,0.217974494604464,0.960864635506832,0.997,-2.2273393066531355,0.117,0.1,5,1.0,1.0,1.0,1.0,1.0,1.0,1.0,1.0,1.0,1.0,1.0,1.0,0.9999999403953552,1.0,1.0,1.0,1.0,0.9999999403953552,10000,10000,0.3565,0.21253822629969418,-0.6435,0.2802653399668325,0.5450874831763123,-1.5480204820632935,-2.1538827419281006,-2.5480204820632935,-1.811350703239441,-0.8010188341140747,0.991798460483551,0.213,0.06317411402157165,-0.787,0.18631732168850074,0.3870481927710843,-2.1366705894470215,-2.747302532196045,-3.1366705894470215,-2.2419347763061523,-1.430922508239746,0.9978647232055664,0.07699999999999999,"[1, 2, 3, 4, 5, 6, 7, 8, 9]",0.0,64
invariant,256,0.273,0.32926829268292684,0.15339233038348082,0.33933933933933935,-1.9042607545852661,-1.6829249858856201,-2.3861563205718994,-1.6316951513290405,0.9994785189628601,tight,nan,0.7490234375,0.3125,0.31640625,0.0,none,v2_c-none_d-mixed_a-invariant_p-tight_s-00,mixed,76.05515050888062,20.03360366821289,-0.014930445879427464,-0.5723575552137949,transformer,0.8485,1.0,-0.15149999999999997,0.9073482428115016,0.6549295774647887,0.39796802401542664,1.0,-0.6020319759845734,0.629651665687561,-0.3693321943283081,0.9990710616111755,1.0,1.0,2,0.001,1.6388028711844527e-07,1.6388028711844527e-07,5.104980328708101e-15,0.0,0.0,0.0,1.0,0.848,0.42557111382484436,0.984541118144989,700,0.2685,-1.836135983467102,0.9809271693229675,0.234,-2.0231447219848633,0.9921666383743286,0.5715992450714111,0.224609375,0.2227010428905487,28033.0,51.50892381420838,0.30764346038186013,0.8705692042637044,1.0,-3.0798199755191265,0.273,0.1,0,1.0,1.0,1.0,1.0,1.0,1.0,1.0,1.0,1.0,1.0,1.0,1.0,0.9999997615814209,1.0,1.0,1.0,1.0,0.9999997615814209,10000,10000,0.288,0.21253822629969418,-0.712,0.3117744610281924,0.3351278600269179,-1.8479965925216675,-2.1498403549194336,-2.8479965925216675,-1.7529003620147705,-1.6594868898391724,0.9999993443489075,0.281,0.25115562403698,-0.719,0.16302765647743814,0.4322289156626506,-1.8743160963058472,-1.9938795566558838,-2.874316096305847,-2.347226619720459,-1.2681620121002197,0.9990427494049072,0.008000000000000007,"[1, 2, 3, 4, 5, 6, 7, 8, 9]",0.0,32
invariant,256,0.053,0.0,0.032448377581120944,0.12612612612612611,-2.7873167991638184,-2.99999737739563,-2.8687427043914795,-2.4949374198913574,0.9988303184509277,tight,nan,0.9228515625,0.0546875,0.0546875,0.0,none,v2_c-none_d-mixed_a-invariant_p-tight_s-01,mixed,85.22163820266724,20.229625701904297,0.07255389123156095,-0.211454337271316,transformer,0.884,1.0,-0.11599999999999999,1.0,0.6732394366197183,0.537420392036438,1.0,-0.462579607963562,1.0,-0.3030410408973694,0.9990159869194031,1.0,1.0,2,0.001,1.4841296547274396e-07,1.4841296547274396e-07,6.294660973016342e-15,0.0,0.0,0.0,1.0,0.873,0.5328596830368042,0.9824415445327759,700,0.2205,-2.0851380825042725,0.9884350299835205,0.106,-2.480144500732422,0.9795229434967041,0.7742736339569092,0.119140625,0.11880442500114441,28033.0,52.631406998587394,0.31434763095060253,0.9213518960577053,1.0,-2.366943133640078,0.084,0.1,1,1.0,1.0,1.0,1.0,1.0,1.0,1.0,1.0,1.0,1.0,1.0,1.0,0.9999997615814209,1.0,1.0,1.0,1.0,0.9999997615814209,10000,10000,0.187,0.0,-0.813,0.23880597014925373,0.30955585464333785,-2.2260518074035645,-2.9999964237213135,-3.2260518074035645,-2.044774055480957,-1.6919336318969727,0.9959672689437866,0.1,0.01078582434514638,-0.9,0.08442503639010189,0.2033132530120482,-2.5965065956115723,-2.9568774700164795,-3.5965065956115723,-2.662536382675171,-2.1759603023529053,0.9990280866622925,0.04700000000000001,"[1, 2, 3, 4, 5, 6, 7, 8, 9]",0.0,32
invariant,256,0.706,0.7774390243902439,0.6607669616519174,0.6816816816816816,-0.1710243821144104,0.1098935529589653,-0.348876029253006,-0.2666681110858917,0.9991763234138489,tight,nan,0.31640625,0.7109375,0.7109375,0.0,none,v2_c-none_d-mixed_a-invariant_p-tight_s-02,mixed,90.90155410766602,19.84520149230957,0.14062228284454464,-0.12384916506299397,transformer,0.887,1.0,-0.11299999999999999,1.0,0.6816901408450704,0.5551077127456665,1.0,-0.4448922872543335,1.0,-0.2532177269458771,0.9962587952613831,1.0,1.0,2,0.001,1.3149264077583211e-07,1.3149264077583211e-07,5.672374665788814e-15,0.0,0.0,0.0,1.0,0.879,0.5267889499664307,0.9901646375656128,1000,0.5995,-0.5561723113059998,0.9867613315582275,0.632,-0.4410404562950134,0.9915097951889038,0.40577051043510437,0.302734375,0.30211341381073,28033.0,51.466451332751035,0.3073897881984988,0.9215534045169602,1.0,0.06906985752350314,0.705,0.1,2,1.0,1.0,1.0,1.0,1.0,1.0,1.0,1.0,1.0,1.0,1.0,1.0,0.9999998807907104,1.0,1.0,1.0,1.0,0.9999997615814209,10000,10000,0.614,0.7308868501529052,-0.386,0.5257048092868989,0.5827725437415882,-0.5424076318740845,-0.07643949240446091,-1.5424076318740845,-0.8919206857681274,-0.6689041256904602,0.9986468553543091,0.7095,0.7981510015408321,-0.2905,0.7307132459970888,0.6009036144578314,-0.1604170799255371,0.19276908040046692,-1.160417079925537,-0.0768766775727272,-0.5920587778091431,0.9992197155952454,0.0035000000000000586,"[1, 2, 3, 4, 5, 6, 7, 8, 9]",0.0,32
invariant,256,0.209,0.11585365853658537,0.22123893805309736,0.2882882882882883,-2.157245635986328,-2.536470413208008,-2.1049985885620117,-1.8369030952453613,0.998457133769989,tight,nan,0.76953125,0.22265625,0.22265625,0.0,none,v2_c-none_d-mixed_a-invariant_p-tight_s-03,mixed,73.77606415748596,19.67244529724121,0.11791645828875609,-0.2254020685794348,transformer,0.856,1.0,-0.14400000000000002,1.0,0.5943661971830986,0.42901185154914856,1.0,-0.5709881484508514,1.0,-0.6084174513816833,0.9984522461891174,1.0,1.0,2,0.001,1.1950328371312935e-07,1.1950328371312935e-07,2.336754472578406e-15,0.0,0.0,0.0,1.0,0.8745,0.6124635934829712,0.9231066107749939,700,0.2295,-1.7988437414169312,0.9237059354782104,0.2295,-1.7739250659942627,0.9189117550849915,0.3175787627696991,0.353515625,0.35612452030181885,28033.0,52.15200359163851,0.31148433441649936,0.9217925683547425,1.0,-1.4345751610458892,0.217,0.1,3,1.0,1.0,1.0,1.0,1.0,1.0,1.0,1.0,1.0,1.0,1.0,1.0,0.9999998807907104,1.0,1.0,1.0,1.0,0.9999998807907104,10000,10000,0.274,0.27522935779816515,-0.726,0.11940298507462686,0.3983849259757739,-1.9053512811660767,-1.933288812637329,-2.9053512811660767,-2.5207793712615967,-1.3812943696975708,0.9893651604652405,0.176,0.0,-0.8240000000000001,0.20232896652110627,0.3207831325301205,-2.284015655517578,-2.996535301208496,-3.284015655517578,-2.1746420860290527,-1.700754165649414,0.9973762035369873,-0.033,"[1, 2, 3, 4, 5, 6, 7, 8, 9]",0.0,32
invariant,256,0.394,0.3018292682926829,0.415929203539823,0.4624624624624625,-1.4223285913467407,-1.7891823053359985,-1.3348034620285034,-1.1500853300094604,0.9991402626037598,tight,nan,0.6435546875,0.39453125,0.39453125,0.0,none,v2_c-none_d-mixed_a-invariant_p-tight_s-04,mixed,81.11573624610901,19.33571434020996,0.09880115422996252,-0.21355778694068564,transformer,0.907,1.0,-0.09299999999999997,1.0,0.7380281690140845,0.6311262845993042,1.0,-0.3688737154006958,1.0,-0.03908079117536545,0.9995751976966858,1.0,1.0,2,0.001,1.0806471095747838e-07,1.0806471095747838e-07,3.796480020141395e-16,0.0,0.0,0.0,1.0,0.876,0.6163171529769897,0.9628728628158569,400,0.2935,-1.6622647047042847,0.9484992623329163,0.259,-1.8187023401260376,0.9681448936462402,0.4276435375213623,0.326171875,0.32597434520721436,28033.0,50.89446250387643,0.3039735137049865,0.9109705920547742,0.996,-1.8441213647939607,0.412,0.1,4,1.0,1.0,1.0,1.0,1.0,1.0,1.0,1.0,1.0,1.0,1.0,1.0,0.9999998807907104,1.0,1.0,1.0,1.0,0.9999998807907104,10000,10000,0.2485,0.1743119266055046,-0.7515000000000001,0.26865671641791045,0.297442799461642,-1.9861841201782227,-2.3013415336608887,-2.9861841201782227,-1.9243212938308716,-1.7589839696884155,0.997075617313385,0.2435,0.13097072419106318,-0.7565,0.21542940320232898,0.3825301204819277,-2.024423837661743,-2.47611403465271,-3.024423837661743,-2.1356115341186523,-1.467897653579712,0.9994035363197327,-0.15050000000000002,"[1, 2, 3, 4, 5, 6, 7, 8, 9]",0.0,32
invariant,256,0.458,0.4969512195121951,0.4424778761061947,0.43543543543543545,-1.1636649370193481,-0.9967836737632751,-1.2328989505767822,-1.257558822631836,0.9975253939628601,tight,nan,0.5419921875,0.453125,0.44921875,0.0,none,v2_c-none_d-mixed_a-invariant_p-tight_s-05,mixed,88.30544233322144,19.571136474609375,0.05311550082503629,-0.3964647700159202,transformer,0.8765,1.0,-0.12350000000000005,1.0,0.652112676056338,0.512974202632904,1.0,-0.48702579736709595,1.0,-0.37190356850624084,0.9988986849784851,1.0,1.0,2,0.001,5.514158729624796e-08,5.514158729624796e-08,5.326633392653264e-16,0.0,0.0,0.0,1.0,0.869,0.4986242353916168,0.990410566329956,700,0.474,-1.0267760753631592,0.9808173775672913,0.38,-1.4076238870620728,0.982237696647644,0.45713168382644653,0.25,0.2484360933303833,28033.0,49.43443086016439,0.2952532929378291,0.8946741498321482,0.997,-1.2433758820118088,0.429,0.1,5,1.0,1.0,1.0,1.0,1.0,1.0,1.0,1.0,1.0,1.0,1.0,1.0,0.9999999403953552,1.0,1.0,1.0,1.0,0.9999999403953552,10000,10000,0.583,0.599388379204893,-0.41700000000000004,0.6053067993366501,0.550471063257066,-0.6472050547599792,-0.6095446944236755,-1.6472050547599792,-0.49894604086875916,-0.8006775975227356,0.9909783601760864,0.4515,0.24191063174114022,-0.5485,0.5429403202328966,0.5617469879518072,-1.1885687112808228,-2.0323562622070312,-2.1885687112808228,-0.8296191692352295,-0.7352256178855896,0.9983076453208923,-0.006500000000000006,"[1, 2, 3, 4, 5, 6, 7, 8, 9]",0.0,32
invariant,256,0.197,0.027439024390243903,0.17404129793510326,0.38738738738738737,-2.1990325450897217,-2.8901875019073486,-2.3036913871765137,-1.4117100238800049,0.99628084897995,wide,nan,0.828125,0.21875,0.21875,0.0,none,v2_c-none_d-mixed_a-invariant_p-wide_s-00,mixed,81.34484648704529,37.578712463378906,0.049687297231839046,-0.20577329934614103,transformer,0.8235,1.0,-0.1765,1.0,0.5028169014084507,0.2940003275871277,1.0,-0.7059996724128723,1.0,-0.9887314438819885,0.9999938011169434,1.0,1.0,2,0.001,1.7402573604385907e-08,1.7402573604385907e-08,1.6778405813572505e-17,0.0,0.0,0.0,1.0,0.8585,0.441159725189209,0.9924356341362,400,0.2905,-1.7919812202453613,0.9778944849967957,0.285,-1.7658250331878662,0.9707200527191162,0.5145912766456604,0.2578125,0.2573639750480652,407041.0,101.9474302762915,0.15979279931878274,0.9356846702229542,0.993,-1.3897319682475322,0.342,0.1,0,1.0,1.0,1.0,1.0,1.0,1.0,1.0,1.0,1.0,1.0,1.0,1.0,1.0,1.0,1.0,1.0,1.0,1.0,10000,10000,0.282,0.09785932721712538,-0.718,0.3034825870646766,0.4266487213997308,-1.86190927028656,-2.6181998252868652,-2.86190927028656,-1.786069393157959,-1.2577605247497559,0.9949761629104614,0.2705,0.12018489984591679,-0.7295,0.29112081513828236,0.3960843373493976,-1.9089299440383911,-2.4904263019561768,-2.908929944038391,-1.833734154701233,-1.4183706045150757,0.9971051216125488,0.07350000000000001,"[1, 2, 3, 4, 5, 6, 7, 8, 9]",0.0,128
invariant,256,0.535,0.5426829268292683,0.5221238938053098,0.5405405405405406,-0.859369158744812,-0.8278830647468567,-0.9161668419837952,-0.8325611352920532,0.9971335530281067,wide,nan,0.484375,0.5234375,0.54296875,0.0,none,v2_c-none_d-mixed_a-invariant_p-wide_s-01,mixed,83.48973751068115,37.23815155029297,0.05921416239445192,-0.046088736144904566,transformer,0.8615,1.0,-0.13849999999999996,1.0,0.6098591549295774,0.4532739222049713,1.0,-0.5467260777950287,1.0,-0.5400733351707458,0.9987102150917053,1.0,1.0,2,0.001,2.3737161569670207e-08,2.3737161569670207e-08,7.902667578930077e-16,0.0,0.0,0.0,1.0,0.8695,0.5162916779518127,0.9861208200454712,400,0.6205,-0.5273672938346863,0.9769376516342163,0.5005,-0.8709290027618408,0.9736690521240234,0.13803337514400482,0.451171875,0.4491956830024719,407041.0,102.04559998573778,0.15994667090375767,0.9824409111181834,0.999,-0.5813062534098796,0.528,0.1,1,1.0,1.0,1.0,1.0,1.0,1.0,1.0,1.0,1.0,1.0,1.0,1.0,1.0,1.0,1.0,1.0,1.0,1.0,10000,10000,0.634,0.6314984709480123,-0.366,0.724709784411277,0.5625841184387618,-0.4419182240962982,-0.42153626680374146,-1.4419182240962982,-0.09172480553388596,-0.7440667748451233,0.9970219135284424,0.5945,0.5639445300462249,-0.40549999999999997,0.62882096069869,0.588855421686747,-0.6113433241844177,-0.7179687023162842,-1.6113433241844177,-0.4775637090206146,-0.645540177822113,0.9951756596565247,0.0595,"[1, 2, 3, 4, 5, 6, 7, 8, 9]",0.0,128
invariant,256,0.632,0.6676829268292683,0.6312684365781711,0.5975975975975976,-0.4644094705581665,-0.325849324464798,-0.47193747758865356,-0.5932255387306213,0.9985721707344055,wide,nan,0.46875,0.69921875,0.69921875,0.0,none,v2_c-none_d-mixed_a-invariant_p-wide_s-02,mixed,80.53889727592468,37.27372360229492,0.07140592580799361,-0.12484015732666642,transformer,0.871,1.0,-0.129,1.0,0.6366197183098592,0.49162599444389343,1.0,-0.5083740055561066,1.0,-0.43203938007354736,0.9982849359512329,1.0,1.0,2,0.001,2.2676001520949285e-08,2.2675999744592445e-08,1.1285621349661594e-15,0.0,0.0,0.0,1.0,0.869,0.5130990147590637,0.9856240153312683,400,0.4975,-0.9043786525726318,0.9685481786727905,0.6205,-0.38779744505882263,0.9627642631530762,0.3858243525028229,0.35546875,0.3549233675003052,407041.0,101.4899819457297,0.159075793023616,0.9743712710004208,0.997,-0.5605514050805933,0.374,0.1,2,1.0,1.0,1.0,1.0,1.0,1.0,1.0,1.0,1.0,1.0,1.0,1.0,1.0,1.0,1.0,1.0,1.0,1.0,10000,10000,0.506,0.599388379204893,-0.494,0.5406301824212272,0.39569313593539707,-0.9498406052589417,-0.6024464964866638,-1.9498406052589417,-0.7974848747253418,-1.3792701959609985,0.996014416217804,0.633,0.7180277349768875,-0.367,0.6142649199417758,0.5692771084337349,-0.4559556245803833,-0.12898455560207367,-1.4559556245803833,-0.5107604265213013,-0.7188370823860168,0.995871365070343,0.0010000000000000009,"[1, 2, 3, 4, 5, 6, 7, 8, 9]",0.0,128
invariant,256,0.908,1.0,0.9321533923303835,0.7927927927927928,0.6320026516914368,1.0,0.728613555431366,0.17117905616760254,0.9999997019767761,wide,1.0,0.08203125,0.90625,0.90625,1.0,none,v2_c-none_d-mixed_a-invariant_p-wide_s-03,mixed,86.30389094352722,37.6985969543457,0.051449345167288565,-0.12256141915981525,transformer,0.8605,1.0,-0.13949999999999996,1.0,0.6070422535211267,0.44701215624809265,1.0,-0.5529878437519073,1.0,-0.557712197303772,0.9978685975074768,1.0,1.0,2,0.001,2.1423003815357333e-08,2.1423003815357333e-08,3.526190747881364e-16,0.0,0.0,0.0,1.0,0.9,0.6457580327987671,0.9851683378219604,400,0.7925,0.23304100334644318,0.9853020310401917,0.9305,0.7388175129890442,0.972373366355896,0.8554273247718811,0.07421875,0.07409392297267914,407041.0,101.73186088331074,0.15945491501254283,0.943321429778177,0.993,0.7076470692183631,0.918,0.1,3,1.0,1.0,1.0,1.0,1.0,1.0,1.0,1.0,1.0,1.0,1.0,1.0,1.0,1.0,1.0,1.0,1.0,1.0,10000,10000,0.8295,1.0,-0.17049999999999998,1.0,0.5410497981157469,0.31735584139823914,1.0,-0.6826441586017609,1.0,-0.8375347852706909,0.9984241127967834,0.9045,0.884437596302003,-0.09550000000000003,0.9694323144104804,0.8569277108433735,0.627562403678894,0.5377504825592041,-0.37243759632110596,0.8777292370796204,0.4565131962299347,0.99848473072052,-0.0035000000000000586,"[1, 2, 3, 4, 5, 6, 7, 8, 9]",0.0,128
invariant,256,0.232,0.06707317073170732,0.3008849557522124,0.32432432432432434,-2.062455654144287,-2.731687307357788,-1.7963457107543945,-1.6741772890090942,0.9966347217559814,wide,nan,0.7578125,0.29296875,0.29296875,0.0,none,v2_c-none_d-mixed_a-invariant_p-wide_s-04,mixed,87.83599805831909,37.829803466796875,0.03142148318819507,-0.061071623727064046,transformer,0.886,1.0,-0.11399999999999999,1.0,0.6788732394366197,0.5496102571487427,1.0,-0.4503897428512573,1.0,-0.2687036693096161,0.9982332587242126,1.0,1.0,2,0.001,2.5259902614038765e-08,2.5259900837681926e-08,1.4522824572972288e-15,0.0,0.0,0.0,1.0,0.872,0.5529015064239502,0.9729608297348022,400,0.354,-1.5738811492919922,0.9752395749092102,0.155,-2.3262860774993896,0.9828985929489136,0.408083438873291,0.3046875,0.3060334622859955,407041.0,101.6968159670734,0.15939998547432613,0.9703861463173967,0.996,-1.2503259499250334,0.278,0.1,4,1.0,1.0,1.0,1.0,1.0,1.0,1.0,1.0,1.0,1.0,1.0,1.0,1.0,1.0,1.0,1.0,1.0,1.0,10000,10000,0.2225,0.12538226299694188,-0.7775,0.28689883913764513,0.2557200538358008,-2.1048905849456787,-2.4984710216522217,-3.1048905849456787,-1.8523569107055664,-1.9634054899215698,0.9993005990982056,0.096,0.0,-0.904,0.08151382823871907,0.20481927710843373,-2.611527919769287,-2.999999523162842,-3.611527919769287,-2.666476011276245,-2.174980878829956,0.9992079138755798,-0.136,"[1, 2, 3, 4, 5, 6, 7, 8, 9]",0.0,128
invariant,256,0.311,0.18597560975609756,0.3834808259587021,0.36036036036036034,-1.7558565139770508,-2.2560980319976807,-1.462903618812561,-1.5613573789596558,0.9980323314666748,wide,nan,0.70703125,0.296875,0.296875,0.0,none,v2_c-none_d-mixed_a-invariant_p-wide_s-05,mixed,90.03218650817871,37.942169189453125,0.018519860979869122,-0.11683686667823755,transformer,0.891,1.0,-0.10899999999999999,1.0,0.6929577464788732,0.564070463180542,1.0,-0.435929536819458,1.0,-0.22797071933746338,0.9992353320121765,1.0,1.0,2,0.001,3.1575709158460086e-08,3.157570560574641e-08,3.4607288653439993e-15,0.0,0.0,0.0,1.0,0.868,0.5289480090141296,0.9842392802238464,400,0.3215,-1.6765846014022827,0.9701187014579773,0.288,-1.7985581159591675,0.9799754023551941,0.19630685448646545,0.431640625,0.42958468198776245,407041.0,100.47088980868399,0.1574784640384619,0.9457151123597634,0.993,-2.1884220508380183,0.337,0.1,5,1.0,1.0,1.0,1.0,1.0,1.0,1.0,1.0,1.0,1.0,1.0,1.0,1.0,1.0,1.0,1.0,1.0,1.0,10000,10000,0.3645,0.25535168195718655,-0.6355,0.24378109452736318,0.5585464333781965,-1.5256564617156982,-1.9787209033966064,-2.5256564617156982,-2.0248751640319824,-0.7217085957527161,0.9969438314437866,0.234,0.05546995377503852,-0.766,0.28093158660844253,0.35993975903614456,-2.064213275909424,-2.7781193256378174,-3.064213275909424,-1.8768967390060425,-1.5602390766143799,0.99957674741745,-0.07699999999999999,"[1, 2, 3, 4, 5, 6, 7, 8, 9]",0.0,128
latent,256,1.0,1.0,1.0,1.0,0.9991826415061951,1.0,1.0,0.9975452423095703,0.9991980791091919,moderate,1.0,0.0,1.0,1.0,1.0,none,v2_c-none_d-mixed_a-latent_p-moderate_s-00,mixed,134.2775959968567,7.469283580780029,0.99999948340938,0.9999991596215734,transformer,1.0,1.0,0.0,1.0,1.0,0.9999886751174927,1.0,-1.1324882507324219e-05,1.0,0.9999679923057556,0.9998528957366943,1.0,1.0,2,0.001,3.337569796713069e-05,7.181992600635567e-08,5.5905757411604e-16,2.6261310267727822e-05,5.216334102442488e-07,6.520934402942657e-05,1.0,0.903,0.6666533946990967,0.9671478271484375,400,0.283,-1.667016863822937,0.9523179531097412,0.2235,-1.8483432531356812,0.9275285601615906,0.9962092638015747,0.001953125,0.004044545814394951,105217.0,51.005509463619944,0.15724401791421347,0.9999949606132006,1.0,0.9673643043368471,0.999,0.1,0,1.0,1.0,1.0,1.0,1.0,1.0,1.0,1.0,1.0,1.0,1.0,1.0,0.9999998807907104,1.0,1.0,1.0,1.0,0.9999998807907104,10000,10000,0.9765,1.0,-0.023499999999999965,1.0,0.9367429340511441,0.9477285742759705,1.0,-0.05227142572402954,1.0,0.8592963218688965,0.9885138273239136,1.0,1.0,0.0,1.0,1.0,0.9999692440032959,1.0,-3.075599670410156e-05,1.0,0.9999072551727295,0.9999107718467712,0.0,"[1, 2, 3, 4, 5, 6, 7, 8, 9]",0.0,64
latent,256,1.0,1.0,1.0,1.0,1.0,1.0,1.0,0.9999998807907104,0.9999897480010986,moderate,1.0,0.0,1.0,1.0,1.0,none,v2_c-none_d-mixed_a-latent_p-moderate_s-01,mixed,118.45927786827087,7.963457107543945,0.9999941685532447,0.99997904394584,transformer,1.0,1.0,0.0,1.0,1.0,1.0,1.0,0.0,1.0,1.0,0.9999966025352478,1.0,1.0,2,0.001,0.00016961211804300547,9.713819508760935e-07,2.7037217950609538e-12,0.00015369613538496196,9.877480806608219e-07,0.00013956846669316292,1.0,0.9235,0.7352638840675354,0.9668415188789368,400,0.268,-1.8177282810211182,0.9447985291481018,0.166,-2.18377947807312,0.9533874988555908,0.9975699186325073,0.0,1.7291436961386353e-05,105217.0,50.40690035046962,0.15539857605701649,0.9999761930874148,1.0,0.9891200375248347,1.0,0.1,1,1.0,1.0,1.0,1.0,1.0,1.0,1.0,1.0,1.0,1.0,1.0,1.0,0.9999984502792358,1.0,1.0,1.0,1.0,0.9999988079071045,10000,10000,0.9335,1.0,-0.0665,1.0,0.8209959623149394,0.7375864386558533,1.0,-0.26241356134414673,1.0,0.293637752532959,0.9912739396095276,0.9825,1.0,-0.01749999999999996,0.9810771470160117,0.9668674698795181,0.9381881356239319,1.0,-0.061811864376068115,0.9372277855873108,0.8787662386894226,0.9972186088562012,-0.01749999999999996,"[1, 2, 3, 4, 5, 6, 7, 8, 9]",0.0,64
latent,256,1.0,1.0,1.0,1.0,0.9996854662895203,1.0,1.0,0.9990555047988892,0.9997180104255676,moderate,1.0,0.0,1.0,1.0,1.0,none,v2_c-none_d-mixed_a-latent_p-moderate_s-02,mixed,110.00022768974304,8.00835132598877,0.9999995140191267,0.9999990665185068,transformer,0.9815,1.0,-0.01849999999999996,1.0,0.9478873239436619,0.9390090703964233,1.0,-0.06099092960357666,1.0,0.8281944394111633,0.9950856566429138,1.0,1.0,2,0.001,1.3985410078021232e-05,1.3909343010709563e-07,4.587300684642348e-16,5.43189344170969e-06,2.4644447194077657e-07,8.167978376150131e-05,1.0,0.9,0.6440045237541199,0.970890998840332,400,0.4295,-1.072656512260437,0.9527190327644348,0.479,-0.9632085561752319,0.9564110636711121,0.9966226816177368,0.0,0.0010502113727852702,105217.0,50.79785729653651,0.15660385057887724,0.9999918343943982,1.0,0.9944167134191695,1.0,0.1,2,1.0,1.0,1.0,1.0,1.0,1.0,1.0,1.0,1.0,1.0,1.0,1.0,0.9999998807907104,1.0,1.0,1.0,1.0,0.9999998807907104,10000,10000,0.9395,1.0,-0.0605,1.0,0.8371467025572006,0.758696436882019,1.0,-0.24130356311798096,1.0,0.35046133399009705,0.9979766607284546,0.9895,1.0,-0.010499999999999954,1.0,0.9683734939759037,0.95767742395401,1.0,-0.04232257604598999,1.0,0.8725223541259766,0.9996156692504883,-0.010499999999999954,"[1, 2, 3, 4, 5, 6, 7, 8, 9]",0.0,64
latent,256,1.0,1.0,1.0,1.0,0.9999999403953552,1.0,1.0,0.9999998211860657,0.9999940991401672,moderate,1.0,0.0,1.0,1.0,1.0,none,v2_c-none_d-mixed_a-latent_p-moderate_s-03,mixed,124.53646516799927,7.8990278244018555,0.9999995174321159,0.9999988063035286,transformer,0.9405,1.0,-0.0595,1.0,0.8323943661971831,0.7823941707611084,1.0,-0.2176058292388916,1.0,0.38702574372291565,0.9941801428794861,1.0,1.0,2,0.001,2.7055688406107947e-05,8.994726385935792e-07,7.52329920366765e-14,1.5717036148998886e-05,1.3721354719109513e-07,0.00010301964357495308,1.0,0.8755,0.5278629064559937,0.986445426940918,400,0.6505,-0.3087017834186554,0.9632399082183838,0.715,-0.03498366102576256,0.9569035768508911,0.9984983205795288,0.0,1.0326805750082713e-05,105217.0,50.661508798169166,0.15618350411149917,0.999992465779405,1.0,0.9923143997159963,1.0,0.1,3,1.0,1.0,1.0,1.0,1.0,1.0,1.0,1.0,1.0,1.0,1.0,1.0,0.9999991655349731,1.0,1.0,1.0,1.0,0.9999992251396179,10000,10000,0.952,1.0,-0.04800000000000004,1.0,0.8707940780619112,0.8099457025527954,1.0,-0.1900542974472046,1.0,0.4884135127067566,0.9992972016334534,0.995,1.0,-0.0050000000000000044,1.0,0.9849397590361446,0.9802769422531128,1.0,-0.019723057746887207,1.0,0.9405932426452637,0.9999510049819946,-0.0050000000000000044,"[1, 2, 3, 4, 5, 6, 7, 8, 9]",0.0,64
latent,256,0.997,1.0,1.0,0.990990990990991,0.9874244332313538,1.0,1.0,0.9622357487678528,0.999242901802063,moderate,1.0,0.0,1.0,1.0,1.0,none,v2_c-none_d-mixed_a-latent_p-moderate_s-04,mixed,121.29615950584412,8.178670883178711,0.9999998778896482,0.9999998044928968,transformer,1.0,1.0,0.0,1.0,1.0,0.9999999403953552,1.0,-5.960464477539063e-08,1.0,0.9999998211860657,0.9999736547470093,1.0,1.0,2,0.001,7.620687938469928e-06,3.80773599317763e-07,1.4301033230898486e-14,2.3920813418953912e-06,8.337244139511313e-08,4.764460027217865e-05,1.0,0.897,0.6519726514816284,0.9780718088150024,400,0.6335,-0.2856532335281372,0.9404332041740417,0.77,0.20399335026741028,0.9485973119735718,0.9941390752792358,0.005859375,0.00725328316912055,105217.0,50.815435661262484,0.15665804262061825,0.999996886628217,1.0,0.9922522836557705,0.993,0.1,4,1.0,1.0,1.0,1.0,1.0,1.0,1.0,1.0,1.0,1.0,1.0,1.0,0.9999995231628418,1.0,1.0,1.0,1.0,0.9999996423721313,10000,10000,1.0,1.0,0.0,1.0,1.0,0.9998350739479065,1.0,-0.00016492605209350586,1.0,0.9995560646057129,0.9992368817329407,1.0,1.0,0.0,1.0,1.0,0.9998627305030823,1.0,-0.0001372694969177246,1.0,0.9995865225791931,0.9998636245727539,0.0030000000000000027,"[1, 2, 3, 4, 5, 6, 7, 8, 9]",0.0,64
latent,256,1.0,1.0,1.0,1.0,1.0,1.0,1.0,1.0,0.9999959468841553,moderate,1.0,0.0,1.0,1.0,1.0,none,v2_c-none_d-mixed_a-latent_p-moderate_s-05,mixed,111.56361389160156,7.5698370933532715,0.9999998963913838,0.9999998362265242,transformer,1.0,1.0,0.0,1.0,1.0,1.0,1.0,0.0,1.0,1.0,0.9999995231628418,1.0,1.0,2,0.001,3.594061854528263e-05,1.5490896032588353e-07,7.936893533350663e-16,3.386085154488683e-05,4.926750563072346e-08,1.8755905330181122e-05,1.0,0.935,0.7906507849693298,0.9829896688461304,400,0.433,-1.204143762588501,0.9742767810821533,0.3995,-1.337649941444397,0.9764694571495056,0.9940171837806702,0.0,1.011092808766989e-05,105217.0,49.39367929061764,0.15227493407869136,0.9999963064457624,1.0,0.9924043433672057,1.0,0.1,5,1.0,1.0,1.0,1.0,1.0,1.0,1.0,1.0,1.0,1.0,1.0,1.0,0.9999997615814209,1.0,1.0,1.0,1.0,0.9999998807907104,10000,10000,1.0,1.0,0.0,1.0,1.0,0.9999972581863403,1.0,-2.7418136596679688e-06,1.0,0.9999926090240479,0.999889075756073,0.994,1.0,-0.006000000000000005,1.0,0.9819277108433735,0.9909698367118835,1.0,-0.009030163288116455,1.0,0.9728007316589355,0.9964040517807007,-0.006000000000000005,"[1, 2, 3, 4, 5, 6, 7, 8, 9]",0.0,64
latent,256,0.902,1.0,0.9410029498525073,0.7657657657657657,0.6214889287948608,1.0,0.7840057611465454,0.0832161232829094,0.9971618056297302,tight,0.9906103286384976,0.08984375,0.9140625,0.921875,1.0,none,v2_c-none_d-mixed_a-latent_p-tight_s-00,mixed,94.2645890712738,7.007716178894043,0.9999996313658432,0.999999155606233,transformer,0.994,1.0,-0.006000000000000005,1.0,0.9830985915492958,0.9811905026435852,1.0,-0.018809497356414795,1.0,0.9470154643058777,0.9990253448486328,1.0,1.0,2,0.001,2.3374532247544266e-05,2.1341115825634915e-06,3.980497504415918e-15,6.438501259253826e-06,2.732386406023579e-07,0.00014528678730130196,1.0,0.9395,0.7927373051643372,0.9888207316398621,700,0.2935,-1.8131579160690308,0.9932794570922852,0.2325,-2.0509350299835205,0.9939609169960022,0.744970440864563,0.158203125,0.15297523140907288,28033.0,35.27185066171736,0.21066551945023776,0.9999892759921947,1.0,0.834154994521805,0.914,0.1,0,1.0,1.0,1.0,1.0,1.0,1.0,1.0,1.0,1.0,1.0,1.0,1.0,0.9999980330467224,1.0,1.0,1.0,1.0,0.9999980330467224,10000,10000,0.964,1.0,-0.03600000000000003,1.0,0.9030955585464334,0.8711262941360474,1.0,-0.12887370586395264,1.0,0.653099000453949,0.9977185130119324,0.997,1.0,-0.0030000000000000027,1.0,0.9909638554216867,0.9947832226753235,1.0,-0.005216777324676514,1.0,0.9842867851257324,0.9989615678787231,0.09499999999999997,"[1, 2, 3, 4, 5, 6, 7, 8, 9]",0.0,32
latent,256,0.974,1.0,0.9970501474926253,0.924924924924925,0.8944360017776489,1.0,0.9751378297805786,0.7083010673522949,0.9959301948547363,tight,1.0,0.01953125,0.9765625,0.9765625,1.0,none,v2_c-none_d-mixed_a-latent_p-tight_s-01,mixed,105.8164050579071,7.034765720367432,0.9999965523074311,0.9999943369334906,transformer,0.996,1.0,-0.0040000000000000036,1.0,0.9887323943661972,0.9864957332611084,1.0,-0.013504266738891602,1.0,0.9619596004486084,0.9966400265693665,1.0,1.0,2,0.001,0.00011091849592048675,1.5144908047659555e-06,4.202146714361171e-14,8.524423174094409e-05,9.97311872197315e-07,0.00023162458091974258,1.0,0.8525,0.5652322769165039,0.9189537167549133,400,0.298,-1.1784894466400146,0.8570210337638855,0.235,-1.6363916397094727,0.8896741271018982,0.9132925271987915,0.056640625,0.06689108908176422,28033.0,38.150707868382064,0.2278598525370277,0.99995599866751,1.0,0.8529833697532406,0.949,0.1,1,1.0,1.0,1.0,1.0,1.0,1.0,1.0,1.0,1.0,1.0,1.0,1.0,0.9999983906745911,1.0,1.0,1.0,1.0,0.9999984502792358,10000,10000,0.9225,1.0,-0.07750000000000001,1.0,0.7913862718707941,0.725524365901947,1.0,-0.274475634098053,1.0,0.2611692547798157,0.9890446066856384,0.952,1.0,-0.04800000000000004,0.992721979621543,0.8629518072289156,0.8206645846366882,1.0,-0.17933541536331177,0.9839321970939636,0.4764576256275177,0.997714102268219,-0.02200000000000002,"[1, 2, 3, 4, 5, 6, 7, 8, 9]",0.0,32
latent,256,0.96,1.0,1.0,0.8798798798798799,0.842715859413147,1.0,1.0,0.527675211429596,0.9996428489685059,tight,1.0,0.0322265625,0.95703125,0.95703125,1.0,none,v2_c-none_d-mixed_a-latent_p-tight_s-02,mixed,106.41997456550598,7.5198283195495605,0.9999996483541522,0.9999994746864974,transformer,1.0,1.0,0.0,1.0,1.0,1.0,1.0,0.0,1.0,1.0,0.9999997615814209,1.0,1.0,2,0.001,1.8760689272312447e-05,1.320785543157399e-07,1.0130222054405201e-17,1.287259965465637e-05,8.234705717313773e-08,5.673663690686226e-05,1.0,0.9515,0.8520687818527222,0.9862132668495178,700,0.5335,-0.7233954668045044,0.9691156148910522,0.506,-0.8778905272483826,0.9750185608863831,0.9809768795967102,0.017578125,0.017118418589234352,28033.0,36.45522141325617,0.21773334859439203,0.9999911751985207,1.0,0.8816986098532649,0.964,0.1,2,1.0,1.0,1.0,1.0,1.0,1.0,1.0,1.0,1.0,1.0,1.0,1.0,0.9999998211860657,1.0,1.0,1.0,1.0,0.9999998807907104,10000,10000,0.8235,1.0,-0.1765,0.8474295190713101,0.648721399730821,0.2959290146827698,1.0,-0.7040709853172302,0.3898167610168457,-0.40000200271606445,0.99941486120224,0.913,1.0,-0.08699999999999997,0.9592430858806404,0.7801204819277109,0.6615240573883057,1.0,-0.33847594261169434,0.8390573263168335,0.14701157808303833,0.9971597790718079,-0.04699999999999993,"[1, 2, 3, 4, 5, 6, 7, 8, 9]",0.0,32
latent,256,0.982,1.0,1.0,0.9459459459459459,0.9449858665466309,1.0,1.0,0.8347923755645752,0.993977427482605,tight,1.0,0.0322265625,0.9921875,0.9921875,1.0,none,v2_c-none_d-mixed_a-latent_p-tight_s-03,mixed,109.81765508651733,7.3345441818237305,0.9999926814130101,0.9999893647207194,transformer,1.0,1.0,0.0,1.0,1.0,1.0,1.0,0.0,1.0,1.0,0.9999994039535522,1.0,1.0,2,0.001,0.00012103382323402911,3.0602441825067217e-07,6.848335917450377e-15,0.00010369507072027773,3.216704044461949e-06,0.00013816030696034431,1.0,0.9645,0.8712557554244995,0.9930075407028198,700,0.5625,-0.7559769153594971,0.9860070943832397,0.569,-0.6756725907325745,0.9856067895889282,0.973651647567749,0.017578125,0.01846531219780445,28033.0,37.00736719688022,0.22103110802967071,0.9999414305037039,1.0,0.9331776641851257,0.989,0.1,3,1.0,1.0,1.0,1.0,1.0,1.0,1.0,1.0,1.0,1.0,1.0,1.0,0.9999996423721313,1.0,1.0,1.0,1.0,0.9999996423721313,10000,10000,0.957,1.0,-0.04300000000000004,1.0,0.8842530282637954,0.8281476497650146,1.0,-0.17185235023498535,1.0,0.5374095439910889,0.9995913505554199,0.962,1.0,-0.038000000000000034,0.9868995633187773,0.8990963855421686,0.8599139451980591,1.0,-0.14008605480194092,0.9474509358406067,0.6324232816696167,0.9967136383056641,-0.020000000000000018,"[1, 2, 3, 4, 5, 6, 7, 8, 9]",0.0,32
latent,256,0.983,1.0,1.0,0.948948948948949,0.9359237551689148,1.0,1.0,0.8075788617134094,0.9994539618492126,tight,1.0,0.0205078125,0.98828125,0.98828125,1.0,none,v2_c-none_d-mixed_a-latent_p-tight_s-04,mixed,107.50206470489502,6.900162220001221,0.9999991780787372,0.9999975154752214,transformer,1.0,1.0,0.0,1.0,1.0,1.0,1.0,0.0,1.0,1.0,0.9999993443489075,1.0,1.0,2,0.001,1.6901194612728432e-05,4.108239863853669e-07,2.0571145389158385e-16,4.648969479603693e-06,5.286249233904528e-07,0.00011312775313854218,1.0,0.9075,0.7050886154174805,0.9647266864776611,400,0.197,-2.0111451148986816,0.9598225355148315,0.1775,-2.0749971866607666,0.9507707357406616,0.9795231819152832,0.013671875,0.015907244756817818,28033.0,36.515608925770124,0.2180940205311744,0.999992061857031,1.0,0.9211015208404718,0.989,0.1,4,1.0,1.0,1.0,1.0,1.0,1.0,1.0,1.0,1.0,1.0,1.0,1.0,0.9999996423721313,1.0,1.0,1.0,1.0,0.9999996423721313,10000,10000,0.9435,1.0,-0.056499999999999995,1.0,0.847913862718708,0.7740007042884827,1.0,-0.22599929571151733,1.0,0.3916574716567993,0.9999971389770508,0.971,1.0,-0.029000000000000026,1.0,0.9126506024096386,0.8841577172279358,1.0,-0.11584228277206421,1.0,0.651077389717102,0.9978066086769104,-0.01200000000000001,"[1, 2, 3, 4, 5, 6, 7, 8, 9]",0.0,32
latent,256,0.992,1.0,1.0,0.975975975975976,0.9750568866729736,1.0,1.0,0.9250956773757935,0.9970258474349976,tight,1.0,0.015625,0.99609375,0.99609375,1.0,none,v2_c-none_d-mixed_a-latent_p-tight_s-05,mixed,112.7916989326477,6.744823932647705,0.99935316657733,0.9980931762734575,transformer,1.0,1.0,0.0,1.0,1.0,0.9999978542327881,1.0,-2.1457672119140625e-06,1.0,0.9999939799308777,0.999847948551178,1.0,1.0,2,0.001,0.0002625035122036934,1.4067055417399388e-05,4.847471313240703e-09,0.00010557410132605582,6.046409907867201e-05,0.0008239340968430042,1.0,0.885,0.6344786882400513,0.9510084986686707,400,0.4265,-0.8846839666366577,0.9012771248817444,0.3335,-1.439780354499817,0.9258009195327759,0.9887099266052246,0.0078125,0.00989515334367752,28033.0,35.30341121734395,0.2108540187980316,0.9998020799901167,1.0,0.9632903985261446,0.98,0.1,5,1.0,1.0,1.0,1.0,1.0,1.0,1.0,1.0,1.0,1.0,1.0,1.0,0.9999876618385315,1.0,1.0,1.0,1.0,0.9999869465827942,10000,10000,0.97,1.0,-0.030000000000000027,1.0,0.9192462987886945,0.888778805732727,1.0,-0.11122119426727295,1.0,0.7006158232688904,0.9943989515304565,0.9995,1.0,-0.0004999999999999449,1.0,0.9984939759036144,0.9972010850906372,1.0,-0.002798914909362793,1.0,0.9915695190429688,0.9975072145462036,0.007500000000000062,"[1, 2, 3, 4, 5, 6, 7, 8, 9]",0.0,32
latent,256,0.968,0.9939024390243902,0.9174041297935103,0.993993993993994,0.8720082640647888,0.9756101369857788,0.669636070728302,0.9759805798530579,0.999971330165863,wide,1.0,0.03515625,0.98046875,0.98046875,1.0,none,v2_c-none_d-mixed_a-latent_p-wide_s-00,mixed,103.35696339607239,8.408896446228027,0.9998111041315881,0.9995113134193548,transformer,0.9405,1.0,-0.0595,1.0,0.8323943661971831,0.7639228701591492,1.0,-0.23607712984085083,1.0,0.33499395847320557,0.998361349105835,1.0,1.0,2,0.001,0.00021666761313099414,2.647622068252531e-06,6.0259371277571194e-12,8.430244633927941e-05,3.517577351885848e-05,0.0009454176761209965,1.0,0.932,0.744672954082489,0.9908345937728882,400,0.697,-0.0758567750453949,0.9555134773254395,0.71,-0.04742757976055145,0.9555217623710632,0.9437110424041748,0.044921875,0.04496363550424576,407041.0,74.18389725162136,0.11627612951192023,0.999921541418494,1.0,0.8795842375496618,0.966,0.1,0,1.0,1.0,1.0,1.0,1.0,1.0,1.0,1.0,1.0,1.0,1.0,1.0,0.9999971389770508,1.0,1.0,1.0,1.0,0.999997079372406,10000,10000,0.8965,1.0,-0.10350000000000004,0.9585406301824212,0.7550471063257066,0.5881363153457642,1.0,-0.41186368465423584,0.834231436252594,0.02588297240436077,0.996530294418335,0.9925,0.9907550077041603,-0.007499999999999951,0.9941775836972343,0.9924698795180723,0.9700015783309937,0.9630241394042969,-0.029998421669006348,0.9767110347747803,0.9698798656463623,0.9999442100524902,0.024500000000000077,"[1, 2, 3, 4, 5, 6, 7, 8, 9]",0.0,128
latent,256,0.973,1.0,1.0,0.918918918918919,0.9035028219223022,1.0,1.0,0.7102187275886536,0.9970905780792236,wide,1.0,0.03125,0.984375,0.984375,1.0,none,v2_c-none_d-mixed_a-latent_p-wide_s-01,mixed,107.98804521560669,8.387822151184082,0.999997747099039,0.9999952806330304,transformer,1.0,1.0,0.0,1.0,1.0,1.0,1.0,0.0,1.0,1.0,0.9999988079071045,1.0,1.0,2,0.001,7.987973731360398e-06,3.8244206734816544e-07,2.060027749919242e-15,2.4491675958415726e-06,2.755972900558845e-06,2.4003908038139343e-05,1.0,0.948,0.812808096408844,0.9870071411132812,400,0.5795,-0.4785003066062927,0.9307050108909607,0.5355,-0.6282341480255127,0.925167441368103,0.938421368598938,0.029296875,0.031652167439460754,407041.0,71.5672251987842,0.11217474754389126,0.9999987860301373,1.0,0.9134428230423103,0.96,0.1,1,1.0,1.0,1.0,1.0,1.0,1.0,1.0,1.0,1.0,1.0,1.0,1.0,0.9999995827674866,1.0,1.0,1.0,1.0,0.9999996423721313,10000,10000,0.924,1.0,-0.07599999999999996,1.0,0.7954239569313594,0.6965421438217163,1.0,-0.3034578561782837,1.0,0.1831550896167755,0.9965965747833252,0.975,1.0,-0.025000000000000022,1.0,0.9246987951807228,0.9012759923934937,1.0,-0.09872400760650635,1.0,0.702638566493988,0.9990565180778503,0.0020000000000000018,"[1, 2, 3, 4, 5, 6, 7, 8, 9]",0.0,128
latent,256,1.0,1.0,1.0,1.0,1.0,1.0,1.0,1.0,0.9999986290931702,wide,1.0,0.0,1.0,1.0,1.0,none,v2_c-none_d-mixed_a-latent_p-wide_s-02,mixed,103.26939010620117,8.210750579833984,0.9999934693228774,0.9999866760971603,transformer,0.9445,1.0,-0.055499999999999994,1.0,0.8436619718309859,0.7814229726791382,1.0,-0.21857702732086182,1.0,0.3842901587486267,0.9959819316864014,1.0,1.0,2,0.001,3.9586553612025455e-05,7.961349410834373e-07,7.668907555432453e-14,1.2459571735234931e-05,2.73625596491911e-06,0.0002359459176659584,1.0,0.9075,0.6483737230300903,0.9914955496788025,400,0.7395,0.04597872868180275,0.9747486114501953,0.775,0.21886266767978668,0.9539440274238586,0.9979265928268433,0.0,6.364192586261197e-07,407041.0,74.076396097171,0.11610763178369826,0.9999895269924665,1.0,0.9902425039823343,1.0,0.1,2,1.0,1.0,1.0,1.0,1.0,1.0,1.0,1.0,1.0,1.0,1.0,1.0,0.9999992251396179,1.0,1.0,1.0,1.0,0.9999992847442627,10000,10000,0.893,0.8746177370030581,-0.10699999999999998,1.0,0.8223418573351279,0.5816729664802551,0.4984806180000305,-0.4183270335197449,1.0,0.3153965473175049,0.9984860420227051,0.993,1.0,-0.007000000000000006,0.9796215429403202,1.0,0.9717435240745544,1.0,-0.028256475925445557,0.9182648658752441,0.9994564652442932,0.9993661046028137,-0.007000000000000006,"[1, 2, 3, 4, 5, 6, 7, 8, 9]",0.0,128
latent,256,1.0,1.0,1.0,1.0,0.9983076453208923,1.0,1.0,0.9949176907539368,0.9990532398223877,wide,1.0,0.0,0.99609375,0.99609375,1.0,none,v2_c-none_d-mixed_a-latent_p-wide_s-03,mixed,105.13511991500854,8.243291854858398,0.9999981835978902,0.9999959692020327,transformer,0.927,1.0,-0.07299999999999995,1.0,0.7943661971830986,0.7288219928741455,1.0,-0.2711780071258545,1.0,0.23611824214458466,0.9953227043151855,1.0,1.0,2,0.001,2.941490129160229e-05,1.6537083524781337e-07,4.4021664297785174e-14,2.2287647880148143e-05,1.1250047009525588e-06,5.8368779718875885e-05,1.0,0.894,0.6030368804931641,0.9904197454452515,400,0.839,0.38441476225852966,0.9932643175125122,0.925,0.718733012676239,0.9931259155273438,0.9975485801696777,0.0,2.966565079987049e-05,407041.0,71.19980481271196,0.1115988513995926,0.9999956466897181,1.0,0.9931767584130277,0.998,0.1,3,1.0,1.0,1.0,1.0,1.0,1.0,1.0,1.0,1.0,1.0,1.0,1.0,0.9999998211860657,1.0,1.0,1.0,1.0,0.9999998807907104,10000,10000,0.943,1.0,-0.05700000000000005,1.0,0.8465679676985195,0.7721945643424988,1.0,-0.22780543565750122,1.0,0.38679561018943787,0.9995506405830383,0.9985,1.0,-0.0014999999999999458,1.0,0.9954819277108434,0.9970669150352478,1.0,-0.0029330849647521973,1.0,0.9911651611328125,0.9993730187416077,-0.0014999999999999458,"[1, 2, 3, 4, 5, 6, 7, 8, 9]",0.0,128
latent,256,1.0,1.0,1.0,1.0,1.0,1.0,1.0,1.0,0.9999998807907104,wide,1.0,0.0,1.0,1.0,1.0,none,v2_c-none_d-mixed_a-latent_p-wide_s-04,mixed,111.25201654434204,8.39709186553955,0.9999999685066316,0.9999999450124459,transformer,1.0,1.0,0.0,1.0,1.0,1.0,1.0,0.0,1.0,1.0,0.9999995231628418,1.0,1.0,2,0.001,3.899166586052161e-06,1.644071687678661e-07,1.8853884026784817e-15,1.756340225256281e-06,7.64762475569114e-09,1.970771700143814e-05,1.0,0.971,0.9116970300674438,0.9865689873695374,400,0.3445,-1.4399352073669434,0.9527890086174011,0.208,-2.104714870452881,0.9715371131896973,0.999586284160614,0.0,4.981241019663685e-08,407041.0,72.56759344738079,0.11374272863335723,0.9999985462114411,1.0,0.9871064203176811,1.0,0.1,4,1.0,1.0,1.0,1.0,1.0,1.0,1.0,1.0,1.0,1.0,1.0,1.0,0.9999997615814209,1.0,1.0,1.0,1.0,0.9999998807907104,10000,10000,0.943,1.0,-0.05700000000000005,1.0,0.8465679676985195,0.7811177968978882,1.0,-0.21888220310211182,1.0,0.4108150601387024,0.9959338307380676,1.0,1.0,0.0,1.0,1.0,1.0,1.0,0.0,1.0,1.0,0.9999992847442627,0.0,"[1, 2, 3, 4, 5, 6, 7, 8, 9]",0.0,128
latent,256,1.0,1.0,1.0,1.0,1.0,1.0,1.0,1.0,0.9999963641166687,wide,1.0,0.0,1.0,1.0,1.0,none,v2_c-none_d-mixed_a-latent_p-wide_s-05,mixed,97.08359885215759,8.622982025146484,0.9999736150410095,0.9999522390067235,transformer,0.955,1.0,-0.04500000000000004,1.0,0.8732394366197183,0.8286258578300476,1.0,-0.1713741421699524,1.0,0.5172560811042786,0.9953628778457642,1.0,1.0,2,0.001,0.00010086265683639795,1.9377275748411193e-06,2.646351020263449e-12,4.146988794673234e-05,7.306488896574592e-06,0.0005014855414628983,1.0,0.9315,0.8019253015518188,0.9777393341064453,400,0.099,-2.343118667602539,0.9460850954055786,0.2375,-1.9147553443908691,0.9603434801101685,0.9993986487388611,0.0,3.8395000956370495e-06,407041.0,72.56860515205132,0.1137443143831986,0.9999729293163464,1.0,0.997959486628367,1.0,0.1,5,1.0,1.0,1.0,1.0,1.0,1.0,1.0,1.0,1.0,1.0,1.0,1.0,0.9999977946281433,1.0,1.0,1.0,1.0,0.9999978542327881,10000,10000,0.962,1.0,-0.038000000000000034,1.0,0.8977119784656796,0.8472634553909302,1.0,-0.15273654460906982,1.0,0.5888650417327881,0.9986147284507751,1.0,1.0,0.0,1.0,1.0,1.0,1.0,0.0,1.0,0.9999998807907104,0.9999912977218628,0.0,"[1, 2, 3, 4, 5, 6, 7, 8, 9]",0.0,128
